Date,ADS.DE,AIR.DE,ALV.DE,BAS.DE,BAYN.DE,BEI.DE,BMW.DE,BNR.DE,CBK.DE,CON.DE,DB1.DE,DBK.DE,DHL.DE,DTE.DE,DTG.DE,ENR.DE,EOAN.DE,FME.DE,FRE.DE,HEN3.DE,HNR1.DE,IFX.DE,MBG.DE,MRK.DE,MTX.DE,MUV2.DE,P911.DE,PAH3.DE,QIA.DE,RHM.DE,RWE.DE,SAP.DE,SHL.DE,SIE.DE,SRT3.DE,SY1.DE,VNA.DE,VOW3.DE,WCH.DE,ZAL.DE
2017-01-02,445138,89712,855478,1245318,1217856,173115,774391,110032,6626337,233300,47290,5657913,1451574.0,5887148,,,6957428,380089,687054,247350,54858,2165265,2399347,201509,56644,273988,,200552,130333,107279,3706107,1121699,,1161592,21933,129904,724361,947388,63638,142055
2017-01-03,641172,136548,1623857,2806564,1774642,381626,1514253,229600,15602528,457462,170159,15509039,2548784.0,7079500,,,10582812,507886,1068544,409112,106484,3853360,4980484,387435,123394,504381,,535104,213728,164311,4979070,1801855,,2241748,69412,238849,2035145,2065730,146035,483411
2017-01-04,618563,143517,1221389,1955701,2069588,244616,1224694,217878,16591646,354258,159109,14429132,3020514.0,9135720,,,8110881,501102,958017,295647,120964,3795852,3501079,283154,182695,348636,,449377,263374,110506,3354236,2067356,,1826651,46338,236792,1596298,1570153,114505,539248
2017-01-05,739147,190198,1469189,1753933,1922551,227196,967699,204160,13248085,334149,190216,15983433,3778146.0,7221612,,,6821258,524049,905509,249505,215242,2659112,3824521,411252,131958,558838,,438944,173456,144280,2357164,1617422,,1992760,30913,309992,2084592,984929,80067,319191
2017-01-06,641054,91251,965147,1518979,1614471,162129,969606,267722,10229471,594076,77561,11183917,2302489.0,7530013,,,7002514,697152,659815,255181,95482,3083505,2558777,235813,135286,527828,,264342,194534,89252,3304833,1890644,,1611389,22121,182857,1559485,795889,83492,308847
2017-01-09,583147,81273,963965,1398151,1973122,216127,1413820,292645,9219554,683518,118433,9424443,2638643.0,8138696,,,6713309,2815020,2061287,317869,103867,3832968,3275069,270634,143213,428845,,687941,190456,86503,2787562,2393595,,1735815,55680,227624,1270410,2936933,100608,235413
2017-01-10,460627,180414,1079462,1656378,2175344,251458,1252387,252963,13217353,657837,96981,12886961,2727733.0,9147763,,,11885718,1580662,1132915,361287,168495,3436699,3455695,260163,144662,372569,,554196,208379,113880,3152845,1917100,,2483526,40264,286311,1565943,2345934,152119,283978
2017-01-11,412401,117411,1069138,1863541,1453622,508830,1438353,538026,9529297,548272,42847,10375661,2984476.0,9500115,,,26015232,880120,910917,664679,97453,3423403,4257393,403444,198158,440109,,916449,365773,165424,7220067,1909354,,2871822,53581,367730,1489914,3083904,113760,460474
2017-01-12,534037,131887,1262387,1487913,1839270,378633,2233218,378025,11170219,708102,63310,9782350,2604394.0,11429327,,,21858592,812314,856971,420485,106023,3681358,8285049,431803,163789,489762,,906309,297433,147453,7069116,1660287,,2306751,89580,322415,1600829,2087746,122205,674495
2017-01-13,487101,116075,1038182,1566144,1770664,287961,1908167,233241,13766479,525044,30487,13769051,2395196.0,6525549,,,12281550,785504,922612,352958,96303,2796723,4630368,402853,119211,452562,,645126,197525,142670,3477907,1406227,,2150557,62079,290071,1431384,1682289,100106,622717
2017-01-16,351401,105547,936286,1215592,1042022,318056,1384090,170866,8556767,249037,23919,8743192,1640456.0,4629061,,,10568475,629611,884054,316182,91535,2697509,3703981,267174,79777,297112,,518056,158352,142637,5187701,1099899,,1476864,58873,224056,1160959,982722,76394,373425
2017-01-17,433069,161318,1427607,1953765,1724265,619334,1480197,218506,9940301,415745,59916,12488082,2724104.0,6412602,,,8101383,699252,845341,435965,121494,3125606,4017529,381001,155982,545357,,449679,241920,221449,4234291,1578494,,1880785,56696,376416,1524518,1407380,235641,1846133
2017-01-18,680676,79366,1125000,1657978,2009093,327983,1077436,241505,10127118,358213,49502,13126822,2242639.0,6166882,,,16499610,637261,1083269,351721,154607,3575999,2483163,503055,145352,470132,,469237,313885,347529,3639119,1826093,,1764959,47227,368887,1506229,900374,167748,904016
2017-01-19,621644,138923,1214829,2619702,1983775,394472,1368684,320382,20354676,296865,25867,12802422,2535975.0,8748322,,,11817024,519555,1042512,460884,120204,2856410,3277998,445923,184859,363658,,375126,451495,247935,4696243,2178360,,2156980,91792,308859,2191406,958189,179257,378700
2017-01-20,755126,116493,1760228,2949945,2635581,430213,1646303,237373,23136969,581131,89304,16029365,3440010.0,12345678,,,11557939,714433,1477878,446367,119257,3823051,4940487,513320,140275,759299,,299543,442318,237374,3058368,3038209,,3140075,52795,235927,2179071,1185073,110277,1160243
2017-01-23,474302,122903,1529234,1711761,1778325,270677,1184095,259921,14896364,356555,59767,12018102,2705595.0,7327884,,,8137863,558797,943191,388227,111809,2898896,3198249,494254,171491,551419,,498307,366460,185478,3009109,1849358,,1973976,59263,320666,2425952,2461860,137539,381559
2017-01-24,582573,70537,2109825,1797797,1658176,291506,1069901,208592,11479725,386280,99562,11028562,2068766.0,11835659,,,10188164,480553,837015,312181,119527,3087437,3637717,401703,109469,444522,,401228,513344,194484,3573233,2709377,,1928256,48138,211676,2248286,1398383,89117,462099
2017-01-25,600743,129991,2458748,2364192,2929752,368016,1745950,329623,24957947,510009,123339,22154704,2946857.0,11444416,,,10523803,756743,983802,504342,133965,6204381,5088128,428526,124588,629687,,558333,363902,237797,7642266,2687571,,2857360,135320,273601,2420154,1751077,137190,678831
2017-01-26,504806,96913,1539238,2084688,3271271,349440,1295080,331617,20416057,409286,110184,15412097,1974569.0,9052003,,,8232211,1072108,1098583,421187,111396,4850077,4097379,417171,122418,645517,,383200,485726,255871,3527709,1966701,,1990761,89614,228117,2373410,1112311,154774,411594
2017-01-27,698509,69043,1193485,2077175,1715270,413948,1340989,408838,12454133,423307,197101,10337478,1596832.0,5991210,,,6719932,380342,872304,365773,72842,3328013,4131140,342622,131658,476321,,289482,397391,175633,3306236,1636673,,2063416,100304,246921,1717755,1310558,104382,527862
2017-01-30,629433,131722,1342261,1624805,1920584,337746,1538027,331821,9437467,526774,102484,9603479,2533467.0,6156570,,,13393862,538665,809501,383355,93361,3312685,3726508,238476,242197,506596,,334907,420669,198501,4814915,1815240,,2591869,132582,244341,1590902,1364761,76363,360081
2017-01-31,1333715,132610,1710878,2483410,2859640,387965,2052243,326624,15593031,550298,109655,14032979,4216202.0,7848683,,,14253887,731757,1284017,481944,151455,4506189,5001716,369942,198966,585070,,436612,635811,365673,3927331,2460058,,3992107,405427,716602,1982662,1615633,148568,682085
2017-02-01,807251,128603,1291977,2483034,1870991,282105,1352724,283799,13822842,729354,102373,14965497,2848317.0,10879331,,,12254469,832964,1090942,614605,104000,4812830,4828162,353186,138085,610610,,323147,630320,264299,4362532,2332014,,6832828,243378,408925,2463456,1078447,365100,538409
2017-02-02,466670,53252,951510,1632446,1372514,302451,1294157,314268,11430052,569270,170963,28631586,1688948.0,7006478,,,9721488,528189,872219,536839,172927,7318641,11046507,263537,74303,547777,,312032,798890,195761,3397995,2535752,,3870279,127478,354670,1718003,998554,152309,314782
2017-02-03,509997,60848,1034327,2108247,1361887,265930,1084952,317240,10895198,1202069,56680,16501396,1910504.0,6085523,,,13307893,673017,873211,409691,160393,5270316,5193876,328280,99386,611564,,236157,385326,224851,3169505,1791065,,2214248,90634,360838,1394539,765096,95067,464758
2017-02-06,965588,83542,1675926,2383760,1969825,310415,1739679,332232,16758188,736930,133090,13810355,2476691.0,10222413,,,10687733,619076,1319102,473093,176275,5985120,4899104,367079,113104,637668,,470572,409425,259776,3438341,2418074,,3235710,128646,434841,1910101,1243901,104576,301594
2017-02-07,578766,98987,1181084,2242727,1703196,329842,1084469,279572,10813798,426138,142249,10955734,1825729.0,7760499,,,6125955,533144,871649,438987,175197,4535070,4529395,325867,132849,1047688,,302741,478856,147211,3866371,1563609,,2369085,76778,449948,2174558,741277,130722,286486
2017-02-08,480704,122339,1293333,2387166,2101487,354167,1552697,229342,17169337,539716,87619,16256155,2849707.0,8972554,,,9371655,588327,970413,478946,147106,4312484,4465350,548056,120112,650878,,395649,337939,137503,5678060,2341062,,3375868,106248,429188,3543315,1049799,98099,319943
2017-02-09,642175,114764,1394096,2010088,2608040,481054,1786771,278793,25711340,381074,43907,10696468,3129045.0,9542375,,,12535086,601851,995958,540416,173477,8850296,4788317,354945,131121,550693,,519996,348638,146095,5872236,1597555,,2430964,63281,502243,2916320,1286343,123064,576854
2017-02-10,473664,93651,1029765,1481949,1460989,447747,1225759,182164,15616240,364667,43619,9377818,2052738.0,7409204,,,7274426,685231,821942,494615,155597,5472513,3971245,458196,188036,604061,,227157,349832,120979,4665644,1838615,,1702442,171511,388467,1856075,995836,67670,341589
2017-02-13,415760,135317,1061521,1992778,1138213,191428,1707298,182881,15305585,291728,79190,8299897,2289937.0,8513883,,,12462574,370519,767858,246116,155200,3872774,3763276,383997,162949,391019,,331057,360748,117073,3011675,1654276,,1936969,81528,256714,1856399,1006323,140288,233482
2017-02-14,411384,96839,926973,1220713,1207532,195546,1196841,194013,12161512,406339,69056,9651025,1983326.0,7733289,,,9158050,504354,944540,377400,111558,3093639,3445716,306278,129815,393212,,350811,364509,480348,6121365,1428333,,1472101,57875,336370,2003400,942897,84841,210583
2017-02-15,450100,77774,1123805,1819991,1423954,195857,1047116,201909,16751003,436525,73089,16075386,2028070.0,8009188,,,8495661,430312,720930,355063,110480,4589925,4017262,429277,144236,603312,,298421,413418,165949,4383424,1396309,,2359115,111485,255434,2521416,1012475,76151,227269
2017-02-16,572259,121304,1421054,1668655,1635932,281890,1230592,329047,11015419,349685,103967,7993134,2721620.0,7361569,,,8469225,459861,918032,438444,123109,5199539,3230850,600083,139837,456475,,345467,404924,164411,3761774,1456154,,2100237,76549,360032,1726351,966444,78510,209609
2017-02-17,678885,119215,3374519,1997092,2085503,727878,1300475,201438,14062412,387685,114537,16373153,2554244.0,8055998,,,9265519,810364,960869,904931,167272,4809299,4311235,539307,135078,545391,,359501,359505,273510,4284466,1834661,,2447167,82123,384630,2029649,1903272,78282,304681
2017-02-20,329148,166111,1544490,1226412,1155217,427395,852443,176189,6258968,170535,45303,6259868,1310632.0,12507363,,,7151697,447860,662174,503983,89421,2418537,2240812,241084,89637,245743,,172530,196585,187413,3319793,1143729,,1138073,49327,261055,884282,746896,95966,276625
2017-02-21,521084,191138,1814879,1715267,2293337,427239,1408494,263310,11286033,380886,73825,8810514,1947812.0,7532966,,,8934462,852850,1409733,361245,92533,4402304,4850973,406343,185374,373910,,269335,359078,209797,3491450,2016614,,3410510,48085,278710,1666556,1090331,92108,279664
2017-02-22,683490,341281,1922537,1963390,3434369,658739,1203491,257834,13767516,313076,56613,8155333,2624477.0,10205335,,,8137318,1404102,1768023,671032,119906,3522842,4464759,553833,169153,569081,,337164,467896,140915,9499356,2086913,,2605873,86004,405240,2499765,1789289,114175,385725
2017-02-23,356447,294991,1474615,1686238,2668283,396951,1199782,279075,10514042,455168,42568,8846954,2345417.0,6228761,,,6321485,613523,1042913,639812,165881,4263042,3902595,364721,228447,404962,,327115,372655,99108,5344147,1683979,,1691919,70006,313209,1403168,799955,194468,325846
2017-02-24,533288,185137,1832887,5211660,2549942,458733,1920210,368899,19729037,531810,69505,11513942,2692058.0,8992785,,,9719907,798760,1359502,689733,165015,5754600,4874549,620156,241131,629718,,553589,378790,140981,4342806,2269939,,2454838,61425,285941,1980023,1334354,205060,428171
2017-02-27,884916,87126,1050300,1940104,1421986,330625,950395,254046,7418311,221683,347544,7596475,1638012.0,6027204,,,12374970,439396,733968,422870,74071,3189770,2624666,258281,152230,262651,,519147,200361,127958,2655654,1352713,,1195320,40719,231518,1567202,1475405,90393,441756
2017-02-28,774756,82978,1436575,2199495,1824067,456522,1107265,272177,9716395,493193,119083,9987452,2381604.0,6784860,,,8110142,611700,944289,463459,105329,5700253,3561785,439453,154592,509350,,318930,726516,227625,3676329,1450047,,1735139,62651,317131,2731361,947029,82324,586647
2017-03-01,669074,187727,1680378,2446735,2431583,412000,2033028,325759,18424484,630833,123124,22858641,3087438.0,10104600,,,11900542,617274,1137191,496631,134075,5433825,5419467,513460,137923,468266,,457928,308978,333203,4796115,2297321,,2549744,150038,269055,2002426,1383270,84562,1702748
2017-03-02,654543,78304,1156221,2881313,1516264,304319,1122990,216571,13782972,596468,62362,11323873,2451002.0,12964486,,,11291216,543709,788932,373586,97219,2513061,2545585,404589,105147,358541,,305011,283750,207961,3155733,2023432,,1554399,68896,239081,1756925,811051,50896,814153
2017-03-03,609704,140815,1246267,2274339,1709985,325952,1017310,204351,25111611,497375,52887,22456295,2975949.0,9917207,,,11062627,559003,856526,466498,79108,2404618,3424541,428182,93280,449163,,267484,371584,179716,4360577,1787365,,1627422,63687,198845,2245163,951462,50868,779314
2017-03-06,612986,86389,1204346,1623964,1314076,327828,1025674,309674,14714212,384655,87509,41502435,1942049.0,7034725,,,9031030,452182,567176,404600,89340,3073623,2855622,322306,62883,428838,,396345,515017,140334,2794869,1323498,,1777660,64370,149295,1873156,687110,47827,496242
2017-03-07,650204,87690,1172721,1858203,1539962,386788,1025264,634993,8717200,399838,75720,18167110,1904436.0,5584565,,,15116696,573351,871041,348442,78113,2224514,4332051,376751,89674,391208,,331466,438241,194178,3615745,1738492,,1376317,59321,150437,2855805,682480,50326,379993
2017-03-08,3362506,80364,1431446,1421783,1655085,749843,1105107,272946,11400913,368857,124359,16977468,6794237.0,6148677,,,21653884,445977,846723,392776,156966,3419579,3269007,334640,82087,571940,,283915,376645,117490,4193046,1978133,,1771177,218216,179170,1997118,1042454,47376,413649
2017-03-09,1400718,80702,1599153,2035708,1529140,446414,4196289,361530,15969417,458680,77008,14742254,3972852.0,8593109,,,19595742,663979,910850,351195,183144,3606611,5134634,1137844,111495,492487,,617487,250228,155649,4400927,1744405,,1673817,82504,263356,1919413,1407121,85030,483112
2017-03-10,792790,86163,1735582,2565178,1818535,330742,2433446,260335,29910840,379629,84166,19573754,2984448.0,6333211,,,13326866,476498,854543,265782,116873,3598208,4545264,568859,88757,480896,,329724,333267,278263,3920398,2191734,,2036957,97985,276585,3538499,900827,81274,927987
2017-03-13,708576,102397,1079905,1626037,1447315,254290,1681567,187033,14898551,399119,59420,9459407,2700962.0,6517990,,,10148631,364576,757293,286429,144208,5334519,5215952,382944,87526,535184,,412650,230106,123501,3189501,1369409,,1561825,101376,245109,1695347,1079065,45551,337732
2017-03-14,1000932,84941,1404939,1869226,1527424,359426,2201982,411354,14695866,427686,47000,10764390,2464095.0,5992871,,,22605809,509793,726221,284406,128517,4697520,4320569,503878,119685,656798,,485597,340563,148248,18741753,1920535,,1852624,113741,420643,1724737,1654159,125643,525650
2017-03-15,751624,110021,1201693,1757622,1345045,280310,2002514,209674,13533541,680059,38851,9225063,2193088.0,4655338,,,35037024,477716,682533,276999,165462,3073450,4482287,397733,103348,947396,,576052,391264,168513,7058544,1530074,,1507682,80567,447717,1456058,2062152,92354,414094
2017-03-16,1125453,194102,1584450,3295927,2148439,388742,1804195,280396,20368611,669467,46666,14789986,4411121.0,10096966,,,19074472,890170,1039346,466162,153883,4737418,4571959,677388,116486,742006,,497646,933453,177222,5468926,2663513,,2604801,106215,468490,2638123,1401942,218423,413012
2017-03-17,895017,390348,3100677,4603731,4154262,427195,3108440,336433,28578879,663428,87574,21291766,7748643.0,15320088,,,47839725,949577,2147839,571747,277106,5425901,7343832,595760,190612,1085579,,940421,727928,165954,6323754,6288779,,6547554,145541,669132,3136084,2436334,156218,513089
2017-03-20,446196,87871,863505,1524049,1013200,266531,2016318,121339,12610212,269969,121854,53239762,2319901.0,5430025,,,14494303,415793,628691,256829,109229,2676230,2631850,215060,70812,445381,,471394,291296,137682,3158279,1779645,,1440582,86351,266968,1177767,851858,213081,331820
2017-03-21,656873,93101,1286073,1950094,1813530,337986,2667179,244405,13528209,506649,79043,41242880,3235113.0,7945084,,,24136519,1742190,1717190,362335,155039,4280630,5120402,419184,152382,1017664,,569718,378844,114589,4182345,2013551,,2043366,114101,284149,1304614,1853013,120797,483479
2017-03-22,747970,130966,1394193,2212207,1880956,518173,1645875,305148,13090803,397985,133411,18641823,2901471.0,7086220,,,25728721,820100,979387,381953,136547,4613596,7101885,408378,176336,605866,,661691,252658,128344,2944524,1889334,,2539651,92623,296462,1678814,1274602,124087,312812
2017-03-23,567642,64979,1486121,1757609,1550386,232463,1391640,184460,13114912,455589,87696,16960623,2666688.0,6577905,,,10744019,680879,738943,364533,127297,3323875,4023752,307943,147802,626116,,413447,281099,234826,4521036,1828465,,1907572,65690,260850,1731193,1033466,99560,304676
2017-03-24,421676,52688,1691779,2026974,1633811,249694,1565883,147652,11403397,505507,62805,13218175,2244684.0,6825834,,,14770906,511326,734288,306978,82438,15474444,3692820,732760,102801,529309,,451184,295018,436504,5570948,1426279,,1760345,55104,184014,1195997,772526,179299,340742
2017-03-27,624775,69370,1325611,1788573,1468564,235928,1424345,264182,10253328,358667,70982,14769361,2528446.0,6950603,,,13601249,453500,930713,330210,114259,6836706,4530182,396944,180036,457927,,647658,260407,183826,3986366,2362049,,1632157,46084,281413,1249835,995025,170100,240846
2017-03-28,503175,115186,1075442,1594134,2082819,346297,1719210,158654,15757685,608474,64034,16644258,2494486.0,6359296,,,15912006,504254,863856,323836,81107,4613372,5111919,334307,121653,725835,,453394,227231,253262,5271823,1754223,,1633898,54028,309589,1713600,937205,104988,228435
2017-03-29,375436,106095,1212251,1720123,1215621,326713,1708850,219056,22777133,470245,156427,21406434,1945296.0,8048842,,,10928460,480540,865092,395007,101728,6117902,8684193,266171,77931,478859,,361293,375659,212044,4525584,1520672,,1839570,66599,377908,1723348,841555,178153,208709
2017-03-30,394414,77162,1041173,1879131,1149078,210112,1577509,247479,17589064,508883,130597,15261303,2524754.0,8678618,,,10921616,402068,697794,255180,99642,3499187,5968387,387126,101329,555909,,273344,222135,186502,4261769,1331151,,1652464,59866,276657,1436424,842372,179184,159901
2017-03-31,565648,161303,1746486,3005235,2631641,410433,1474396,376608,14599018,421315,186664,18777799,3046463.0,13003156,,,17352669,495413,1131182,443571,139207,3638021,5102842,406346,117683,676589,,462776,237977,197122,8005550,2883122,,2735913,76362,593293,1765827,1078491,156463,304541
2017-04-03,455509,95995,1563400,1883310,1433968,339512,1636969,260884,9078736,361622,727685,20079171,3096370.0,7217907,,,12432014,540159,925742,455623,117700,4622782,4636817,360072,95333,472853,,338438,234335,206149,4278325,1934464,,1662539,188189,438955,1386026,792174,167610,418820
2017-04-04,520198,80693,1338235,1600319,1531227,269093,2170607,429802,12144774,442094,1422519,48469234,2158054.0,6026978,,,11596800,610713,740368,477677,95496,4186740,5742858,257056,110396,458650,,522110,268006,167871,3348959,1759802,,1692209,82864,474014,1781240,1312852,157466,833142
2017-04-05,513493,69675,1304770,1617801,1841897,343939,1656950,332832,13331553,505898,552438,16120796,2549651.0,8040313,,,12337319,744237,912285,449409,134645,4088791,4359107,385940,131936,469812,,364004,389527,225512,3264087,1784150,,1828264,66304,432790,1573932,1081007,157726,461743
2017-04-06,478895,112450,1473407,1503967,1295099,275111,1710527,181649,11015302,371490,491996,12053731,2149064.0,6763283,,,10164535,522959,805724,491414,151125,3741054,4229139,361688,125560,490340,,564480,389861,206098,3891940,1776356,,1452489,82584,297777,1613680,962053,117120,332124
2017-04-07,514932,92884,1250073,1628814,1374151,274792,1218307,179896,7622653,332160,571070,14724734,2724329.0,7216313,,,9557643,444678,834585,384019,113386,3324585,3998906,456514,109359,541597,,350667,221548,310352,2821123,1661034,,1720938,80677,211150,1570712,857105,106558,398650
2017-04-10,270234,97467,812197,1385941,1188139,263326,1143207,264241,8040331,247713,422694,10854133,2120782.0,4623506,,,5788704,507964,841785,462381,67245,2913719,2580200,292188,128492,377455,,247919,178350,144056,2176208,1099103,,1182535,76168,210470,1230997,525705,78985,288334
2017-04-11,475036,113199,1605446,2450404,1969718,297185,1506405,196659,10894655,395075,487900,14240750,2498239.0,7423466,,,8169606,461989,980170,488523,96365,5019209,3821721,337373,139463,592546,,366709,219646,319741,2751083,1641591,,2136906,71423,350124,1683541,919518,111549,298051
2017-04-12,501507,125418,1209708,1712789,1496077,276516,1829069,228316,10285511,402170,472173,14880424,2127976.0,7312474,,,7721497,612951,639709,388062,80741,4051842,5849430,275515,143747,408127,,373425,270587,300677,2484283,1818735,,1655470,71266,299765,1789220,882136,164789,608442
2017-04-13,518083,152157,1062212,1902921,1833357,289895,1383419,149861,11292705,373922,394982,14396891,2106600.0,7399781,,,6917993,625557,771335,289844,105366,3098012,3664413,286436,92063,525773,,301356,190896,180591,2140881,2229929,,1591856,70742,215930,1426221,859216,127421,502915
2017-04-18,502509,191809,1391254,2040608,2121803,345720,1617270,206182,12194065,367243,494167,17591014,2180769.0,7307626,,,11449732,569988,857115,322604,104260,3474704,6017185,351194,118454,511510,,801743,338064,253807,3046176,1787616,,1563807,91177,283281,1837329,2601641,125157,490670
2017-04-19,391724,76096,1115268,1933494,1737534,428726,2118830,188971,13497325,351507,345595,12391238,2065948.0,7065685,,,13022034,386009,750418,384932,127881,3740188,3430421,262083,114723,521543,,840738,308633,176461,3736260,1416947,,1525338,77694,245514,1889281,1728231,122030,1349290
2017-04-20,615875,143730,1220130,2330043,1522363,407966,2432624,238388,10349880,349065,355708,14412043,2795255.0,8376146,,,13038922,663134,844654,478154,99237,3752882,3962765,230467,94696,573957,,486015,175670,152041,2788083,1566696,,1892861,68364,206879,1846889,930717,157559,777105
2017-04-21,926045,155547,2105095,3303999,2830993,464020,2363017,165392,12190230,428294,472760,17842867,4316777.0,11309211,,,15464254,629919,1540139,535445,100594,4483412,4856674,417507,131254,856706,,358409,367927,153645,4390363,3389188,,2961532,57643,258188,2308106,1378675,109698,508779
2017-04-24,907294,309748,2726024,3769964,3312502,318995,3070174,472680,45953920,616144,543460,44328930,6125196.0,15136355,,,18894764,839597,1608978,508568,339617,5051192,6572865,505008,165654,1130666,,770543,421650,231662,5379402,3468037,,4717096,122897,399618,3160320,1740349,150937,643095
2017-04-25,531546,120083,1399313,2079206,1906682,305110,1681180,192520,14582733,1091551,489865,16819072,3045631.0,8590607,,,9686762,593222,1513113,406987,134040,3647103,5754704,564134,89940,787725,,747227,260792,199940,3649388,2361529,,2280325,82693,278287,2104867,1429284,77558,551755
2017-04-26,468211,218344,1077907,2289769,2023110,350147,2013349,231898,12911510,540929,331002,17464281,3228355.0,7248069,,,10439934,584700,1078396,413928,128817,4197271,5469533,387773,128132,1158902,,512797,377647,176208,2846805,2315978,,1996086,67649,249568,1479479,1061048,286902,458292
2017-04-27,489836,208511,1149415,3386940,4155382,417895,1678073,303517,12815849,606928,787651,20925985,3382912.0,9445152,,,10497475,468940,1018407,718112,111547,4579215,4562185,390989,83773,1142574,,398235,312574,137235,2912611,1882578,,1822053,70816,252916,1499969,855000,439758,381773
2017-04-28,652878,141507,1363122,2632064,4565759,381789,1714974,304884,12566291,880243,545163,15518130,7081978.0,11517264,,,12604903,749026,1219349,553132,148539,3429041,4701459,505423,196749,721186,,452765,352113,109375,3872052,2482055,,2173219,80519,355981,2837876,1182990,178173,438437
2017-05-02,625631,97126,1605813,2615196,2691603,370256,1864875,267010,8933100,774267,652049,10861591,4151713.0,10671639,,,9925962,927059,1296788,468812,255966,3493781,4864442,557563,181374,629618,,399768,471926,267967,3375941,2073647,,1967541,76347,333168,2548886,1287839,114820,410656
2017-05-03,717246,127067,2725755,2110103,2435306,347054,1663461,213250,12567779,385904,391317,9924916,2350858.0,7595394,,,11568346,961528,1869351,355930,178366,4140706,3862649,269374,160754,406790,,316475,523696,319147,2942442,1705983,,1725802,93473,358312,1574272,849789,162492,390552
2017-05-04,831808,160123,2081945,2476782,1906915,436956,2232748,244833,14706904,591611,444057,13034848,3412249.0,8943563,,,20530824,586355,1223367,568193,172546,7386507,4358221,297818,128449,584178,,552398,446092,292143,3903572,1840994,,2099027,55274,574422,2022633,1193902,148194,326704
2017-05-05,818710,107349,1661641,2927832,2148108,312459,2668487,243426,13991654,471177,374146,15467921,3239099.0,9335901,,,20059732,562350,1135311,330622,135630,4314427,4558991,325387,141253,564529,,405788,353374,380685,3451675,2007569,,2298091,41194,464458,1873175,1164430,104063,360902
2017-05-08,656708,153396,1405210,2568102,2013801,267978,2263707,228414,17281059,309037,390130,15047178,2706777.0,12589938,,,13455502,550939,845965,385916,233087,4748186,3647948,521532,174776,485277,,390996,353913,261230,2684375,1798041,,2045925,65082,429963,2482601,1022179,79690,571097
2017-05-09,497189,147974,1235689,2307444,1467441,241328,1914241,268246,20938711,499701,336103,12960767,3464834.0,7560341,,,32514013,629872,920323,354908,292434,3605068,3716719,385887,113547,924730,,321996,553824,267814,3333965,1851229,,1584404,65968,507997,2208452,934069,170010,604810
2017-05-10,732327,95071,1139594,2198506,1490457,271633,1926305,876747,14573178,527699,308185,19087942,2346157.0,9521446,,,22158490,583674,948980,346738,277699,5764369,2857684,380252,108360,678072,,412708,360806,211360,2428513,2291446,,1496572,38849,481770,1790789,1356636,83810,1170319
2017-05-11,927041,92877,1270277,2380862,1591134,272156,2727611,438669,11706046,437111,283671,12631862,6313709.0,9350643,,,18393984,525208,807195,566521,203555,4393804,3182915,234252,95179,623082,,359555,481920,193389,2228633,1795960,,1505894,62081,357665,3942915,1148170,70061,1037442
2017-05-12,615639,87275,1312764,3874954,1722289,279841,2348529,558437,8299627,373853,473550,10549330,4192297.0,28413467,,,12903026,570984,959534,359220,281954,2956975,3576144,430694,88481,535847,,271403,317532,396796,2060554,1693114,,1533444,73033,560199,3026720,982593,125557,548090
2017-05-15,459789,43537,1042894,3844064,1415876,221566,1555557,300139,11551167,224970,294073,10717434,2223296.0,11700765,,,11780458,593372,1001236,376397,183948,5282439,2694701,334995,90743,451272,,384501,246103,133581,5862018,1233037,,1440233,57043,352709,2045073,740709,78144,593468
2017-05-16,381182,56067,899931,2282718,1876151,337039,1615215,233945,9365407,404511,391349,11089088,2247510.0,9875624,,,10346390,654158,948087,373556,150519,3684478,3389385,344385,130891,429061,,412383,310399,152071,3241030,1498344,,1537098,98380,323477,2307176,683545,105188,745853
2017-05-17,542158,80546,1484197,2844320,2116045,296815,1887198,287061,14310854,501457,827089,18393781,2756787.0,9977918,,,14287354,1052172,987504,381329,146489,5406513,4119671,424453,306712,550053,,471929,312160,192981,3348542,2261734,,1967536,82329,351670,2416544,1284194,131037,822168
2017-05-18,734082,131590,1824991,3321997,2863694,508002,2760266,329034,19752673,455049,1128607,21027399,3352195.0,11610681,,,13175778,837956,1263289,508589,161066,6981181,6266335,575565,263042,681408,,504195,331577,300100,3265741,2457543,,2635531,75416,509230,2719005,1559443,150263,496919
2017-05-19,860362,49588,1580610,2784821,2232868,555029,2530349,296710,10734938,443978,450081,16120605,3189433.0,18520171,,,23755759,769372,1277434,450247,138179,4100709,4612268,634185,141224,539507,,342593,378734,135517,9502222,3092881,,2703802,68471,278747,2295245,916503,105269,503889
2017-05-22,815418,57409,1230170,1929269,1236132,246547,1357947,397589,8803686,355190,298425,9033530,2205601.0,10646329,,,12057526,400686,784621,279134,104809,3679760,3681185,418745,96378,319579,,513986,222291,119865,5557538,1665113,,1869321,49914,318993,1541521,942786,127345,621264
2017-05-23,513269,63399,1020745,1601059,1981456,188008,1891517,425314,11127551,310292,388243,9064866,2320471.0,9975148,,,21299782,443617,754185,341408,110836,2675628,7923032,517892,86459,462379,,622873,253245,118898,4061008,1435159,,1586181,63094,214812,1765225,1454704,65492,723655
2017-05-24,467193,55690,889495,2020730,1288331,232977,1362796,409113,6868826,351060,410187,9328569,1521009.0,9665664,,,11430214,475701,722650,244825,107674,4543491,7285773,423869,129821,310400,,304703,318256,92327,2632763,1448107,,1334934,56254,280822,2157734,783487,94945,384325
2017-05-25,612923,33888,777568,1468390,1226283,139726,1067356,368252,8866682,222101,193543,7423946,1756037.0,6352502,,,7109174,416153,508024,227435,61524,3254342,3597767,237250,62836,295885,,274114,251639,109977,2948129,1209328,,1402515,26298,144861,939035,671808,78870,278255
2017-05-26,551430,48318,888223,1929195,1448604,161089,1817563,177432,11995289,321150,226083,14144756,1551495.0,7080322,,,11817979,518353,768982,222725,81577,2020666,4027515,254783,161093,321743,,378294,224857,115271,2522798,1359870,,1562244,53031,212941,1337068,902632,48163,431651
2017-05-29,290186,18388,632768,1070063,663642,90532,738074,89515,5421851,185019,149360,5104433,700417.0,5850447,,,5424701,148109,277057,119346,54925,1513280,2153825,154337,60076,322030,,222135,90558,45917,1490998,919317,,673408,29141,78731,604880,404267,33377,225815
2017-05-30,537842,25239,1007581,1748666,1125132,225261,1366393,187767,11818705,307445,432583,12553512,2642049.0,9982048,,,8458613,386947,892402,321635,86850,3262391,3595378,339628,140820,440829,,464059,247811,131906,2169049,1372501,,1439415,39877,299243,1312675,778057,53924,324918
2017-05-31,977853,45263,1698463,2968691,2735994,367710,1699913,444276,17005359,496344,481292,20710452,7199669.0,19162776,,,27304752,1071100,1332210,547196,180080,4755199,5149222,592263,124327,887649,,593085,710527,195442,7159700,2430412,,2514045,79551,428907,2026264,1405894,168532,2661797
2017-06-01,551414,90423,847191,1830702,1597039,270154,1952537,392601,10146870,464174,420019,15160621,2777095.0,10565980,,,13654412,656565,1020456,250444,116066,2620780,4840233,483711,178374,481533,,397146,436605,161014,4940541,1596601,,1513244,52016,210530,3368747,1039993,81112,346740
2017-06-02,496966,57368,1340157,2485532,2377696,269866,1931083,234966,13376499,530414,308626,14946673,2059430.0,8035313,,,12870831,579364,942638,322018,108738,3726792,4992511,305357,107921,503524,,540027,285568,178650,3634921,1875186,,1871848,98182,179570,1903505,1350796,139679,543798
2017-06-05,0,0,0,0,0,0,0,0,0,0,0,0,,0,,,0,0,0,0,0,0,0,0,0,0,,0,0,0,0,0,,0,0,0,0,0,0,0
2017-06-06,530780,70623,1470483,2161210,2214131,254311,1925519,211669,10866410,330431,484131,12042231,2898734.0,8048585,,,25116302,563944,1106016,328839,126216,3983189,4152477,316926,83710,641363,,430399,626364,173318,6508786,2122393,,1798295,67597,209855,2837079,1091464,291900,542030
2017-06-07,748764,127235,1036479,1948560,2127761,305066,1160342,223959,13165311,391966,444379,11052519,2227722.0,8712868,,,46613272,563903,947688,389694,116185,3346306,3109227,301368,81550,448323,,406882,454998,165388,15354490,1696764,,1611277,61643,246329,1920607,1294759,168852,479722
2017-06-08,536891,119832,1041731,1563565,1674062,307868,1554382,228472,17320606,368237,219832,12403291,2152526.0,7181555,,,25874986,497410,888676,353968,135690,3292771,3080034,237291,101768,472421,,467959,281006,134056,7518075,1335134,,1209602,50573,256619,1148872,1284305,120018,411994
2017-06-09,910658,91305,1154287,2949451,1539356,314909,984708,339156,16495053,338662,339590,11583710,2032449.0,7832261,,,15157954,703760,900480,330725,95802,3644462,3175419,244920,96496,348438,,371495,211694,93178,6268180,1540772,,1566611,35304,431462,1078744,981308,87359,455854
2017-06-12,699432,47357,1031009,1836218,1824852,300186,1742216,183020,11242063,602772,223824,10643256,2133633.0,8629768,,,13956678,610096,885034,303256,87995,14372070,5463482,213608,105841,441269,,789965,375711,188698,4229685,3619599,,1948144,92421,148882,1216475,1640335,118845,679548
2017-06-13,841699,34127,1267959,1744153,1835134,398860,929682,218496,9891167,382030,362079,7489654,1971365.0,8659048,,,12380558,592478,765937,303257,127927,7514769,2729715,293784,104470,473410,,392696,316380,111687,2334645,2019182,,1626955,57338,271411,1134890,765695,70970,399476
2017-06-14,973267,139159,1904903,2352408,2674319,406097,2438550,341120,17236875,538810,503885,13744963,5324156.0,11484597,,,14786190,661509,1172369,423940,225276,5171974,4422520,284884,120120,649928,,629228,488048,138185,4914813,2510425,,2097452,60189,368915,1859533,1647486,88415,535602
2017-06-15,1022877,100467,1907340,2914578,2879646,339606,1980581,285660,11039380,511926,524670,14660833,3876127.0,35376334,,,12888067,591468,1239048,449443,118796,5645794,5058688,468463,106882,797327,,632618,369925,119245,3316522,2538878,,2658842,35490,227785,1759381,1846860,121571,417234
2017-06-16,1856697,180290,3400340,8527036,6721349,561874,3149044,405521,24155681,653379,962427,41494790,8402321.0,25497931,,,37575283,1203538,2380579,755026,248746,7922552,11072329,807048,198417,1777280,,649348,1062995,115593,6829564,5850270,,7873506,155157,571452,3416649,1761910,180989,888835
2017-06-19,386916,139909,1334345,2177583,1556928,216462,1181583,243110,13104601,324489,402975,12425074,2123829.0,8782659,,,12191234,469570,944139,308174,119187,3540436,2975979,321168,107389,472343,,423549,477429,106707,3446191,1608608,,1767111,49705,193707,947846,1026211,122675,412396
2017-06-20,544632,87042,1127481,1705665,1806913,350550,1047704,184927,9064643,317498,487151,11922905,2149090.0,9574961,,,15777778,509997,985315,301769,85192,4626549,2797344,384264,82656,514731,,412278,333189,133031,3729276,1506480,,1736972,46581,264976,1390394,813556,151739,1071728
2017-06-21,459132,92561,1091554,1519583,1543017,269662,1128180,198279,12352520,352459,433810,10349360,1852459.0,8969078,,,8863975,492756,794496,369949,117380,3102479,2966056,356604,99359,416645,,519159,368364,84241,2757269,1578946,,1621352,45705,189239,1399154,757524,155652,1741160
2017-06-22,401022,92224,972327,1499142,1612156,213818,1436608,237324,8256151,281398,270746,12531847,1669732.0,7182601,,,11581164,524773,739295,299195,105625,2679681,3468074,461141,118706,364155,,423485,351424,134895,2649048,1901817,,1904249,35145,138907,1429221,1076284,109535,408856
2017-06-23,458352,64634,973214,1922696,1362769,286010,1497917,191872,20530534,312006,285580,10036189,1754285.0,4665867,,,9735894,383687,586529,361343,64103,2636249,3129893,622217,92143,305678,,256472,259409,146443,7260665,1650317,,1250075,27896,163849,764305,874211,82584,588065
2017-06-26,339014,57150,968030,1401576,1260214,250051,1101405,175950,15333412,267731,320242,8979977,3087973.0,5177697,,,6866528,334933,622668,290409,55635,2766244,3064402,253696,52604,348496,,295707,212208,137274,4745645,1430159,,1529209,33301,157118,897770,709548,146826,864185
2017-06-27,425644,81162,932858,1890418,1379306,308755,1796666,275870,22431076,1048190,366217,15687685,2566711.0,17335939,,,14607581,563324,722284,270888,86967,5244542,4218931,341814,100861,411171,,439310,287852,141114,3898331,1936000,,1584940,40681,203614,1225088,824120,84974,444391
2017-06-28,501521,120310,1069731,2408685,1901620,361694,1835895,307479,21458071,497323,367557,16015228,2688316.0,8814505,,,14634382,387714,1160840,405490,117653,5003754,3774001,321685,169344,419304,,290970,368801,157860,6205385,2450606,,1670880,77666,282906,1705758,666867,100699,577767
2017-06-29,1118165,169135,1668309,2940053,2803100,500007,2140773,403243,17124739,593654,407825,19379959,3379437.0,11725933,,,13842869,561823,1462480,564833,102543,6875905,5045533,424618,172265,634519,,479070,360638,200873,7353631,3220138,,2256233,89917,285637,2146954,899824,87624,497784
2017-06-30,1016761,84958,1506882,4041956,5744143,450571,2137136,366134,11966202,501315,480425,13265509,2914210.0,12395375,,,12404646,539954,1406339,473206,126547,5843879,6092593,385401,168714,773223,,319957,561060,165896,5789288,3186081,,2773598,63289,332730,2199241,956389,61579,932023
2017-07-03,461873,58418,1429532,1859664,2914388,248884,1938295,158837,11567349,420536,294081,10625539,2235248.0,7936678,,,8683979,408890,759056,278557,86190,4181934,3615312,333984,86722,526868,,431034,349114,132089,3680861,2086995,,1634616,62792,185066,1363602,1045597,65997,347799
2017-07-04,305245,47399,1170238,1370744,1493185,217975,1223306,139872,9629465,273485,208270,12913897,1787899.0,7688543,,,7173065,293399,781150,398902,79062,2754159,2461259,275234,98074,364240,,326625,293007,87772,3766746,1499966,,1067104,46255,191373,1171942,618703,47543,241792
2017-07-05,1477722,71671,1239877,1799044,2049097,286648,1671095,154923,9725115,410628,497919,14995856,2323669.0,9134858,,,8636544,522044,1271939,327412,101078,4008892,4466097,360543,126773,408230,,257178,295217,104792,4458990,2096012,,1753224,100435,316086,1144134,799354,45971,573141
2017-07-06,1110686,101264,1524722,2534890,3240116,447096,2095259,322013,20271458,447251,547850,17019407,3227314.0,12893868,,,15050369,491623,1196538,499810,125179,4297642,5071013,495921,170022,616119,,705548,402258,224072,4141884,3139034,,2887875,139750,394719,2095312,1867231,71922,438034
2017-07-07,492687,75929,1429073,1557598,1887713,328884,1114144,309755,8167829,379627,373316,13329398,1896949.0,8745667,,,14552537,448194,748430,313726,106929,3630560,2765934,398659,119465,346820,,400324,212999,82454,4896695,1836680,,1679062,62022,350339,1456804,896069,88684,499058
2017-07-10,439873,98639,1293752,1237153,1532405,378742,1053915,325720,7734285,411240,324973,10051594,1750608.0,8597357,,,12868805,280194,603843,400701,87497,3024057,3009181,331611,200715,375805,,339488,234713,103993,4754081,1672525,,1241322,56370,230127,1404922,835096,98553,357451
2017-07-11,662671,83702,1240084,1737434,1470683,363228,2043589,218278,8865616,552607,317456,10055026,1895916.0,7184554,,,8705480,316267,1095359,375357,141309,4990314,4506625,287997,156190,427214,,365597,310560,83340,3094196,1998744,,1608909,71999,225905,1505270,1211541,82531,280652
2017-07-12,830311,72452,1545991,2222823,2070539,402237,2235579,177215,15969795,419939,389068,15586110,3724130.0,9630172,,,10562218,388467,1157617,437069,120666,5577169,5003032,421783,190614,493470,,327790,314377,98138,3851554,1925755,,2132692,75894,308406,1517335,1363074,225489,641410
2017-07-13,621520,89558,1453052,1897808,1818148,374577,1958941,236747,12516353,415530,329279,9890449,2921934.0,8575108,,,8400494,342668,759786,470248,98476,3139346,7141872,409147,172756,487880,,598422,544341,193130,2826283,1886653,,3044534,79574,198013,1147709,1414285,203370,650170
2017-07-14,427082,77377,1088505,2427354,1435666,247269,1428874,142912,11206579,269660,435421,11459847,2090703.0,7560329,,,6319051,399155,650298,316964,98058,2162751,5575121,313626,70070,330123,,754644,284987,87750,2403996,1638606,,1933813,66180,324309,1468597,1395155,161152,327947
2017-07-17,667714,81361,721377,1415372,1181307,241658,805646,224555,7544329,369869,433454,6392515,1734678.0,6099240,,,5588141,295794,454746,358196,70109,4986042,2466668,425289,135018,292366,,341852,359962,64431,1497270,1239308,,1862813,52739,188186,1254076,1116164,88539,602802
2017-07-18,637995,90927,1415805,2586339,2146124,379600,1330665,283953,13344432,514341,435929,12956113,2492361.0,8824095,,,7970806,471469,871139,446362,74694,4138189,4845994,530321,119089,444952,,375878,336648,124894,1976731,2017515,,2871345,115608,178840,1485790,1319561,94468,2972830
2017-07-19,452784,77460,862746,1933905,1594070,290909,797684,265259,17228721,290267,356412,8578959,1681443.0,7139713,,,8851145,472005,798586,349903,64434,3570368,3185566,415815,165225,362107,,318441,315513,221342,3141441,2503997,,2938395,67645,224443,1177294,843473,107173,1432868
2017-07-20,582309,116442,1260068,2761024,2067177,377600,1506716,176265,12529700,550700,361571,13515280,2631377.0,12724263,,,10672283,648192,924681,437023,77199,4056067,4313608,377458,182379,500771,,387327,606708,110742,3091876,2880530,,3019567,81320,411454,1413102,1380181,150332,1277747
2017-07-21,802659,127990,2012004,4111544,3505121,472101,3878764,225581,13612805,906586,523186,15479667,4580754.0,15425230,,,12850957,799230,1789546,488371,130309,10302666,10527775,650422,178250,946756,,814544,349570,158937,5851000,4464897,,3858928,284795,252035,1538304,3260127,118269,898372
2017-07-24,485992,86059,1258658,2243673,1908343,307370,4103436,237077,10221373,480015,496400,12372100,2388613.0,7266589,,,7184752,488074,997307,358636,92099,5306272,12808296,387542,125510,478361,,823580,470083,117117,2721738,2272154,,2331235,298921,271666,1343748,2416175,104007,1004452
2017-07-25,522060,113274,1241166,1794812,1638932,224148,2436359,289792,9878039,390689,355063,14306855,2135776.0,8572866,,,7953383,408484,835773,419845,97438,4450315,6733115,397746,132779,485718,,539809,370616,130744,2419597,2123892,,1921738,204217,282661,1048991,1677767,73359,663323
2017-07-26,529067,111204,1005472,2090337,1947201,302055,1781466,362399,12271854,623665,326918,11373766,1973279.0,7402421,,,8393118,560585,1192423,488613,73895,4823423,7713604,1404648,93709,437209,,393908,256601,77733,2403049,2398027,,1764753,214709,262858,1388325,1943782,102727,865708
2017-07-27,525789,218557,1740576,4175133,4518737,284981,1709825,181091,8742123,520611,1044386,30202953,2062794.0,10275139,,,8713476,470947,1128815,422307,74973,3312887,5620415,697183,142791,454688,,461163,554075,76749,2612120,2491289,,2671474,176833,203231,1696622,1708395,73082,355904
2017-07-28,2162979,113813,1239979,2790366,2619379,266421,2099315,286301,7481666,548324,512187,17729054,2445132.0,8686213,,,10163161,514405,989975,340006,89157,5005577,6242254,492371,321379,523082,,712103,718737,76432,3233671,2946277,,2284509,128767,192316,1629243,1708574,143093,421396
2017-07-31,771207,97379,1087447,3750807,1931854,620695,1772723,286060,7719361,343355,383229,16238204,2638056.0,8733384,,,10560439,454507,1073903,490884,92817,7402959,4975175,411650,140640,511475,,562723,583110,121962,2729096,2369760,,2400330,120488,214618,1546636,1295469,180343,463888
2017-08-01,628723,72829,1166907,2360676,1570360,409733,2305561,290471,7859282,361116,430713,12639414,2778812.0,7958676,,,11013587,1081232,1781515,422340,78112,9487568,5018144,499544,163149,579308,,562514,521221,162161,2935329,2118605,,2022492,150596,160577,1801818,1147472,101659,545909
2017-08-02,522062,78695,1134031,2080973,1544846,461501,2276768,188015,11214696,549786,490920,10459502,3070385.0,7231503,,,9365873,732676,1708671,391547,98074,5639619,5488020,503248,160254,577502,,714664,383793,99194,2405039,1993657,,2047505,144927,147006,2724196,1258492,178127,480169
2017-08-03,559611,64787,970542,1589396,1644399,760735,1902469,149094,9601866,667219,267815,10316176,1781979.0,9997980,,,9895592,679806,1507600,460976,75402,4094932,3226202,809796,120517,561080,,499456,441999,252482,2493186,2166248,,4490825,86111,181440,1554450,981052,94299,669122
2017-08-04,998753,103612,1307993,2497001,1862949,446760,3203533,263085,13294233,593051,376753,12468072,2348209.0,9164538,,,16269744,607314,1497908,416500,126684,7252185,4871925,646933,114012,566156,,540159,430575,160807,3334492,2066141,,3992620,85034,246187,1321885,1717629,89855,509999
2017-08-07,634772,98457,999282,1841001,1442336,335132,1306582,183484,6963224,417853,278280,7847140,1887666.0,11582687,,,9317865,701818,1349344,365607,81671,3443532,3260819,420966,67712,426847,,393221,256228,114132,2093306,1618196,,2140877,155600,218230,1253372,946920,138495,391798
2017-08-08,484666,142340,980538,1473764,1426120,333464,1209891,249767,5510001,311463,258057,8488940,3710162.0,9012120,,,13287027,668242,1208907,510786,138584,3345455,2939514,510638,87677,461615,,488924,260767,172220,3139162,1747540,,2459526,99058,313311,1025788,781351,133190,511736
2017-08-09,789906,78195,1466413,2080577,2135408,282860,1487577,1031224,11850799,633216,309652,20324875,2903179.0,9814669,,,32195058,695712,1649129,539321,128797,4558930,4133754,592438,107909,997565,,390977,401012,143745,3567317,2100884,,2938568,107541,891887,1301824,1084409,103844,735211
2017-08-10,583376,60762,1278637,2255808,1846699,383137,1156328,719233,9515947,373625,305762,18625298,2687832.0,8485469,,,19513172,656694,1275155,1349200,312296,3338893,3917654,594551,306003,943959,,522093,457060,114373,3220237,2104156,,3419814,90552,471980,1204033,1069438,83693,1175775
2017-08-11,529554,114298,1540573,2292171,2137254,308655,1319596,1034494,10542660,314172,268173,19121043,3454159.0,8119118,,,14591789,702516,1475355,637527,234330,4037013,3346426,668091,175905,689777,,377291,410780,134688,2955026,2185600,,3007943,93412,426139,1736338,917462,122313,768667
2017-08-14,519104,56628,1073206,2039348,1488223,209317,882807,696621,9444607,346605,359456,13127376,2676888.0,7042304,,,16060579,384714,1024462,544498,142230,2445360,2362905,463728,96327,614125,,397009,379213,119668,4855043,1708144,,2192889,63743,265855,1599650,908559,77233,441155
2017-08-15,330076,61423,712853,1001699,1149401,189513,839394,364668,6195935,301549,283196,8549489,2359513.0,5318915,,,10048807,597581,620557,532719,112686,2500454,2210014,425849,84208,346432,,252856,258898,169782,3404277,1001236,,1539172,62812,376133,1301354,671966,65885,428955
2017-08-16,314212,80752,814718,1715405,1405687,175944,776205,336660,6060747,659530,302827,8185050,2276310.0,6662597,,,9717220,615707,883764,685710,129029,2462128,2352234,447123,144368,390067,,380669,378236,102129,6061938,1470281,,2993880,39166,357322,1150500,753908,60258,416634
2017-08-17,452276,64405,811749,1525508,1513437,254942,1156370,450741,9482442,397762,245372,17049180,2208744.0,6591575,,,10888933,533167,770728,470974,164675,2247839,3318650,568787,88504,596247,,390834,558727,119444,4934457,1610609,,1928837,103037,277115,1195749,742367,74116,464235
2017-08-18,1516282,195597,1112039,1974400,1839027,303988,1549213,334296,12343140,381044,266427,16280517,2562090.0,8515393,,,11557298,543912,1367560,522230,133024,3600016,4727244,597460,150036,857182,,430792,398995,149626,3738094,2472903,,2614925,104101,259016,1459212,1036029,81743,435162
2017-08-21,596043,44863,745865,1381482,1541891,239942,1061270,245285,6270849,289068,272006,13964168,1312699.0,5384968,,,15995054,318806,1026442,409741,86203,2714708,3258796,373186,85995,349218,,433124,368242,98594,2807928,1385377,,1645028,66347,201014,981717,947657,70499,324188
2017-08-22,378542,59861,686315,2182242,1795044,216246,1017084,276164,6566237,493073,281389,11672421,1826666.0,6011632,,,10609864,431055,1676138,360571,66834,2559610,4776378,397377,136752,271783,,396888,354385,96868,3716416,1640149,,2120057,42346,224460,965825,745118,58579,367037
2017-08-23,394942,112525,768083,1581131,1465064,173945,1018070,169864,6820302,402811,245104,11436386,1527005.0,6444225,,,11579355,275891,1447980,420826,77815,2421679,3159699,383155,128743,283930,,505398,541699,76586,3033878,1249126,,1667586,72298,217588,961626,667190,94023,390148
2017-08-24,275284,53631,696776,1728797,1254092,169070,1690811,169407,5923694,339518,259300,10034602,1845439.0,6226280,,,8650308,438047,1527081,329863,62512,2680113,5654088,432143,118660,299234,,390667,501056,123465,4065396,1506710,,1525846,53378,154601,1020052,1023856,54102,289676
2017-08-25,704605,53289,646532,1377522,1470897,164475,1068142,201217,4921157,248494,421472,7781219,1627368.0,7376072,,,9539565,402710,938408,339692,72749,2991472,5262935,424714,76851,317888,,332355,428047,80138,2830742,1208367,,1399418,55956,170583,1234506,749252,57484,487980
2017-08-28,337293,56657,604998,1213141,1482869,145084,797455,116011,3337285,161818,180723,5059169,956598.0,3850797,,,3983190,279552,657235,269828,181661,1927787,1877977,294435,83718,422759,,194712,233879,62406,1859480,1568953,,1312788,49201,84485,725823,508439,45163,229530
2017-08-29,663997,102435,1567522,2602539,2048439,352047,1535284,334008,11401840,396057,386957,15909293,2375671.0,13061036,,,9723968,505287,1413911,469682,237479,3859743,4182176,505719,188949,790095,,520014,522408,122363,3144364,2343039,,3204583,76242,168567,1454336,1190567,117654,490457
2017-08-30,482763,87910,764908,1797888,1208691,256083,786615,327651,6861303,343503,325568,7806920,1515281.0,6765167,,,7429024,364314,987568,387389,165661,2046039,2678978,320025,165283,558559,,350293,440013,122122,2628048,1302212,,1610328,64524,238867,1409811,640635,81706,300264
2017-08-31,604852,58990,1085810,1943147,1584372,335628,1621049,282397,9832099,456243,387321,10696296,3851291.0,8163044,,,8807110,639879,1156134,440391,213462,3441005,3816177,442947,158775,1016725,,337804,720263,156146,3379639,1939933,,2367532,54829,271989,1502088,1075536,111205,483959
2017-09-01,559620,94058,897905,2297306,1374100,254968,2088905,250161,6394323,444737,565662,12954255,2406844.0,8050819,,,8873168,529040,767277,382612,114559,4872265,3658422,371057,189267,504549,,477771,453186,142831,2718744,1890956,,1759526,60820,202736,991528,1110878,96764,318304
2017-09-04,208937,84957,661825,992501,828836,183197,1110378,142764,4201773,250305,282042,6526139,1635737.0,4168035,,,6551151,234030,595084,315305,83107,2183362,2167549,263171,73625,353994,,387213,313635,76147,2282730,924496,,1375890,39964,108617,702425,645570,45854,259941
2017-09-05,409811,102382,1085789,1808749,1453032,366208,2153782,276684,7403640,333887,401230,10661572,2027413.0,7664530,,,7270786,327076,782479,783284,173624,2366598,3743703,1628696,106591,680964,,555931,461812,113446,3003112,1542382,,2552388,49894,219913,1064382,1262268,103283,293847
2017-09-06,469039,139648,1190042,2174468,1851456,369478,2298700,528655,8058856,402337,405831,12204537,2187167.0,9742754,,,13119331,460481,982626,619401,254403,2587261,9880755,774671,87848,783716,,561688,494430,133651,2630191,1899065,,2280305,71222,187033,1592292,1498760,85769,383550
2017-09-07,697630,94836,1206196,2972667,1856771,292279,2312434,678645,11210053,616020,368972,14889628,2389491.0,8283350,,,14701523,617692,1525774,579585,302982,4188951,6843612,589307,71998,743422,,670728,537267,206679,5822753,2271393,,2547440,31715,285758,1569487,1125100,85022,317572
2017-09-08,386121,75236,949942,1698540,1122129,163151,1165651,304968,9544295,386432,378672,8960042,1433904.0,7158021,,,7409533,287558,1020587,373674,343312,2580282,3286362,385906,107848,862042,,333055,511594,147521,2069359,1487631,,1770464,85529,160212,1236432,982440,102325,326064
2017-09-11,437912,102520,1275503,2194093,1645737,328040,1293521,251128,9477936,392870,522203,12034779,1949677.0,8543632,,,7915425,498445,1061052,454731,447378,2688524,6694893,605073,145500,1243755,,473112,407351,192194,2080627,1911523,,2946493,74910,212293,1101853,1128753,101514,664132
2017-09-12,364748,96093,1111873,1819646,1815550,270085,1398344,274560,11548967,422191,409132,18623389,1713230.0,8092433,,,11023080,479578,1247283,469297,222084,3356167,4859277,480224,119525,600072,,755228,422309,193693,3635408,1749346,,2163766,49629,202517,1428369,1639313,93749,320898
2017-09-13,484384,143640,976342,1879947,1749692,250483,1421090,385267,6642858,437304,522658,10026438,2426074.0,11379098,,,15424594,627186,1294440,500686,179604,2767942,4047520,1243438,188022,569939,,673804,465553,149581,3627796,1875512,,3147199,90187,330759,1542298,1681632,70311,396809
2017-09-14,548399,115777,1255254,2235363,1680816,272860,1377921,354322,8524127,784467,657880,13900829,2687885.0,10293080,,,13029895,575112,1209774,577869,269555,3636869,4268884,565459,134468,1359007,,542957,405583,123437,3148074,2152609,,2371818,64850,167455,1673034,1110237,110404,308899
2017-09-15,1901380,198554,3922199,6686146,5833051,476265,3517610,518658,17616342,944633,1077641,35130817,7679453.0,30390936,,,22329629,1104871,2730071,1001811,234874,6189881,11079409,1066161,250211,1457358,,660760,846349,125293,5805837,7224626,,6950210,129251,291831,4920130,2146137,98241,613147
2017-09-18,352907,83260,833074,1713387,933532,169514,1324330,193552,7097158,430530,367865,8650218,1815784.0,8637342,,,8209261,433892,622489,269043,120285,2911736,2667832,354704,166347,426856,,528617,221415,116419,2713547,1258915,,1609556,53991,186314,1131533,1028945,90707,279413
2017-09-19,423406,114058,683560,1298562,1208000,193001,1132274,209770,6281002,497696,481668,7247453,2733689.0,22888151,,,6880388,614659,1216175,376676,125011,2827901,2258983,322940,108592,431437,,472455,234843,120173,3684048,1335493,,2232525,51560,179304,1094304,867851,119958,311028
2017-09-20,392623,54042,722595,1322166,1469247,252224,959690,271764,17787280,435164,250804,13990754,1582034.0,14818529,,,21672644,685837,1013679,515290,85406,2774686,2254354,389611,104265,380889,,520887,240021,79578,6581919,1167514,,1786834,44245,244637,974360,794113,151492,231117
2017-09-21,334530,182421,811597,1380965,1051028,332347,1063793,189594,23859982,447972,324197,19549864,1605673.0,13028565,,,15323706,620559,1201782,552964,188929,2208851,2360875,334778,120872,623022,,500177,286606,69867,3654732,1270263,,1833995,52532,240035,1475430,760630,106509,222515
2017-09-22,563895,129408,941984,1679703,1586137,400487,894307,225521,9484840,390045,1034363,8931804,1888132.0,16206914,,,8978085,538511,1468449,502197,122896,4215981,3122631,464173,101562,516199,,469783,388252,107601,2762600,1389178,,1812768,47323,203098,1070211,850483,227668,284085
2017-09-25,424923,91238,830611,1361532,1818007,250601,966648,205059,13370643,423138,565927,10465814,2027024.0,10051332,,,9840754,452154,956816,528061,141097,3305369,2219470,636432,88877,349282,,423256,560011,178810,9034686,1187213,,1358431,34290,172445,1090904,716384,216549,270880
2017-09-26,1079611,90154,802286,1333980,1518255,268394,1047217,214251,9451866,340533,601144,8628043,1958682.0,7447061,,,7778453,497219,1038450,814863,198140,3690014,3074725,978572,84706,532584,,687125,409646,142835,3518040,1439834,,1441736,42459,216622,1843032,1556927,132726,373703
2017-09-27,792282,91871,991678,1682044,1380317,386832,1071296,327140,11497500,470888,326821,14199387,1795196.0,9914054,,,10186515,421896,1034226,770796,160283,2831077,2637175,623046,113183,690227,,441167,285198,120123,3349297,1351146,,2579939,56342,146641,1596685,1265300,124896,318580
2017-09-28,404778,87259,994227,1447373,1504919,332279,1632349,235279,11409697,417537,374022,20348282,2189811.0,8976800,,,9756533,629873,1211856,638063,135249,2996654,2632300,1024267,102163,514267,,503499,393798,101105,3984237,1241513,,1895676,84084,190949,1754512,1042394,143296,288157
2017-09-29,766339,62775,1692590,2726464,3050996,409241,1990981,241641,8181171,547727,411914,15745572,3325331.0,12606582,,,16145484,486958,1738723,516369,186272,3786470,4969964,1529650,110107,778321,,958463,579084,100976,3717174,2618209,,3078811,87760,240523,1985691,2460583,112171,352742
2017-10-02,611246,60753,973352,1959604,1722845,381471,1084280,325837,7010470,355170,344342,11884217,2306944.0,8122652,,,8449108,600805,1041583,518785,193629,5061419,2584111,853673,131174,429674,,343625,393157,121855,3791365,1780673,,1599952,107286,221756,1237779,1112030,113186,392188
2017-10-03,0,0,0,0,0,0,0,0,0,0,0,0,,0,,,0,0,0,0,0,0,0,0,0,0,,0,0,0,0,0,,0,0,0,0,0,0,0
2017-10-04,484711,72356,1174561,2290978,3251875,463409,2907246,427575,9367335,587325,496558,13336204,3634713.0,11600371,,,27239097,646638,2060407,696953,204545,4576580,5210689,633595,184873,489621,,952834,395167,209003,7717710,1898469,,2362236,107668,359613,2549632,1667787,250427,526242
2017-10-05,439771,66360,962322,1526329,2092367,321625,1587369,267197,10788396,354618,360405,11361001,4688125.0,6584952,,,10223801,803261,1218749,558515,135313,4203096,3835204,553078,104118,642375,,400666,404764,109813,3638922,1338338,,2278308,61863,206418,1373103,1174956,288833,794843
2017-10-06,468097,76636,985499,1482790,1637639,262362,1151989,248903,8492257,333273,298355,10773309,2615674.0,9208182,,,9539250,453225,839703,436687,185019,2554739,2976114,444128,147708,603206,,411535,891280,111887,2902410,1441473,,1559803,75244,168706,2245807,1024842,184340,482171
2017-10-09,379945,479459,705447,1058744,941269,304439,921016,256306,6688544,328967,290662,11030736,1640332.0,4390714,,,12158769,444298,647924,326599,81103,2721895,1914521,296620,141750,329205,,342187,1096722,121416,3275415,1537118,,1078893,54726,173496,1007000,780510,104975,403939
2017-10-10,346239,288764,803314,1159041,1175032,221200,1187029,248630,6482539,388895,236949,9928200,2654641.0,6022494,,,7654976,1467359,1099598,622973,169730,2554894,4307123,309002,103234,392095,,471607,1032363,87812,2489433,1385754,,1464328,51075,248326,1494049,992688,87476,351441
2017-10-11,493216,154032,886811,1908710,1136819,204552,1027531,255040,9345536,294928,355725,8541996,1607071.0,10261915,,,11999729,607884,988462,377558,290651,2388520,2733074,260933,168988,443067,,371304,398894,83347,4649933,1233059,,1436136,50899,132309,935023,889410,131598,182601
2017-10-12,319574,152386,884520,1145312,1379755,266923,1104562,266349,8345500,320301,384649,9272524,2330346.0,12005955,,,10431848,499898,879687,451754,299244,2675817,2369531,396181,138345,383386,,2182599,700492,77284,3864825,1423823,,1310852,61897,215189,1427462,1606500,95574,280133
2017-10-13,364486,99200,882004,2137781,2148375,383283,1438255,176011,9229092,329952,428568,12445846,1503855.0,6478071,,,7985728,334292,824327,425174,179155,2821749,2174699,367314,116670,325594,,695745,724787,71135,2756352,1203418,,1485021,50848,197885,1299197,982899,42488,383324
2017-10-16,381552,126342,611723,1299925,1991133,393678,812165,340345,6066518,241763,375048,8650274,1337063.0,6730526,,,5663369,440816,731253,309166,147448,1892931,4264966,237260,139028,258006,,438190,362131,75382,2894523,1142648,,1488935,92749,193628,1004505,881395,63289,375544
2017-10-17,451202,168392,750613,1486780,1794562,336525,1018233,308561,8177857,300439,845777,8666322,1798636.0,8438570,,,7590534,352875,857419,449484,160369,6656494,3822503,846074,96305,349752,,388117,356234,105688,3285831,1366631,,1902238,666082,267471,1209615,860022,51345,539238
2017-10-18,725811,96479,754611,1573149,1251168,345689,1169060,228197,7662370,361838,790317,7400188,1770476.0,9599767,,,6020907,450081,770673,535725,133679,4794725,3197958,450590,104759,478423,,827286,546301,72895,3429204,1625481,,1883399,231790,169952,1487566,868657,143624,1572721
2017-10-19,734469,95116,973129,1755231,1824394,535455,2201954,383675,9154623,445481,612370,9142078,2358281.0,12428600,,,9451721,470291,919028,639087,187413,3938396,4015609,551672,99174,819006,,586934,333070,132562,2239125,4625999,,2890194,123523,211657,1869081,1369139,106045,592167
2017-10-20,656414,39313,1161129,2135630,1902648,356377,2105118,183218,9173388,405448,655764,10136266,2344958.0,8091888,,,8275609,479883,1144885,552787,228663,5514179,5693807,506410,136110,718398,,611670,229411,118074,2814557,3023873,,4635480,99792,124192,1488287,1430467,161754,440950
2017-10-23,631654,79622,834627,1532566,1506342,290869,1275308,146141,8508680,331368,372369,8790639,1506946.0,7083809,,,5216848,373022,885889,429237,131751,2751390,3125625,444167,121077,572271,,462760,385558,100487,1656790,1630849,,2055180,83427,137717,1616091,808411,178787,283597
2017-10-24,519258,103329,975460,2883262,2113513,384330,1532471,139130,22893150,415015,700459,19777683,2071778.0,8270138,,,7363819,441238,859410,453363,172770,4680539,4082584,641174,141663,520566,,485047,364040,202618,2716542,2030428,,1897441,81427,175424,1490862,1416570,66932,317877
2017-10-25,424470,104892,1009363,3073321,2124634,468883,1492674,168200,15315219,320726,522228,17935959,1812824.0,8357387,,,9641638,461595,934883,459733,126905,3397187,3485235,528953,121747,512348,,376290,526927,90546,3392342,1801441,,1780828,117597,227265,1446537,1004824,134267,335493
2017-10-26,627938,84189,1361169,2698266,4664481,1758107,1343724,167182,15572256,433503,791147,24296089,3007098.0,9032890,,,12834154,664132,1291710,1051924,272007,5087560,4680724,736754,501962,1670228,,359492,324060,98766,3722603,2773831,,2729898,97430,198213,2236735,1055600,213594,397189
2017-10-27,601986,126544,1472548,3670545,2892765,652855,1955585,259199,13415923,418829,1243114,18794530,3292900.0,8961715,,,11443604,616726,1315995,692370,203924,4140862,6799629,544905,335253,850842,,1106044,360448,114140,3356657,2482288,,3381379,109733,164987,1718622,3212159,239792,290078
2017-10-30,456067,89230,865626,1847535,1843020,399691,1066998,369078,7992328,300839,681470,14474391,1689203.0,6816109,,,7569961,497376,861492,435376,165160,3924935,2902441,506252,214169,411336,,1066452,252721,142190,2194702,1525390,,2744284,74199,171581,1588376,2725741,162228,351187
2017-10-31,0,0,0,0,0,0,0,0,0,0,0,0,,0,,,0,0,0,0,0,0,0,0,0,0,,0,0,0,0,0,,0,0,0,0,0,0,0
2017-11-01,1114602,76366,1348143,3401739,3393188,519659,2442706,629382,9414624,556872,697507,18897548,3749484.0,24246761,,,11849267,731434,1822831,708083,207703,8815546,6158393,790283,242936,627288,,965896,393862,126156,3826753,2883252,,3844260,92715,276389,2283324,2954200,143167,648729
2017-11-02,643815,113621,935409,1454812,1559745,442972,1694754,257790,8579161,311139,520888,22913643,2430521.0,10779332,,,8071340,557598,2143657,477061,136086,9427659,3294799,464819,144288,555283,,791231,377415,180000,2144870,3138965,,2209121,74348,218743,2199975,2252911,136127,488704
2017-11-03,495932,71130,1167871,2049949,2058008,376684,1261667,282652,10621006,316321,491661,18437497,1823441.0,10832354,,,7982853,656887,1456103,658306,92526,4748461,3347425,407761,174189,486615,,557710,336139,164269,2624702,2471097,,2103724,53752,287087,1447035,1470943,128591,382899
2017-11-06,1048539,60377,800456,1624704,1454412,352850,1518663,324641,9561904,291377,381558,13790060,1695922.0,26786874,,,6765481,535820,1137294,452913,91947,4578751,2869933,587553,163754,385280,,412327,349906,108313,2664356,1429833,,1332796,52633,244547,975127,1499328,125989,474137
2017-11-07,822646,111648,1081888,2093906,2100297,403997,3155505,385370,10225557,461162,366426,14514345,2067081.0,11416772,,,10600909,602664,1366120,515314,289539,4329858,3369622,571816,184676,641021,,417040,699701,171531,3896053,2188992,,1917292,106575,342474,1738358,1376407,179867,2415227
2017-11-08,638639,84381,975450,1988734,1885528,510261,1701211,958534,13026703,489489,661511,19262305,2812715.0,13248482,,,9864769,498048,1176587,507914,198397,4299638,4099661,523116,153000,626664,,631060,1377244,197120,3376881,1929337,,2085015,73068,1059078,2322368,1716034,207859,765717
2017-11-09,2235579,83848,1356657,2453843,2977054,458683,1791437,728005,19919797,792408,694978,23827910,4210855.0,16331088,,,15724556,602818,1359966,509790,249699,8192568,4320687,848270,251332,674772,,755389,845478,204295,3726940,2461805,,4666242,61071,660445,2222962,1938302,145765,813730
2017-11-10,1351864,158860,1624554,1730883,2288661,377651,1450662,621194,13776052,586149,545885,26053404,3245948.0,11868726,,,12584979,590384,1306017,451931,178747,6600627,4203739,952135,183614,859175,,497328,450459,203129,4627213,2050239,,3441802,62258,448887,2690642,1501326,127014,418827
2017-11-13,808624,93557,1278708,1834087,1886734,363681,1156350,330838,13993292,399239,407024,18902201,2795909.0,10181967,,,12297543,602384,2108087,602544,192248,5254134,3496688,493993,149133,745192,,376202,608737,212021,4106052,1652064,,2755842,67627,289415,1795850,1411558,130022,485473
2017-11-14,1007133,75069,1162888,1741623,1698572,388306,927821,422942,6632631,501538,344862,15893440,1711950.0,8145957,,,11530898,399331,1327693,1498841,262587,13256787,2998792,433895,427586,612227,,262685,490713,166263,7434319,1688691,,2461822,46671,320013,1392427,868771,185701,485698
2017-11-15,849944,203581,1357507,2272071,1945815,453934,1596394,505747,24080143,446720,544093,31198178,2652860.0,11317092,,,15746282,585210,1398640,1047785,201807,8075750,4353768,556069,296889,682525,,563253,391660,152005,6866791,1801838,,2629371,75044,304370,1776202,1186056,118128,352072
2017-11-16,617637,121953,1039867,1654452,1669203,327266,1106880,340187,14838116,310274,564929,21012890,2481667.0,7749078,,,10969182,432381,1421857,693855,144341,5672216,2800925,649315,149318,398669,,523333,476665,168929,8355837,1413080,,2426753,62314,268758,1274813,1564817,78751,566564
2017-11-17,931843,59657,1327016,2011114,2077611,390882,1184540,240631,9286470,359925,828149,17585968,2374833.0,10508922,,,13413856,622988,4900738,605596,127689,5351561,3298582,471356,237211,649586,,343625,342712,113632,8747133,2285562,,2972551,61709,167870,1321958,1327879,134666,311671
2017-11-20,471215,78303,1019787,1559422,2052400,391402,1376355,369340,13348023,325719,401867,15197129,2742519.0,7535851,,,10283951,481149,2376621,563285,118226,3853650,3411792,421439,139358,457281,,1219238,328447,105363,7739845,1402144,,1992530,89516,166203,1333281,3335432,97710,523826
2017-11-21,639120,88090,1207353,2169314,2129120,301355,2235339,269504,10081185,347007,491045,15366378,2245749.0,9313131,,,12917367,372831,2484142,673076,210248,6237066,5313644,488646,271317,448563,,1152872,1286766,98136,7642400,1750996,,2487451,72875,236442,1931447,3869781,120609,327569
2017-11-22,557297,95597,1018206,1893403,1755278,334234,1378224,293699,5989170,343454,458126,10962538,2198006.0,12618782,,,8950816,439251,1792152,502038,179328,5029259,2947210,420700,223235,539936,,572072,541444,126985,7218958,1711131,,2479901,62163,179311,1242408,1576506,73388,425733
2017-11-23,454582,31194,1053048,1386153,1479051,241039,1005293,396684,6535139,336260,290878,9967014,1532995.0,10252333,,,6970179,381996,2786390,506441,138561,2557407,2236734,565386,151951,462736,,590516,223334,128493,3934262,1255863,,1881610,29443,123987,1465464,929206,46057,256830
2017-11-24,565448,50480,951529,3582399,1546957,215234,838832,233914,6688731,390095,255046,9627791,1590302.0,6541160,,,6570531,376776,2281226,396981,101241,2917751,1795071,541451,179808,290543,,543571,315729,99261,3834203,1274547,,1627075,21634,168379,1261173,1329438,34041,380105
2017-11-27,461028,74011,919289,2046293,1694952,316195,1165467,287574,7248669,307450,234341,11443970,1536438.0,7543511,,,6221570,378144,1838398,446713,94562,4510777,2137347,604246,214250,375228,,419114,538000,87459,2311834,1383823,,1888294,40403,205889,1381909,1094034,57129,384565
2017-11-28,511487,70242,884874,1579188,1262733,376325,1759448,281584,7626101,384873,469635,11691913,1712817.0,7017425,,,8009273,344440,1666817,452897,85502,2948693,2313854,883558,177653,413701,,587725,299895,66976,3285862,1390440,,1937607,61944,214037,1285073,1028781,62760,483512
2017-11-29,900871,116454,1226066,1599620,2015600,379761,1724493,258588,10733995,470499,617012,12899572,2572083.0,10443561,,,11768558,403248,1508872,558301,258560,8278164,3502836,939800,261496,662030,,929059,284069,87518,3878194,2331358,,2448303,57002,240259,1883820,2536097,92306,337255
2017-11-30,1046891,73133,2389183,2919701,3005345,985009,1574719,464414,11333079,726990,707686,14275027,3040983.0,19722598,,,17107609,700457,2131542,700794,320510,10922599,4493481,835347,3665720,1085656,,937840,643952,139432,5948546,3631786,,3731878,86464,453757,3835436,1891413,104645,539322
2017-12-01,814902,101413,1727194,2992673,3014430,514197,2262673,274295,11929086,700526,756778,14003321,3375060.0,14796786,,,13552604,657170,2122440,689510,190266,8557759,6026277,703336,312257,1084093,,641913,422190,109387,5527205,3130812,,4131842,118857,263558,1886608,2322953,85100,394275
2017-12-04,663220,107452,1185978,1724642,1754752,364160,1766084,300012,11042773,509140,464706,10330730,2999698.0,13463710,,,8454783,1163023,2336548,769037,135914,6851895,3316931,559648,228202,463432,,674631,400391,161006,3015595,2131835,,2283238,91931,214113,1666350,1286326,85130,255987
2017-12-05,542846,75449,998348,1750715,2110064,351101,1462861,348498,5826922,489353,751694,11537269,2908825.0,9877870,,,9538531,611607,2561004,717009,154185,7678384,4003758,505588,184354,541189,,592047,369188,185911,3092257,2063502,,2875435,67016,379175,2457617,1298478,135564,335477
2017-12-06,712983,118973,893925,1588991,2757646,350979,1934668,345582,10448987,532145,516237,11827378,4321869.0,8934058,,,8868812,551750,2492836,676420,215844,4841313,3328054,856731,180609,592816,,456051,264267,159856,2675822,1955948,,2458607,110469,275706,1520965,1499027,103545,385986
2017-12-07,547397,63134,796113,1749891,1793891,337947,1234105,328771,8395874,385740,558151,9512640,2524854.0,13318348,,,6903431,444476,2478771,492206,124289,5344090,2157091,598106,273319,637444,,486235,302934,115835,4334689,1572775,,1829684,82784,371502,1735532,1172440,133061,286264
2017-12-08,689626,66006,1246000,2218670,2290287,380280,1793352,210404,13579421,415661,575872,24585872,2814398.0,13255747,,,8779613,647793,1969054,612098,135561,4556819,4201346,533111,158205,624353,,510776,327729,99949,5270782,2528295,,2495207,120297,247884,1626570,1265019,109994,541803
2017-12-11,1030162,89132,856204,1438683,1585652,248626,887022,242237,6881660,269347,473123,10116213,2296769.0,11920247,,,10447841,806454,1522692,369233,194181,3030533,2666561,438582,200620,391094,,468859,326668,103744,2702108,1442357,,3201169,58015,226659,1316408,934935,209506,480960
2017-12-12,864438,80134,939779,1557310,2391863,325409,1317568,339236,8037609,294999,461809,9604308,2590977.0,10615751,,,9173835,665001,1863647,410022,154574,3568234,3447664,450143,243228,362093,,466608,407034,104555,5419314,1730790,,2331748,59985,301196,1863358,1196259,153282,375496
2017-12-13,1424597,185639,1088750,1699305,2029764,225619,1235097,386210,7075600,334394,410400,9820827,2600840.0,8826821,,,33648171,592361,1154927,389216,197151,4272746,3946140,371912,174158,423858,,452723,491633,200352,27014363,1388581,,1755087,64679,293067,1306801,912727,134120,441845
2017-12-14,1319192,230904,1579928,2187898,2652232,381697,1502163,340810,9599924,389357,590753,12560608,3141712.0,12976932,,,24704077,687112,2890543,618465,189869,4394106,4112196,461183,330972,764353,,589786,436784,152851,22529947,2596208,,2628431,74390,340387,1567787,922243,156277,451852
2017-12-15,1765858,644504,3042717,6116152,6284432,706414,2584282,405448,11651082,712760,1019361,26606739,6645632.0,22346890,,,25076740,1194300,3950636,1099174,280824,6074695,8399302,860995,315477,1439126,,617770,1190343,165796,20045829,7562793,,5749514,103464,477571,3447072,1618741,179709,742442
2017-12-18,671710,72944,1255490,2095664,2496855,358971,1675383,316581,9031897,430117,471554,20202960,2333664.0,9018140,,,8325901,627371,1665310,795525,120761,4434851,4133008,584427,219451,660903,,464293,370553,104436,8790821,1962959,,3162259,66019,198069,2646354,874186,175033,684453
2017-12-19,472602,44776,796320,1452493,1638496,283860,1083201,332492,7048847,297772,355909,12473865,1916154.0,9753931,,,9705665,487343,1174086,656667,180690,4098372,2197688,446265,108643,486659,,322866,231824,76648,5674568,1512590,,2273947,47777,258958,1658502,627587,265846,460928
2017-12-20,526915,83453,1146377,2028451,2720347,388894,1292879,373673,6284912,352967,449400,10210189,3158690.0,10275569,,,11120418,649498,1114938,892056,135965,4443059,3245231,497846,115722,496535,,294489,285383,134122,8088579,2240968,,2355456,43637,211682,1780343,884744,127361,304946
2017-12-21,642033,65470,981202,1593495,1750820,381529,1500394,296789,6927817,282118,470731,12023710,1802191.0,8776918,,,9590049,520138,1239731,390750,97660,3333459,2417811,339438,111993,497480,,314363,267486,96345,4891095,1863466,,1884432,38892,199675,1746231,620997,94855,379096
2017-12-22,693943,71220,737506,1178342,1241700,226461,954800,331894,4088729,198187,279015,8687316,1428815.0,6703194,,,7136948,402151,781640,398721,73607,2799842,2299374,362743,99537,311370,,203266,258579,64038,4983688,1585328,,1434778,33133,126166,1063830,511508,59361,154475
2017-12-27,429614,72688,624558,899321,1100499,195293,593335,182854,4004747,233933,333795,7066492,1419097.0,5813688,,,5746408,416494,663064,267864,86407,2974954,2108404,329385,92435,256870,,181542,287367,83082,3211462,1425624,,1219953,37695,120126,924389,613251,89825,289005
2017-12-28,393977,67209,742997,1067955,1353453,211913,750441,165875,3997702,178037,235980,6956824,1214903.0,5918845,,,5767048,353926,685301,297236,84415,1847246,1959689,279054,67892,297405,,167992,294156,78386,2068137,1312602,,1278482,32838,130692,766911,422703,62498,259232
2017-12-29,364619,57939,982319,1458660,1377554,177499,726308,194460,2577799,164256,246828,5592819,1451469.0,6676568,,,6460376,262496,776208,207949,49387,2212688,2092948,294785,56934,327427,,236532,213998,63190,2286402,1289163,,1381345,31153,86894,758087,446048,43522,110811
2018-01-02,587067,96995,1479063,2418347,2775239,385905,2673332,217608,9698183,274545,391160,12548973,2553973.0,9227359,,,10660669,426477,1485985,606617,131962,3593808,4792431,396156,108083,537540,,395624,371222,78907,4500143,2334984,,2973145,62720,146448,1601908,1319104,82793,262764
2018-01-03,662050,75080,1378661,2014077,2700266,274044,1396762,321375,7932492,447108,510040,15445581,1999207.0,10636356,,,9891646,385923,1255782,670617,105574,5399190,3507533,287744,82524,520730,,425916,431251,119852,3654456,2346852,,2753898,75331,158331,1862272,1426451,109856,429602
2018-01-04,806719,144998,1551761,2424483,3053135,457445,1872794,340340,11895512,431744,555468,17568313,2565756.0,12657675,,,15445164,641655,1417425,726189,183733,4878603,4368709,445848,131516,918868,,434069,410492,139426,3830500,2403598,,4003075,63030,233442,1771639,1564533,166985,566624
2018-01-05,693116,87812,1319824,2147921,5363406,332758,1911027,171048,14581198,514175,346393,33995534,2285414.0,9220936,,,11986371,535348,1685413,716828,111294,4183197,4198945,700894,98093,481718,,586777,448221,95592,4423702,2114301,,2482415,59394,327823,1617725,2195933,171342,239747
2018-01-08,805948,82969,975348,1743044,1969239,813959,2298840,193854,12394925,577071,432958,22861725,1856802.0,9419755,,,10324348,423496,964412,534666,131885,4415816,4754655,518934,73248,460108,,395798,403071,126235,4682072,1790705,,2387301,85775,204591,1422770,1162286,214957,343947
2018-01-09,819076,65888,1150579,1552643,1997499,597879,1582875,338319,6400835,1771232,387757,17739005,2454952.0,10509728,,,18708174,586731,1041901,972281,162428,3952932,4000960,380932,82476,487987,,522953,523689,129428,7519879,1974442,,2813423,64288,214043,1335377,1061304,139694,358417
2018-01-10,781315,124526,1295873,2358809,3021907,466041,1775183,345520,21881850,1092237,481075,23587748,2907898.0,17121321,,,13978850,629913,1494699,796977,132169,3761111,3413353,468350,145875,540801,,548587,342173,180572,5348420,1991305,,2224640,67222,289346,2123375,1086120,165227,398610
2018-01-11,817213,170421,1150834,3049311,2638733,462888,1874650,301412,14170459,724766,568823,19514183,2627361.0,20463409,,,11321090,553601,1333352,698214,135981,4692422,3991073,548326,109512,506782,,422970,332409,168194,5580486,4274991,,2407496,50184,375141,3049053,1037871,147474,833193
2018-01-12,864400,73591,1231006,2057586,2259881,404460,1688266,200588,10087046,319983,548191,14266354,2246482.0,11949897,,,10460609,608722,1080887,469649,203248,4016127,3868963,453221,142972,616941,,736029,423798,200595,5031428,3437210,,2639323,95032,221168,2329639,983517,314662,303005
2018-01-15,621731,88495,923834,1517805,1699211,216587,1147113,220342,4389747,319456,343024,7953150,1725265.0,7247362,,,7570356,587469,769987,375675,116624,2292893,2597992,364181,126457,436439,,310201,182162,118754,3137678,2053812,,1737442,63207,325872,966699,696267,118226,234495
2018-01-16,698077,67509,1181565,2003713,2376335,291876,3615171,349222,6709561,576172,557612,10291307,2482943.0,11252703,,,14713377,463474,1044663,651660,138765,3759434,4106222,490843,167496,588363,,599113,381716,158554,5000953,2964495,,3201667,66168,233721,1432686,1960833,133035,512336
2018-01-17,663694,60366,1137284,2379163,2666213,391204,2000833,274273,8679642,481340,447795,11817738,3043652.0,11170527,,,13379912,567064,1478096,590981,176780,5242761,3372856,551930,193431,507260,,519737,467861,175136,3821659,2829909,,2511736,52590,233688,1835756,1479320,170018,700215
2018-01-18,934715,273535,1103234,3849495,2209652,300715,1825822,261946,6711139,513761,332978,11472194,1834758.0,11665749,,,16014160,517299,1114047,621463,165760,9846038,3880581,664656,89551,590748,,329514,327561,128629,3950920,2465389,,2409866,52634,276783,1505882,1187082,161938,632166
2018-01-19,2755745,120526,1567307,5752102,2888187,353148,2699990,230112,11735438,489786,494003,14553062,3004250.0,13021185,,,14308845,706970,2256422,655462,128772,5419524,4530497,675971,156059,606178,,459116,290443,153576,3610653,3322023,,3056374,59758,188780,1316703,1565822,155882,458809
2018-01-22,1121036,59673,966496,2041674,2588856,263525,2371524,192841,9712310,338599,287465,20340267,2026249.0,19839789,,,8037051,490242,1116761,510150,142633,4102011,3510303,443552,85546,415265,,449900,255740,86830,4974952,1925206,,1941850,50830,163314,1560318,1764845,112240,630560
2018-01-23,1284706,77328,1175755,2154363,4505648,318950,2066384,206842,8100341,395538,612786,16720457,1866297.0,14497182,,,13753824,582043,2039766,598196,102393,3740266,3939308,590155,82000,619981,,664932,355083,187330,5748891,2512030,,2828277,79875,196714,1818526,1849879,300810,514785
2018-01-24,1076683,86986,1020137,2430027,3770712,310205,1749576,277192,8720260,570699,804725,15672405,2176595.0,14196218,,,16904559,771466,1485916,639836,104497,9279496,4267546,490134,120305,572579,,471795,322671,172462,6475223,2778543,,2665176,169721,265873,1686804,1350565,151853,432613
2018-01-25,1062728,149503,1244464,2951628,3111672,378055,2704983,337092,8737415,506394,452166,13727918,4318884.0,14538957,,,14474628,610326,1730814,769851,172117,7139578,5330385,520999,215364,611108,,693688,490751,181756,7603150,3056036,,3182074,97335,336604,2584656,1492560,155487,495296
2018-01-26,656724,107700,1035270,1904554,1986601,282002,1476005,267666,8819697,349193,527103,10351664,2464764.0,9298182,,,10226168,605145,1157282,620721,125830,4317241,3363119,463331,168922,520067,,383026,420240,124724,3779686,2043138,,3082129,70836,510163,1692529,834092,222899,587349
2018-01-29,534401,67893,1004068,1852352,2025779,287579,1165711,241484,9330944,319191,382499,12350637,2390925.0,12106211,,,9893147,382157,1377643,584270,142102,4857416,3614576,572498,115882,411343,,436398,657479,109174,4091272,2300555,,2125598,43367,225361,1984645,1031696,187364,501757
2018-01-30,924993,62002,1372425,2656528,2454115,495014,2046851,247551,7995086,478847,550101,22832825,3665467.0,21564892,,,12097189,743343,2035919,799159,117970,5648917,4563148,525870,183149,599204,,453501,509459,99785,8155615,4982722,,3241165,111811,246332,2361054,1345896,145870,373760
2018-01-31,1207147,81891,1293110,2603476,2666805,414011,1810660,263585,7396161,551734,546230,16897184,3568156.0,17947666,,,12075627,703268,1742066,767858,148178,11411167,4717339,617966,161267,615381,,573336,480501,112941,5829331,3511792,,4869858,212731,271294,2649452,1292804,255187,436954
2018-02-01,942051,136372,1668129,3374767,3248015,390262,2097496,316153,8729034,685609,647781,16363759,5032919.0,19616673,,,16528119,1034840,2468140,811901,147586,6401285,8607338,1029255,273642,763895,,550446,1192477,156238,7063798,3262345,,4298294,167762,299620,2930264,1419121,324888,323498
2018-02-02,938757,152528,1389137,3319599,2861728,488572,2584355,292880,9589733,659608,649391,41388661,3483645.0,21089038,,,14600985,1181181,1681878,706601,149126,7749961,6271656,559831,137947,744996,,641050,661357,121539,5364835,3560357,,3251692,126329,253140,2006235,2080247,196173,242110
2018-02-05,904140,119252,1690182,2832460,3404784,360893,1778846,188149,6358470,446673,761533,21980378,3562506.0,15295951,,,16223681,687455,1640077,1001029,136046,7822745,5031850,672782,200598,1009936,,917407,540294,179719,6139992,3817294,,3549553,123868,285772,1720153,1675116,211361,438318
2018-02-06,1675479,389004,3611475,6216382,5796991,691712,3284077,377408,17366777,1053746,1393333,33215578,9949316.0,31818695,,,24651620,1413883,3160166,1532085,278691,10474046,10180486,1487337,336678,1992367,,1191405,823340,449460,9162886,6703229,,6941544,142806,547146,3707019,2841768,386000,645627
2018-02-07,1468664,215464,2393548,3750195,3863370,488261,2193123,367463,12676176,693024,1001407,37059448,5030224.0,20829065,,,18588606,981383,2013600,836891,314788,7885481,6317393,663615,243463,1440611,,765867,748145,190673,7485211,4015307,,3893346,140513,498126,2823128,2177110,283329,462456
2018-02-08,1160386,113222,2294569,3732881,3765513,371520,2281946,436650,16340300,591399,689666,25741046,4270125.0,24604435,,,20641779,853417,2443616,636033,225693,8006786,6596018,752976,204782,1087349,,686044,433015,180941,9981795,4560804,,4583497,114616,255785,2539204,1738159,546489,301562
2018-02-09,1153046,178562,2790253,4197137,6131927,527755,2301451,272375,18810686,982601,730452,33071547,5846027.0,26130841,,,19614891,901227,2416800,887976,310098,10560851,9038408,780966,185220,1286618,,466657,679699,178703,7470688,5529684,,5322847,128989,287778,2368702,2218393,361871,547060
2018-02-12,953287,174272,1806592,3113686,3365270,288132,1938620,247308,9993328,542724,511041,28376833,2741801.0,17356073,,,12647664,551679,1646204,633551,244156,8061433,4971679,549502,266540,811475,,475731,586771,181956,6938042,3376948,,3306896,115026,252840,1450130,1439752,241999,309128
2018-02-13,750007,63877,1344140,2226801,2664188,238154,1202146,211244,8888127,414005,382587,15744111,2889570.0,15295943,,,13463673,434921,977105,614320,222456,4878475,3378637,515163,154474,521924,,293870,410475,149719,6622537,3256811,,2468538,112707,162435,1310455,1042373,202776,294768
2018-02-14,883584,112906,1891030,3113274,3462726,350674,2251322,253881,14693121,605936,474050,20581459,3670420.0,18639345,,,17604928,639582,1766793,790783,325233,6714182,6494869,620297,192440,755882,,559262,580106,149458,7817238,4016728,,3831980,136349,255986,2598625,1555342,216594,353281
2018-02-15,619375,342247,1725578,2321280,3253663,575588,2052578,198985,11234654,590137,525094,17720986,3112631.0,13866786,,,15379343,448160,1261477,998340,158500,5850597,5595875,647499,245031,602219,,523237,606463,163165,11493551,2724883,,2828531,143826,260811,1865118,1400673,293888,311504
2018-02-16,991451,244230,2394763,2867326,3388093,377145,2078106,167997,8713115,669280,635611,16863561,3343651.0,17019216,,,13588284,614764,1645908,769910,190228,4410665,5784512,568716,188051,758899,,450874,464207,172390,4409554,3611138,,3325433,128710,222277,1738994,1239702,135500,419354
2018-02-19,450815,154475,929731,1545847,1638845,227673,1057637,150089,4569033,286746,385804,12275601,2409669.0,8653099,,,8521216,357823,852324,544674,80619,3651254,5680266,412631,120430,445750,,167937,259336,92361,4509989,2058197,,1639650,86277,159256,1212230,632594,76109,187898
2018-02-20,651393,100665,1271524,2562926,2378440,298911,1735358,175394,5741541,429992,599259,14016742,2294203.0,12022188,,,10968573,525950,1119552,667956,92530,5319574,4696971,494933,147508,579880,,338703,404557,130134,7257915,2456140,,2840210,95959,188765,1508338,1260827,123655,242921
2018-02-21,564900,76038,1127723,1900503,2154150,360670,1227161,182127,5958676,363712,763860,14211572,2144413.0,15910410,,,9737461,466116,1014233,834717,106228,3629060,3732140,506128,345363,507081,,619394,291688,118082,6012671,2643720,,2479019,198884,279117,1416468,1137050,95921,259333
2018-02-22,862264,110975,1372123,2502378,1861709,886100,1445097,174286,5367610,345637,810218,11953105,2236770.0,33866783,,,12495153,392043,1097870,998639,146725,5086428,3946851,422261,207961,558702,,430920,424493,117271,4598880,2436128,,2966769,103316,221871,1278065,1123920,111455,255916
2018-02-23,626223,68702,1109088,2014611,2048469,468376,3170037,125712,5673649,506045,470504,7787961,2124654.0,25770008,,,18856293,376483,913927,851693,112904,3871764,5478674,442459,153915,407146,,338803,501227,78813,5080757,2323106,,1512777,150194,184030,1751151,1946368,89023,219673
2018-02-26,661009,78691,1081620,2199082,2537433,386628,1760487,178102,4404810,404011,492999,8174091,1985430.0,14253116,,,11100770,443738,1566606,697638,155786,4177083,6649328,703109,125738,403361,,583966,292173,140832,3672270,2487095,,1989614,101655,142300,1553914,1690344,87360,352238
2018-02-27,474356,101520,1166547,3331896,2588781,512807,1763051,249528,10502584,385131,504688,9484022,2242271.0,14582575,,,9496676,1143876,2595878,878837,159928,4186084,5528662,432719,140193,383656,,357513,328174,128353,6484179,3211988,,2841687,114422,225528,1558406,1488978,101032,389784
2018-02-28,885265,46716,1381887,2493950,5723413,409136,2164993,329219,7044811,351348,639425,10196665,3772042.0,12226498,,,15472158,820626,1804852,782307,136414,4038584,4389436,409405,180492,542329,,326738,575574,131428,4711693,3458333,,2494558,124285,298659,2160221,1397915,111359,384895
2018-03-01,1173749,123562,2080489,3934490,3897213,1441509,2413557,185849,7441161,528159,837328,16593706,4359855.0,15073086,,,12730481,863581,1999316,932505,182207,7422287,6297380,1081040,174675,663692,,458654,485893,192459,4270297,4603441,,3925445,91744,271886,2581902,2062128,245965,1284694
2018-03-02,1016662,145854,2128112,3686532,3912439,924069,2576804,318424,9532152,554570,763476,17585980,,15637381,,,13475639,872402,1937201,640813,247297,6904560,6340402,762993,209612,1030340,,617781,427608,179360,4939628,4537415,,5740289,134570,312103,2130030,2093492,186643,750293
2018-03-05,811172,105552,2292621,3142585,3402894,690928,3411179,186753,8058150,590429,541244,15884219,,12976468,,,16993004,817502,1716200,556814,219929,5098904,5263574,642214,131127,791125,,528482,429684,165318,8461184,3512341,,3128730,109682,193672,2068562,1697684,139570,598910
2018-03-06,578619,93253,1283196,2408844,3347994,539015,1786313,183630,5989843,462884,531610,12996960,,18013176,,,10981137,542279,1550449,483335,152359,6064456,3926440,490765,184062,644106,,476173,359279,166707,9139684,2548696,,2377692,124782,266826,2881780,1936246,97006,448772
2018-03-07,455056,100797,1289078,2585546,3134601,423416,1932840,209582,6432398,515235,463520,12540799,4883377.0,12073006,,,8724911,646983,1785249,440833,148055,6180574,4374464,865430,137302,525561,,532545,548804,116605,6229348,4084346,,2572548,98441,208098,2184918,1401561,185775,657803
2018-03-08,998461,85038,1375151,2541612,2685751,549594,3022154,214518,10348908,540587,567112,11502455,5348371.0,12050896,,,10323536,506561,1345651,532966,146634,5532237,4222969,2084509,113389,498394,,283227,426711,114755,7489399,3596742,,2474647,100596,244699,1923617,1307704,153228,454718
2018-03-09,920945,91043,1522860,2846611,2580177,477792,1563445,249708,7668616,799830,572809,9697784,3663372.0,14516498,,,10344827,656026,1439712,655708,171804,5028812,3523556,990511,153155,550950,,319643,517720,96697,6028449,2802206,,2588767,116701,211392,2321385,1096932,166139,308397
2018-03-12,859407,129499,1044103,1651316,1783821,228214,1086510,222973,4031210,352616,396568,8797324,2601947.0,7416150,,,53049565,443515,721969,376690,202196,4765733,2279639,625962,103703,398434,,296413,349730,92065,34189517,2011463,,2070851,157226,227924,1045674,940146,252685,321657
2018-03-13,1736907,93326,1626998,2869515,3210132,389326,2099901,291514,7175928,516792,618777,12084386,3657346.0,13259307,,,38824081,754421,1564992,637386,473079,5878658,4582880,673858,126183,628396,,430221,395573,185479,15482326,3088073,,2625398,110741,239737,1738391,2077985,632245,249014
2018-03-14,3613861,97287,1678288,2767451,2597265,383785,1410863,819325,7226524,396160,716481,11070965,3683771.0,13998515,,,18295030,963338,1225949,720700,310292,4023295,4076173,606091,116803,640428,,453743,497682,216797,11869728,2577109,,2671670,86354,1374839,1939893,1690534,403695,246044
2018-03-15,1722781,190049,1554641,2853654,4980986,468065,2007692,481493,8425216,405700,861126,10831462,3900746.0,12017242,,,18372101,829111,1263578,555702,278952,4718918,5028048,492340,142990,1007891,,560753,401142,226242,8088364,3153212,,2941129,95276,572484,1643023,1949481,217797,310951
2018-03-16,1866982,641126,4299605,7132536,7817278,619272,3314005,530365,12644817,759868,1440187,24337587,10252040.0,32537127,,,30252281,1231671,4022849,983155,383659,6403326,17697759,907687,215530,1662786,,795058,902552,847232,9358078,11629531,,9043714,161922,730466,4516475,2001883,279834,451476
2018-03-19,853490,83670,1377264,2445243,3090158,496482,1543511,381840,8411693,434197,694149,11612773,3605951.0,14882872,,,15756074,754900,1259281,1543101,187464,5039206,4633388,485486,112232,936686,,390914,422838,222824,5926026,3101052,,2827791,93825,405362,1297153,1274303,186770,402922
2018-03-20,999886,96897,1220094,1825617,2304427,340954,2014625,202544,5013457,433020,651317,8383031,2831546.0,10789027,,,9877163,571049,1143518,792930,158592,3471039,3276513,451109,110416,785444,,533846,585002,178738,4138792,2939027,,1826217,106442,238432,1934600,949162,117125,410980
2018-03-21,1026948,70488,907373,1970661,2892893,292149,1701219,167989,7367110,345618,599270,35211721,3118080.0,11266319,,,16639656,569901,966152,639508,126957,3732115,2522057,573670,133355,579464,,448739,287365,158250,5721419,2191215,,2280475,83167,221790,1642606,888633,139261,468221
2018-03-22,1398251,97231,1624131,3760357,3591630,540545,2086260,273995,19710899,651669,767352,25620915,4342135.0,20619828,,,15954089,642508,1427088,782778,145868,6275041,6726878,880705,139673,986855,,588276,554475,154079,6725295,3383130,,4375717,106131,299535,1817872,1277267,280528,713161
2018-03-23,1209390,130873,2317383,3819396,4739486,520489,2379728,266997,13827057,637588,830557,32815496,5607799.0,20102779,,,17271905,685861,1733719,765945,203100,6727435,6156805,587074,171975,1035011,,556348,453106,181899,6527823,4022805,,4099601,118736,341449,1928639,1954317,189949,413471
2018-03-26,836698,98216,1719413,2905603,2839548,376422,2072813,257821,11667682,407535,696976,16998795,3924774.0,13296330,,,12842003,631796,2695179,472396,131056,4274826,4071055,515508,148091,705881,,392065,409725,153372,4587312,2852736,,2776987,110354,295529,1403706,1299574,204257,369918
2018-03-27,846215,150366,1610901,2918069,3171305,339624,2598782,274774,11559323,533847,677061,17439257,2939320.0,10238343,,,13306368,759362,1582592,566412,173236,5578522,4816108,405874,97800,646338,,520698,352777,123950,4163549,3064758,,3192700,135924,344957,1445151,1227554,214441,500695
2018-03-28,834133,128742,1584780,3289246,3042389,620824,2177629,311414,12936149,416690,600770,16967950,3501604.0,12000937,,,16811121,574396,1595533,849517,240848,10448206,5066374,798625,136323,819338,,467835,472784,102399,4875797,3451072,,3370440,90415,381226,1459935,1290547,216397,483005
2018-03-29,799827,65365,1686524,3297454,3625363,592643,3863673,271372,7612874,755675,487396,15627252,3894815.0,14238096,,,14815449,644663,1466174,799401,172343,6152373,9651035,631652,134167,686476,,1055538,577262,128227,4887703,3404637,,3039514,96143,282303,2268605,2427652,149049,448645
2018-04-03,827519,159215,1481126,2537547,3286946,508350,1964750,302799,7839839,522339,582589,14029361,3509074.0,12061594,,,13470864,547634,1473215,712251,222924,5713129,5020599,471920,123294,546187,,688376,475358,197241,5513907,3191205,,2811642,114864,281211,1835272,1365832,149307,438237
2018-04-04,1002466,109845,1757357,3088886,3171062,457108,2433409,312812,10219743,502585,642426,18734786,3691721.0,12671601,,,11700018,787354,1343030,645358,232482,9161441,5910915,779485,120967,718680,,649253,570474,145802,4652336,3095131,,3174747,123338,280721,1704730,1297364,252785,498263
2018-04-05,1287753,120011,1644635,3410957,3211367,446890,2300732,239853,11271332,444259,534534,18363917,3697828.0,16150092,,,11972056,875395,1742729,660392,245001,5543561,8007385,785719,114946,854438,,668848,423607,127200,3217888,3158815,,3651008,121804,252454,1517001,1602811,183326,338829
2018-04-06,721588,68000,1259614,2421543,2306253,362741,1519153,163223,8167090,439635,487527,14413549,3664633.0,11303738,,,10261288,529278,1338564,758301,123634,4342329,6719957,476617,80988,711166,,436289,327467,82350,3414439,2465087,,2699123,85394,197222,1202533,1093634,188546,256575
2018-04-09,725282,37448,1130466,2028826,2069581,280669,1285442,163961,6739539,354183,489178,18110479,2432401.0,8857230,,,8607367,549509,1188557,493704,171324,3578831,4625003,329352,90252,515413,,327261,382705,91668,3643570,2503994,,2063935,92823,157399,979621,897827,111611,235427
2018-04-10,781158,106589,1042694,1884678,6099974,343550,2546726,233399,12909875,705085,377810,14688234,3659695.0,9764294,,,13562350,491877,1141440,566195,180595,5738105,4996603,418124,105209,525890,,987183,348400,157181,4056256,1941766,,2071518,75936,464449,1619411,2478287,110860,283017
2018-04-11,672758,88950,1079876,2224445,2788255,218073,1606470,274063,9405662,463108,495195,12244036,2701734.0,27355884,,,10201628,546993,1126899,540112,140759,3855325,3508102,440728,124991,775767,,1025910,236309,162765,3535182,1797529,,2236686,120573,310168,1356442,1743565,134833,482928
2018-04-12,708327,167210,1174624,2128218,2809389,326371,1663299,298054,6911946,462252,930691,8885555,2907778.0,11899793,,,10987874,402314,1246811,535493,93374,4408243,3373140,442289,136547,550739,,1001150,493260,106457,6205498,2086605,849837.0,1940653,62775,285203,1083179,2090322,105825,238916
2018-04-13,545709,169981,1042591,1838018,2446753,356749,2563552,200646,10253322,383261,688905,12060158,2228590.0,9233665,,,8517480,356286,760864,569362,117544,3742159,3440194,512848,110626,404606,,638582,386052,287894,4089048,1960084,505986.0,2158842,106277,321137,1661843,1754153,109934,221699
2018-04-16,471458,49546,807129,1515741,2165613,267813,1378065,181114,6557202,305442,472452,9177755,2038875.0,10971578,,,6809781,502043,785015,442276,102411,3244797,2582185,350522,49797,391987,,424098,233534,116150,3058198,1509727,496807.0,1941077,127661,423083,992059,1439618,98945,329876
2018-04-17,754601,66348,1319332,2264874,4253903,389674,1696324,226614,7585292,445786,464470,9236762,3546339.0,12449327,,,11443917,778276,1591604,582098,126717,5473273,3487587,667539,116765,640728,,411876,298048,99925,5221421,2543745,728523.0,2219185,130748,399904,1177319,1127054,141324,338282
2018-04-18,739044,70035,1151195,2046284,2377695,279870,1762344,264895,8113573,1988713,426555,7700297,3506071.0,11399319,,,12608767,453141,969962,761267,210121,4468750,5782087,587866,91895,629026,,497514,336314,145920,6374934,2101965,530239.0,1775046,124084,355637,1279378,981031,121411,266652
2018-04-19,574145,67281,976570,1823285,2157956,401604,1054586,225632,6514694,922352,376298,8628504,2658098.0,7986512,,,10523729,432092,913295,497056,136284,4992174,3233334,611980,96357,577440,,376311,375374,88853,4370438,2124598,672840.0,2959527,108443,247974,1333773,1040354,108476,346541
2018-04-20,737378,80317,1628478,3353880,4047703,411826,2062292,264853,6367858,720986,585696,14817003,3325576.0,15282668,,,17713798,573371,1498196,958521,174970,6707885,4428728,564355,83971,988862,,361171,440089,68803,9388706,5270412,487396.0,3353099,148651,286280,1814283,1155947,121220,225891
2018-04-23,387709,71854,1248169,1753764,2067631,409018,893740,377019,8934272,566131,290584,9612796,2789172.0,12104096,,,11334148,1461303,2529179,638028,155411,4448880,2967257,460671,78524,913633,,385213,256849,77565,3547217,2054614,1011838.0,1800519,158730,149087,1517532,1014503,87786,255040
2018-04-24,1313417,71198,1291967,2478654,2360832,502321,1198737,352367,7813292,803713,552311,21857304,4820004.0,13422598,,,13009987,1120948,2159017,713152,234015,7444001,3858165,536756,123409,986134,,377151,368860,132458,4460497,6003527,941859.0,3168015,233140,220287,1513651,966825,117028,310665
2018-04-25,995976,149925,1585920,3805851,2236934,492138,2601689,331837,10288199,687868,546247,16347531,4068997.0,11977494,,,13439218,678613,1635749,595260,238036,9096644,6009177,505321,132983,1322460,,464549,325998,182791,5662143,3351233,827263.0,3537782,216108,316172,1360367,1329102,230505,466306
2018-04-26,628515,97972,1604668,2448651,2269475,367984,1826617,363838,7618934,497776,625713,25226438,3172539.0,17048451,,,12744037,745164,1379192,562111,227365,6414547,4720598,407843,130818,928320,,476574,270984,142103,7235617,2787701,778434.0,2538133,191594,223815,1442163,1839110,178250,554882
2018-04-27,593777,105867,1288258,2577380,2113164,283759,1478294,298290,7613493,675436,420747,25012710,1827161.0,18473633,,,11305752,505162,1816286,556612,147948,4606446,3991724,759380,97323,485404,,350512,316509,128835,7690693,3808489,633999.0,1897049,153475,145692,1115361,1137801,90507,253097
2018-04-30,579400,70712,1232442,2257728,2160428,397328,1469495,408720,4765724,432649,348234,10597628,2449929.0,28759250,,,14599589,628971,1556036,469881,179305,4378738,3152823,522122,175715,422713,,291669,384620,133807,4289909,2616577,760094.0,1895045,128921,260294,1762027,828466,144992,301219
2018-05-02,929312,105657,1762744,3450053,3065919,448258,1827946,390616,6394845,611263,910597,11501668,4701270.0,18903929,,,15614737,785941,1696007,985043,330320,9157163,5461430,610891,252860,770822,,630251,465435,137631,5251608,3471269,480172.0,3413062,174168,270149,2404544,1905094,206746,661545
2018-05-03,2442159,53549,1475221,3001222,2329204,320608,1633660,275532,9124792,449893,386898,13193542,2629946.0,16470339,,,14274850,798885,1439053,682061,210555,7359542,3448166,326759,197632,495039,,438114,560700,127969,3389072,2407417,1091177.0,2237179,122291,175369,2840538,1534996,108047,412008
2018-05-04,1563151,39072,1317457,4824097,2967063,316602,2154701,352761,6714852,408256,519732,11089668,3005227.0,12260880,,,15839669,649716,1350442,635702,188979,7582234,3354390,499126,191146,744031,,365935,613682,256579,3822412,2610513,697162.0,2500191,86653,249964,4085255,951734,82393,583352
2018-05-07,729987,87262,1094649,3521614,1818436,351726,1358397,169884,4308157,272042,275920,8199758,2505437.0,7466486,,,9383316,270811,805160,356670,357099,6300833,2690401,266895,100246,552292,,256790,392917,172227,2993432,1898674,433042.0,1439939,73148,272584,1290967,871213,93711,449332
2018-05-08,759888,59431,1201539,2400291,1768092,753119,1442881,508674,7639083,389756,375519,10645002,11430810.0,11804350,,,15674601,408435,1416765,669055,311264,4440782,3245213,360814,144015,484222,,457627,415832,224589,4066497,1987752,798297.0,2207000,104259,567541,1646888,1018196,129210,1072019
2018-05-09,1263990,73911,2000610,2264597,1778761,462884,1464674,803314,9604731,396257,353926,8654052,6261922.0,22257576,,,15174202,402061,1112771,718124,231662,4129957,3102020,516949,146274,704545,,424823,397047,169297,2835688,2450649,480417.0,5535684,76313,364969,2679580,1097121,102195,501041
2018-05-10,643777,27243,1118352,2547886,1627987,255205,1122857,297787,4356390,388912,294950,6549664,3423407.0,12586435,,,14172090,295631,702973,449661,120773,3536563,2308568,489762,70923,398329,,307830,369048,103744,3616635,1863553,359448.0,2567257,54261,178030,3538388,666136,118723,326046
2018-05-11,540357,54268,1063506,2215290,1841041,381816,1415910,586896,4932590,513838,432891,7702763,5326898.0,14255279,,,16013543,331845,794266,485897,146588,4347963,2719532,417187,93210,588141,,478979,621136,111762,4005209,2464833,500270.0,2226313,113484,219025,1363089,679104,85123,373286
2018-05-14,617111,133085,993174,1629328,1603614,282067,1302747,322115,9471084,294624,353835,11505320,3148382.0,12239687,,,10448508,418359,1157578,556707,155767,3433569,2669217,742493,153012,370529,,337795,482940,120477,3377775,1863791,530188.0,1666293,81879,226292,2387466,598549,121571,339302
2018-05-15,788811,213033,1122168,2631972,1909419,313602,1402280,392457,14651316,375119,534206,15958267,4078312.0,15278952,,,10876975,439329,1002646,555369,161108,6188413,3366697,1969163,111482,496480,,441106,450413,115215,6086995,3044566,520757.0,2315329,164287,210351,2334977,762437,151456,473277
2018-05-16,1062857,153079,1297628,2267261,2374755,246452,1302623,396006,21447997,428541,659260,21956941,3569811.0,11686252,,,11135773,435962,1064447,564122,154320,3466671,2389148,1084955,132860,496627,,532771,305905,125410,3037115,2270457,470280.0,2229476,97828,271554,1697617,701795,98139,348651
2018-05-17,688277,119250,1109603,1957603,1849961,276605,3055220,265250,9110464,496727,383394,11884427,3212805.0,19987983,,,11311634,853873,1274826,643220,113716,2975807,4077664,1646235,135828,518296,,503334,500393,176196,5219443,2679716,516500.0,2113224,106944,428590,1369824,668639,78528,596874
2018-05-18,1019077,57482,1755359,3642891,3620502,358469,3033082,302901,11183122,497267,638915,19201502,5935116.0,23524894,,,16901600,657872,2307130,824363,122428,5358702,5632065,801348,82391,950641,,423791,400310,73703,3908096,3735841,466777.0,3491809,173926,245955,1708778,1113532,92915,442837
2018-05-21,0,0,0,0,0,0,0,0,0,0,0,0,,0,,,0,0,0,0,0,0,0,0,0,0,,0,0,0,0,0,0.0,0,0,0,0,0,0,0
2018-05-22,794465,82370,1089103,2896995,2574670,386708,2975893,251494,10857063,542780,471556,16775788,4587141.0,18565755,,,11757101,590500,1303425,783289,137913,3885839,4804882,532443,159966,567141,,681018,393871,117527,4260256,2341480,387308.0,2229062,111545,266078,1701672,1385734,107719,454898
2018-05-23,778018,66078,1517065,3294233,3097420,333519,2098718,195708,9516704,438633,521458,18594452,4135059.0,14921395,,,12761295,496900,1198479,597444,140821,5590791,5032478,636342,278986,837857,,525091,397943,101765,3920318,2947963,636623.0,2783836,146146,315075,1717866,1171179,133233,402692
2018-05-24,933728,44039,1079182,3162486,2368079,339380,3685426,283280,24805472,592935,413254,40178216,4457936.0,18568929,,,9848449,472720,1271384,607617,146906,4744415,8225937,601452,195813,634663,,974074,539560,114477,3442808,3043284,455488.0,2696523,180206,269016,3015606,1902127,134344,543403
2018-05-25,1132105,35966,1139030,2446596,3602444,372595,1593244,274003,14683011,500896,425181,21782510,3531084.0,11950401,,,13201947,495640,1009522,529675,138461,4480020,5402348,757883,154203,553716,,470491,438751,83257,4164983,2793208,510846.0,2199020,217704,267109,2355266,1074854,91963,435958
2018-05-28,522583,32486,834857,1670341,2129973,195469,889027,79408,13772329,246211,247545,13669425,2750790.0,7218240,,,7672646,316717,623639,382629,80277,2558024,3802876,316101,78477,300941,,261610,200812,42802,2087753,1968790,204418.0,1750755,166497,123348,1092790,812866,72640,329500
2018-05-29,861072,80764,2400717,3889925,3832093,418278,2349165,213616,25397489,729312,667253,45395234,5011465.0,15345675,,,11996566,655711,1614330,706265,266699,5658524,6749448,807919,166755,1178849,,758506,515930,157653,4945793,3773526,650686.0,3529421,208120,302533,2988233,2066993,152319,351492
2018-05-30,839956,37766,1835447,2986291,4961380,310818,1281623,238775,16718129,482300,625161,32299501,3954878.0,15195844,,,10178995,652932,1215525,789402,241429,4443443,5563140,1333146,124142,844293,,518320,639575,109824,3798543,2573071,415882.0,3172416,304215,302341,2867689,966247,223701,286906
2018-05-31,900526,81347,2181089,4318449,4974857,544577,2864005,498421,24718423,591653,860439,60614123,6012373.0,15545861,,,16201340,1110013,1855373,901263,504511,5844861,11917337,987797,234231,1317608,,712231,1169485,183305,4389634,3386416,1648594.0,4571410,2831494,327531,2938186,1729943,607806,577277
2018-06-01,734769,45463,1335142,2462031,2970157,395533,1640058,253436,17751226,415821,461038,37168444,3782646.0,12485552,,,13105672,591650,1356796,621986,225652,3922932,5644672,766059,180113,820182,,960159,427863,108554,3335751,2879694,379080.0,2585263,249665,244613,2214392,1448668,216240,394556
2018-06-04,556834,53191,942263,1761990,3532057,261944,1029151,195287,12484851,315184,546204,22254669,2641758.0,8620396,,,9363187,440673,688491,459478,211274,3088563,2697139,977625,150350,565587,,368995,407697,113724,2998938,1541129,523022.0,1453093,133384,196046,1798900,718066,456119,587518
2018-06-05,693574,43260,1339099,2608159,6343811,369030,1553102,298692,12246328,491990,592736,25084440,3404903.0,11888700,,,12145739,672510,1092131,565599,193307,7103180,3889656,753330,120751,756389,,425028,721823,138406,2525623,3108099,652229.0,2109609,220801,192236,1324881,855618,293981,430897
2018-06-06,1131359,41379,1434657,2436527,4612243,288770,1237137,167546,17588914,444621,431771,23011080,3322781.0,12203160,,,10675195,653600,2235778,683381,143245,4774545,4556981,601621,72722,698648,,380207,379610,151211,3203703,3148530,763650.0,2168457,152763,261171,1532918,817930,313277,462631
2018-06-07,991579,53370,1000193,1990726,3198136,313924,1315099,247807,15654329,310695,390145,22292536,2820772.0,9591359,,,8400617,434720,1558287,696845,145487,4020293,3420675,414226,92111,542664,,444009,438005,94865,4146324,2546633,779734.0,1663240,96779,242391,1577505,857422,328266,375032
2018-06-08,589676,58174,1392173,2715162,3808775,318820,1715634,213830,14072183,380239,473094,18648384,15850320.0,12051205,,,9399529,535581,1503613,637030,148926,10477451,4284531,467851,72943,628310,,678633,374613,63833,2509220,2728772,752562.0,2443230,117266,244024,1658948,1429136,370490,239422
2018-06-11,610541,33220,1212549,3227009,4829970,259075,1430816,209068,13827445,631637,756299,16333841,9214341.0,20296266,,,8577863,592475,1247115,499030,151554,5878858,6225168,684926,110674,500675,,468314,542068,67881,2513838,2792398,636760.0,2443960,88801,276596,1251513,867322,270187,244984
2018-06-12,649193,59054,1051694,2583747,7204162,273743,1393346,278720,10571427,555147,382329,12930645,10000060.0,14628211,,,11832489,453009,871229,589882,155744,5605226,6487717,517171,100457,529451,,598492,537462,82705,3287934,2389139,1733863.0,2194199,94997,339152,1067324,830768,311667,354491
2018-06-13,797368,77714,1046718,2440802,6597770,237478,1569056,243172,11115265,406726,407939,14097718,6348139.0,15595088,,,13439009,536436,1003181,493327,186665,4632213,4031527,439704,124832,502578,,439631,454566,127818,4022679,2592730,971281.0,4724496,138585,609912,1170017,859739,254534,460657
2018-06-14,973620,214455,1826382,3865008,6733401,528251,2261081,392595,15275311,535598,691666,19072682,7771907.0,16411372,,,17944890,822952,1971993,996720,166978,7260453,6436250,625855,163823,813939,,469284,402293,181764,5952995,4218256,750144.0,5116175,139171,466854,2708048,1563617,223629,503491
2018-06-15,1582798,263943,3846090,6619292,12895664,781680,3446088,620396,29074625,1344706,1314512,38917914,9116453.0,31658546,,,35695648,1496116,2753573,1249732,344566,9547152,23837094,1134896,197528,2231235,,674449,875764,185875,10405370,9203429,3696328.0,8049910,297202,930043,5694402,2240779,239608,1397885
2018-06-18,894020,84136,1042728,2196376,2581104,367104,1388980,179136,8940094,460071,292321,14388881,3559349.0,12157155,,,13099116,551758,989661,581130,183896,3829336,3830538,405212,75174,574756,,506723,339136,99666,3973725,2133921,475257.0,2318856,105769,338128,1208887,2210716,200577,299203
2018-06-19,1036011,78754,1530450,2786184,3725118,450462,1808000,378510,9881279,1030452,527831,18095900,4905671.0,13657639,,,11640968,609088,1228565,642593,231978,5643258,4227489,412108,91050,654532,,730550,375268,168626,3463364,3237111,643556.0,3048961,111961,486018,1405703,1847030,272205,287583
2018-06-20,960937,47407,1097237,2091417,2760836,369819,1629537,338407,9066208,648513,577011,16383680,4884526.0,10598008,,,10728039,504320,1043847,530046,108399,4844104,5589429,442108,141033,482936,,583249,431838,105988,2684808,2558591,752896.0,2320050,85204,294904,1347779,1750904,332385,277719
2018-06-21,769276,159675,1300498,2916533,2792664,1474612,4431697,387062,11955518,1094823,569310,18611384,4149336.0,10325789,,,10266962,413652,1284193,628377,265802,5945098,15115590,451227,160626,739976,,781333,496848,321415,3001465,2341860,1158618.0,3149571,82254,352585,1348579,2464814,262968,413717
2018-06-22,560719,134618,1128577,2195601,3221446,843681,2758764,261115,8209831,657981,505578,10643343,3676555.0,9341000,,,8679329,390332,842236,441874,239742,8654800,7037240,324164,173058,545055,,571237,366252,245064,2685123,2218270,632966.0,2454467,67106,362195,1156092,1250945,172184,351276
2018-06-25,844629,69490,1264478,3001793,3575523,567861,2286834,258690,11803621,871376,382107,13305643,5458866.0,10289827,,,9066667,505000,1381378,465928,167363,9586319,6570842,479726,104514,609203,,683285,385343,272807,1962572,2967070,870736.0,2582402,79227,316639,1485146,1326479,218957,277310
2018-06-26,785448,126312,1305404,2714210,2429057,775695,2250569,304122,10178497,559887,448372,12581121,5259254.0,10636700,,,10949376,463638,1121263,552638,160601,6273352,6311920,319349,128941,723095,,857928,557413,154590,2855802,2452073,687421.0,2258522,66694,277924,1431637,1442453,190220,418750
2018-06-27,800914,117268,1738849,3344988,3544417,452891,2643327,353593,14346746,721891,470906,32220185,4761323.0,13516799,,,9228346,538304,1617371,748122,179187,8256619,7611711,570748,123953,705569,,578510,499254,381336,3260032,2516617,1259529.0,3089755,78325,329406,1449133,1463401,286003,480333
2018-06-28,1077079,41071,1247513,2825998,3900739,409773,2180236,293295,9460501,1049209,388293,17116101,4609747.0,10451725,,,10181875,648348,1231290,635852,148970,13444115,5900182,451260,93855,606913,,714608,431726,246655,3053298,3492285,833574.0,2670989,71737,293766,972106,1706638,192758,515157
2018-06-29,1342933,89192,2245810,2954482,3247192,438463,1684309,370692,12931587,740558,641972,24454316,4093140.0,12371791,,,10563743,617755,1185052,793867,189678,10010141,5030311,560100,173512,893094,,684544,609792,144612,2705339,2975506,830662.0,2793269,102670,370939,2197891,1301646,224727,786779
2018-07-02,884657,106386,1344069,2118721,2434947,360487,1723023,225330,8630805,664792,559432,16389948,3315179.0,8768179,,,12282037,387409,1099607,550612,164166,7287916,7251870,593775,130512,619099,,570015,440945,207155,2882787,2079677,784042.0,2436744,79491,207153,1685698,1623335,235454,368386
2018-07-03,530002,63522,1952351,1768688,2426416,272722,1626197,291981,7645943,540060,408302,13546806,3149084.0,14793163,,,14259061,469545,995052,458826,179076,6369105,5434548,677057,115160,570890,,423638,384534,215431,5728929,1869784,670126.0,1749441,91293,240515,1229567,1046033,235697,497159
2018-07-04,600851,42849,1015709,1437427,1498536,184315,1055663,263875,6241189,351268,241013,10830079,3117878.0,12221269,,,13988937,1222057,750534,275585,124329,5867381,3446422,306775,118108,406484,,290939,276571,228357,5200017,1490026,453499.0,1382293,69984,223305,965014,827513,143051,188984
2018-07-05,651541,52970,1297200,2228749,2710979,378315,4320581,176763,13240842,843644,435400,20676214,4156398.0,12402191,,,15351143,620135,1180575,628368,125994,7222852,7635157,409478,81762,534003,,951576,403968,234531,4855322,2242900,731726.0,2286710,73005,333980,2355533,2295415,153770,261494
2018-07-06,556345,111954,1357455,1898768,3157846,291879,2203861,278494,9449641,526467,494914,37158572,4795154.0,10291760,,,12988588,720160,1298087,475063,176267,5016492,5301472,517707,110178,646933,,497028,517967,208833,4706233,2184204,627593.0,2247219,87526,519557,1500016,1173541,214798,375192
2018-07-09,501370,47320,872982,1363258,2099089,267482,972165,164545,4254642,399872,458131,14082193,3308088.0,7368314,,,10778894,481253,838909,435205,99246,5143743,3152064,352001,69616,337758,,330854,456051,222159,4470950,2140416,767934.0,1799041,55527,240030,1537490,942432,135268,272090
2018-07-10,745414,85823,929111,1575972,1957219,246541,1154715,203538,8040201,444183,412501,14268211,4766960.0,9388481,,,9799859,660832,1403365,432239,119728,4828559,2786135,446164,82623,319369,,447722,466561,204442,4294198,1898444,1029256.0,2024420,67233,284519,1217949,745773,283099,560581
2018-07-11,545757,73881,1214038,2294608,3287463,467273,1715985,241388,6068101,465279,509621,14430916,4564984.0,10827549,,,9654421,546546,1173053,457058,136811,4493725,4370066,397279,108926,654732,,481250,598844,135094,3005761,2231014,832497.0,2309869,97810,206749,1025753,1164387,173278,331907
2018-07-12,565365,59792,885594,1490443,1864679,506472,1557826,255882,5975347,295523,473651,11584638,3933431.0,8524879,,,9975116,805787,1400047,486970,118749,4550958,3433219,338635,75783,566165,,411097,573063,418550,2571660,1746937,888087.0,1459010,116587,312353,1057955,820794,146838,969164
2018-07-13,687390,64050,948002,1524710,2632792,347806,1053721,222791,7600054,345478,462219,17827481,3984803.0,8446875,,,9201715,417014,2315509,440380,153911,4689724,2763168,329701,100128,523865,,307994,303256,217298,2449577,2000564,738885.0,1585720,68556,276066,922925,825206,172309,496837
2018-07-16,598771,57176,951390,1131474,1508279,238145,963914,264441,11673297,296365,288972,43814802,2855532.0,7413145,,,7677322,370631,1093321,448276,105186,3361820,2843005,304745,73499,392554,,433595,410024,134523,1760602,1273286,525894.0,1191857,75438,203323,778767,853678,116636,210456
2018-07-17,742774,90799,1373368,2519959,2793410,286545,1171800,224942,8491389,437294,402601,22188583,3176340.0,9520892,,,7251442,481622,960076,553292,145746,5013246,3442011,314489,116768,527670,,429570,425214,176929,1994224,1943590,849013.0,1766762,88755,265633,1285380,938030,85105,373476
2018-07-18,699820,74162,1063447,2011053,2392064,230487,1596098,413676,9828617,1061291,497871,14391391,4828562.0,9178995,,,8141914,449408,897628,478893,151598,6375238,3958713,298764,91737,459758,,736986,306350,143856,2271191,2078557,891889.0,1604329,73723,327713,1056867,1260856,149962,274168
2018-07-19,416211,64761,969720,1666756,2258956,238637,1134812,291447,7884836,800401,482733,12240970,5541705.0,7714648,,,7198306,395796,953838,539594,122922,4841142,3545385,251574,72777,526433,,568400,322801,163456,2763664,3850730,773244.0,1980685,67250,481413,1035645,1122785,89244,362636
2018-07-20,719381,115522,1753077,3074755,4626312,455329,2831606,214396,7340499,784391,701327,16702556,5256342.0,13419426,,,10016464,693706,1576849,789794,154454,5940619,6490409,461045,107579,943188,,526248,452678,197079,5342812,4663920,705957.0,3122837,99136,315365,1411795,1611510,149032,468272
2018-07-23,406863,40628,833301,1152647,1931237,188725,1362825,184100,7276154,587625,525853,10375634,3877233.0,6117517,,,8175037,362870,655255,374904,75115,2919312,2815121,353737,73431,384478,,366550,383355,107675,2454761,1873272,671017.0,1193253,92070,154775,773307,855103,132856,406825
2018-07-24,458297,62080,1213035,2246075,2333217,271193,2108128,213476,12293123,560524,662815,14216887,3975582.0,10205183,,,12023903,516889,987732,431430,92780,4522691,5579130,359776,138372,544976,,721683,403696,132134,3111251,2233043,643075.0,1963517,172364,203105,1248761,1750333,181860,263260
2018-07-25,462469,58010,1266049,2516936,1989839,268433,2520774,166012,7643242,598812,492107,14283949,3905132.0,9174141,,,7996793,630661,1064630,942411,98925,7796306,4963923,305849,111314,572625,,829703,299878,256753,2061746,1845506,700184.0,1783911,115868,303673,1031759,1666434,191201,227496
2018-07-26,1060954,159643,1325464,2792154,3118469,327785,3902616,223458,8897914,711002,762986,15816063,6101443.0,16080764,,,9978035,790951,1211629,549786,117134,5870475,8129837,701580,196219,512866,,784756,372539,205401,2663740,2587040,850850.0,2899906,107961,256009,1387247,2197625,266848,307427
2018-07-27,581347,43278,1200410,4810309,2785445,436115,1942834,173915,9408522,436261,801618,11884388,3395097.0,22247922,,,11060166,442966,934707,540400,110265,3977654,4389517,451518,130979,438032,,516187,545500,115771,2861937,1794644,608967.0,2090429,62162,223770,1381388,1116046,209055,230063
2018-07-30,358594,43321,838998,1806099,1539646,208881,1008836,120939,8340274,233835,380924,15409783,2111416.0,7536782,,,10796224,482040,733884,302206,82161,3944325,2300675,296170,129432,305499,,267606,348125,89244,2068621,1620245,1223372.0,1224903,44287,129529,815265,809150,117321,286115
2018-07-31,578533,50512,1519466,2840356,1896578,253243,2149877,304004,11948881,454951,543546,21542897,4303932.0,11006589,,,9601930,950882,2412377,542097,143756,6428730,4599787,513516,189554,533406,,652210,666328,129559,2423727,2727085,938279.0,2013498,76435,195787,1356702,1270584,264161,292977
2018-08-01,614051,51233,1225689,2321335,2012916,445760,2560371,276512,6948896,939531,492716,11834946,2971903.0,8331642,,,13523513,777131,1861715,541606,137927,9369036,4864284,480885,112113,432184,,740667,1644433,139786,4460237,1898971,597539.0,2461195,100198,195234,1339118,2761582,149289,302663
2018-08-02,735520,64937,1663055,3848067,2416262,324128,2774645,211706,11640028,1143733,497577,16574965,3425405.0,11771714,,,13594297,674531,2115648,560889,136839,5388648,4605085,622970,137968,530183,,589388,655468,259191,2721865,2235056,643022.0,5058950,95748,325770,1220310,2353602,182839,297714
2018-08-03,741277,52300,1133477,2092014,2166547,256505,1932126,145807,6452875,686071,417081,9806568,2477835.0,11703112,,,10978616,547329,1885551,432895,81786,4910607,2880189,529112,99857,383933,,386808,474633,176561,4392703,1630363,450430.0,3599149,65552,190853,1320930,1176873,138995,248652
2018-08-06,681436,59033,1049792,1918199,1461949,439687,1685798,159239,6166989,437153,423404,8391680,2700613.0,9665324,,,7770327,478451,1459870,498338,88056,3018990,2721529,814727,110768,480033,,262651,555715,230566,2268881,1550121,542627.0,2879188,52362,141873,1046787,757639,124825,505987
2018-08-07,595875,48486,1042882,2237531,1956776,861713,1439706,253805,17720089,528993,391860,9762516,6577794.0,12941349,,,8700318,572878,1446968,608380,88412,3598329,3383316,439381,137463,452953,,473752,523094,278800,2243146,1826797,754957.0,2363169,76578,285620,1107442,955205,107899,2046083
2018-08-08,740569,38519,1151798,1984904,1550723,545016,1431088,662584,11062707,443545,426282,12755277,5573170.0,7948587,,,22555168,473005,1635463,383154,182814,3838505,2157601,608705,159925,1373785,,487245,606808,130104,2926087,1812842,491170.0,1812176,63757,218955,910552,908549,207314,1362615
2018-08-09,2821645,42911,908035,1525854,1476180,384708,1393277,318936,6186606,443058,446421,7953194,4033431.0,11044339,,,10502541,532751,1481004,427691,220867,2969492,2484662,1573119,161130,623098,,395099,372265,153605,2297340,1372980,535705.0,1728526,63758,193139,1238679,779279,90119,1142180
2018-08-10,1106033,40345,2028125,3533583,2911404,302976,2074116,291635,12443884,497159,477492,26891013,5130973.0,15642196,,,15825275,611541,2023747,439165,157089,6907751,5391938,713321,125772,774473,,588171,320915,161833,2008899,2870713,499744.0,3164148,39542,259570,1612053,1278027,183555,545961
2018-08-13,700891,38972,1115059,2231758,15919295,267515,1204817,160595,10131313,388474,616318,18994428,2991231.0,8144924,,,9242637,446910,1087798,454211,142090,3326914,3016379,693726,90504,480170,,338580,399055,131712,2490939,1904698,368216.0,1849906,49615,309542,906946,589321,107661,464058
2018-08-14,663745,30176,1275676,1947878,5068650,364401,1377277,168888,7784932,386106,381622,13004025,2319331.0,9777112,,,11422083,497280,1058052,387013,130880,3585252,3838257,550626,119293,493417,,287688,314920,129946,6048264,1429034,549973.0,2086492,46478,855124,1214345,793502,127295,358579
2018-08-15,650425,58604,1456911,3234573,6593144,306237,1855102,200158,9278121,588596,440393,18979917,2893565.0,9681340,,,9850311,629243,975284,584584,136768,6059252,6172160,435727,103722,647702,,462242,293596,153944,3323842,2300498,734446.0,3065651,50732,459277,1501084,1962637,133498,544194
2018-08-16,655387,36492,1028602,2834898,11866877,321197,1272228,240654,8235929,455689,450994,11514960,2164082.0,7959205,,,7064807,424338,879905,1348254,149449,3965203,3331031,543914,80490,495993,,435704,347697,167639,1997099,2664013,540907.0,1867700,41560,347758,1184501,995530,114549,321406
2018-08-17,503218,27477,1086832,2305713,7033882,272931,1415425,175782,8750434,578790,431529,14393764,2616882.0,9319610,,,9951016,391337,888400,570810,160307,5114880,4523685,408069,52393,419013,,522536,254428,179330,2459737,1753722,365602.0,1818782,37639,193543,1322778,1226563,112863,245605
2018-08-20,421929,43007,752709,2520845,4962863,298304,1128134,174301,5282876,452022,305100,8754697,2457398.0,5968110,,,7185974,466911,760821,592987,122572,3425878,2354096,422642,76784,242962,,435171,352286,135695,2289290,1315440,582686.0,1452662,37919,209040,791749,661764,90337,330161
2018-08-21,623090,30532,768569,2322995,4749699,274971,1871873,188152,7407481,429947,502678,10770631,2645385.0,5782949,,,7643476,452015,720858,493912,108150,3974510,3541027,469841,91651,319144,,488581,376604,204293,2458041,1413522,448101.0,1768578,30243,238286,1288507,1150636,73482,278761
2018-08-22,401192,32015,919790,1820079,4228454,244263,2081932,272013,5690023,4647884,747211,9838456,2262783.0,12261275,,,6360455,590322,877725,601396,120321,7102050,5149935,353884,90028,359076,,456595,717695,204571,2739646,1313977,480054.0,1584708,58687,255614,1068759,1585333,140852,360539
2018-08-23,600939,34354,713770,1462595,3693683,392437,1647901,206863,3676214,2759623,517087,9779747,2341260.0,6217465,,,10288681,417380,887364,372121,126982,3645986,3302386,367896,120340,305886,,308207,275548,172419,2971382,1452137,380077.0,1807329,35778,258501,1038406,834134,88494,377689
2018-08-24,639676,33620,887663,1836974,2129226,261799,1009129,115704,5996108,994521,363787,8245287,2064645.0,7860730,,,9494880,370629,1278947,287008,89474,3278495,2425566,249056,127306,404416,,304191,202956,106866,2013572,1244897,686673.0,1440472,38224,184933,1126007,817975,195815,226503
2018-08-27,424170,55099,741548,1714988,1552176,200349,1772323,148914,5173719,1152830,348489,9419188,1740006.0,5477787,,,5943425,349482,760443,214780,93594,3643993,3110483,213859,68266,284388,,395627,214674,101165,1482167,1166752,306693.0,1278054,36216,164052,729401,1019609,61473,189214
2018-08-28,500255,59067,905735,1684454,2231560,234475,1976748,267693,5269635,1140028,556729,10268712,2101830.0,8502078,,,17331124,729079,907765,357794,144088,3553813,3206714,302706,139193,313463,,516702,287787,128741,3342847,1526664,729915.0,1589366,46482,294900,954874,1184815,98254,284812
2018-08-29,622375,57587,909883,1429475,2275396,161800,1050776,218304,5476407,742694,318022,10017003,1759879.0,6132119,,,9686644,834417,964111,305073,157379,2799027,2302138,248399,83641,234564,,402469,246855,145680,1896872,1319862,983170.0,1266640,73362,272457,1722039,705283,60538,246499
2018-08-30,431631,46393,1120799,1844654,2483535,240302,1848549,189190,5555745,851730,515630,10578705,2154073.0,15332297,,,8047373,1421981,1521282,363577,143611,3315452,3881901,258945,146344,361280,,406976,351099,122871,1723838,1784078,534896.0,1430896,55107,240947,1602407,1186925,71744,201274
2018-08-31,503980,85359,1322771,2395194,5387758,410061,1853265,303409,6195426,888054,539516,11729358,2802367.0,11598852,,,14357307,984861,1094837,391512,217936,3524677,4022097,398353,223483,849034,,386087,531530,120073,2096761,2190787,666825.0,2218843,85672,246599,2479646,1154110,81618,369767
2018-09-03,432767,41091,700572,1209602,1679143,181969,1146980,404722,4713397,471115,309289,9029645,1653426.0,6002812,,,6596035,449420,654450,278014,145562,1924085,2927588,213951,181327,282747,,347232,184615,105232,1789387,915510,304722.0,1145363,47961,167042,1833272,1242999,69501,263063
2018-09-04,628735,73529,1142800,2313396,2915172,298094,1574985,272596,8155634,698201,402048,13163972,2441422.0,12181325,,,12817901,568091,973930,671057,196815,4453069,4032324,332876,172157,531547,,455270,335694,178169,3131847,1807374,522622.0,1780865,65252,186906,1698654,1158865,141024,365914
2018-09-05,817890,79763,1603863,2828592,5079368,404779,1615229,252679,12211208,1348022,532991,15339716,3150604.0,18908166,,,13668022,748676,1370280,558692,233163,6898803,4697548,520275,148676,508476,,364533,443238,173594,3866129,2784927,733867.0,2814813,81304,318479,2075173,1234483,120272,722813
2018-09-06,656032,76897,1097602,2290851,5945604,394894,1737455,273530,8531392,899038,447558,12247923,3064439.0,10517542,,,10556717,592511,965293,598106,177232,8294339,3291963,395571,154470,426302,,429506,498479,246246,3948957,2436139,675157.0,2402552,92850,283261,1835815,1033049,153455,965893
2018-09-07,480543,49946,1164392,2070898,6846412,329057,1155513,280456,10832072,833647,441251,19230615,3387047.0,10405142,,,13964709,525131,927090,445825,160764,9202539,3114952,575931,165368,362805,,457115,352363,134340,2682673,2801851,561015.0,2546512,62386,175041,1491821,928359,122854,649937
2018-09-10,480095,59928,1048286,2207651,4935478,226581,1015191,410465,7807498,567030,387675,12347873,2668338.0,8276784,,,14048314,406170,859201,376521,169272,5704711,3001949,381549,106382,337827,,679052,346343,124696,3698911,2272017,441797.0,2285535,46077,189177,1040378,1203348,86910,656474
2018-09-11,705989,58624,1040224,2222839,5718059,301784,1081649,295257,12827071,848122,608516,16589448,2460493.0,7876594,,,13420846,498929,1004120,383410,160457,6841914,3389029,510043,121589,683399,,626615,415203,110777,3770407,1944390,562690.0,2437360,62496,234071,1769813,940053,98217,295889
2018-09-12,567922,46108,1289220,2361991,4500241,343616,1346307,226044,7725058,784534,389097,12474189,3416363.0,9503559,,,32064191,524062,896745,334461,179849,15308929,2922573,463331,100495,374840,,599157,516779,120022,5326496,1737934,503087.0,1873091,77280,383639,1744258,1026573,281786,296149
2018-09-13,505370,70026,1209733,2717880,4155110,261844,1880341,184625,11211272,860275,482698,15639705,3058184.0,7610824,,,15746131,977231,1309916,263484,131637,10697085,4237137,624055,84584,458574,,1015402,418744,113470,3533381,1947300,454392.0,1835076,56696,218974,1585832,1573485,207962,241601
2018-09-14,357541,61367,832661,1751857,3761768,278198,1395628,222113,7590283,713869,427548,13405243,3031916.0,6527244,,,10688823,574745,1301226,425571,114806,7434532,4208237,736715,80069,434767,,1126396,475891,104275,2150070,1507865,427912.0,2052361,57544,188689,982606,1657255,161388,281113
2018-09-17,457495,36461,852443,1627717,3092121,209018,1555965,243882,5530276,518090,367845,11005450,3372566.0,7769179,,,10417218,415054,1046391,985623,148464,4209853,3178821,471945,78603,349652,,777971,423023,79752,2435878,2062722,534218.0,1723884,51293,201696,1008056,1099146,111265,193543
2018-09-18,445495,69912,965986,2226132,3141638,382094,1957614,487003,6988835,903227,380596,9869185,4084630.0,9737545,,,14133616,538963,1315883,525656,126019,5618265,5192009,579795,152911,304713,,1037991,528035,150470,3557985,2157780,613308.0,2046184,64510,260722,1314302,2383648,104883,4039434
2018-09-19,436671,39900,924848,2102712,3218078,277752,1555040,288496,12813909,843451,754859,18460005,2775832.0,7926243,,,21330016,467300,1133474,487209,109011,3944565,3601149,316678,183750,281177,,685877,452100,195104,3304598,1676623,530932.0,1623522,83548,244170,2001897,1410073,132363,1298750
2018-09-20,563897,122591,1534593,3155171,5082173,329877,2570524,358408,15122646,1500515,889348,18570849,2823459.0,12397989,,,14640301,528350,1530520,648068,148059,6637078,5154051,469747,128574,618486,,756728,490997,229885,3023497,2872169,723933.0,2584996,116378,312373,1732215,1528552,161023,1069053
2018-09-21,1572718,237992,3987588,6834496,8610344,629994,4350959,1023106,32201594,1483024,1559615,111008927,7360115.0,29726457,,,131626432,1315478,2759689,1133176,372884,12710586,11080038,824172,309737,1383564,,795453,2711860,442215,5149394,7407942,2172895.0,6721575,474655,767237,3596717,2831151,168310,1139747
2018-09-24,532959,56465,817742,2515036,2855807,299232,2303604,255666,9277077,498301,595906,12722513,2539266.0,7478544,,,15109306,479769,761927,327015,107426,3922361,4757286,233433,78751,329543,,503959,631117,154321,3484157,2071834,493317.0,2511785,61294,233805,1818700,1086990,71222,480474
2018-09-25,432766,40946,1090618,2641012,3628354,361763,6446086,351868,6979763,989602,516982,10323848,2264663.0,5995202,,,12622097,587688,1065050,511030,122067,6794962,7456840,425159,106564,373573,,580369,560431,134798,2146730,2469719,546753.0,1824431,55514,221809,1132055,1762343,133333,629028
2018-09-26,714130,69025,1098748,3764361,3841321,253960,3453388,292576,5261355,1016033,489605,9835100,3524935.0,8060351,,,9495632,507537,1067096,737258,116827,4588879,6050544,355421,109163,512512,,398728,475855,177529,3005497,2430653,405838.0,1696007,74266,262387,1308496,1507699,166725,553522
2018-09-27,495145,45261,988896,2500447,4714261,254742,2021708,163298,8298548,814838,336305,11007140,3444443.0,8496259,,,9665118,477551,968262,652133,105657,5270285,4670763,354811,85135,381074,,651395,377701,146927,3326540,1913077,325761.0,1859440,68910,184284,1339308,1594113,206002,726085
2018-09-28,621742,74269,1896508,5321403,4457899,355941,2785236,428368,14074387,855466,725478,22395401,3891052.0,12701360,,,13648745,787968,1418697,809382,250038,6057902,5255563,529167,137197,687069,,568705,754410,123978,5079976,3050317,636820.0,3107103,151565,290552,2508278,1458915,200642,768061
2018-10-01,588067,36243,1001417,1971067,2829248,229836,1561578,303154,5273764,768245,466604,12554263,3285693.0,7254435,,,9711254,1143965,4555002,458954,121745,4700125,3027652,376594,103933,316749,,390211,319351,223574,2887037,1526744,389151.0,2221991,130969,167271,1912621,904635,149453,685006
2018-10-02,449415,56000,982295,2071029,2638682,301823,1894977,297028,6604502,999560,451906,14062275,3112785.0,8520388,,,7893203,748369,2091093,478884,180091,9128935,5960577,404495,109122,428497,,484841,373750,173269,2410128,2078430,767875.0,4325000,71167,271810,1920870,984810,198519,515386
2018-10-04,778716,70634,1605403,3182641,3720035,401089,1908798,376237,10470996,1575239,614871,15233127,3923740.0,12380954,,,11358580,767773,2016360,1250740,172031,9185765,5169767,729384,156235,890001,,645987,719209,145377,6166796,2271727,728259.0,3741592,100974,314567,2926232,1162913,166694,478350
2018-10-05,575173,65240,1326239,2309926,2380999,311242,1568319,334501,4477742,1210090,505668,12769929,3484290.0,10287495,,,12532924,674078,1467147,1115987,164669,6834495,3581115,621983,103363,585723,,445411,446582,218326,15060330,2027373,1090364.0,2804783,104091,211322,1817124,1177414,133601,453639
2018-10-08,521606,166262,1004067,1966511,2891426,252799,1257138,329779,9110774,517963,546195,11935890,3064575.0,8787715,,,7409361,507932,1365494,578116,128834,6001952,3550160,396202,207987,575593,,335774,555412,175627,8590279,2221057,886677.0,2432577,112743,340967,1610750,787924,196357,626107
2018-10-09,799481,128984,1117451,2904337,2691184,298717,1639757,264878,7309329,697602,593663,10195272,2334503.0,9096350,,,9414644,630683,1328946,564423,140970,5756900,3722677,511742,209984,474286,,366599,497449,227372,6113355,2391236,959965.0,2811508,119678,412598,2156688,1111746,109292,777056
2018-10-10,1024203,116342,1467646,4580857,4492431,398364,2244337,842234,6169820,1083204,734986,13429620,2963573.0,25447028,,,12355650,677614,1318532,821441,251520,11705204,4994282,812040,212711,1054796,,680565,829088,426306,6780245,3586189,1036535.0,3481925,143111,496678,1834598,1655655,230094,770230
2018-10-11,1279437,310143,2466047,5055690,8495079,506078,3193410,654996,11655694,1401023,1039271,18350779,4988731.0,20729872,,,13581618,1026922,2833522,1006341,430577,15530852,6573419,972244,261105,1050214,,914578,1001005,373011,8597162,5210537,1705392.0,4341682,246728,638337,2948385,2350505,189710,1179311
2018-10-12,833237,148902,1542624,4127213,3924996,545670,1759983,421782,6882056,1030417,899752,11029462,3936217.0,14860439,,,10082849,663156,1716595,575312,262024,11013212,4034557,707847,174590,803255,,456319,612528,261135,7724968,4027769,1332060.0,3174134,126516,390499,1815504,1194692,183486,851033
2018-10-15,673517,89289,981375,2389946,2605894,334163,1571837,363422,4854270,667453,490859,9149051,3335951.0,12519862,,,6142767,459157,1147903,586975,118938,5275765,3786767,559559,239546,478256,,643645,394772,237177,3899742,2063137,1111675.0,2167046,74210,289659,1288856,1640865,135809,436019
2018-10-16,861149,148426,1292057,2709621,3124388,367323,1699003,400031,5316245,980925,718007,11728962,3896772.0,14593782,,,7390046,554636,1231835,420661,219374,7290371,4572486,615672,263780,753758,,1451167,543807,243569,3428994,2823038,752459.0,2494701,117519,302084,1912287,2203530,316725,479261
2018-10-17,746793,87257,1277606,3040559,2673002,505832,1385461,558333,5190710,743972,701874,12707832,2334084.0,13637257,,,7738873,5507685,7046931,509847,175631,7987164,3967350,1073027,140464,502351,,648280,663403,226685,3773331,2842051,1012649.0,2426582,127703,242731,2327068,984097,245810,423106
2018-10-18,687727,85034,1095645,2939178,2999877,469220,1212501,362422,6390869,723152,901244,11704745,2479215.0,18433583,,,7174711,2343615,3602169,451307,199638,7583250,3048194,1112614,181792,780305,,414357,697196,245344,3658075,6853511,653029.0,2378424,130812,368875,1887610,1146495,165781,395623
2018-10-19,878318,160415,1573941,3862099,3894136,516962,3589651,344273,9420678,2141555,749547,17798134,4337129.0,16325101,,,11009528,1239099,2366625,650764,172859,11373611,11434400,833373,200433,722752,,898660,605994,219757,5177857,5046374,581691.0,3791446,113032,397695,2044629,2178262,144960,421530
2018-10-22,763975,96737,957255,2374015,2971102,415410,1566574,296944,5801100,903163,556294,11793705,2567976.0,8887652,,,6547641,888645,1878599,406936,168136,5500381,5223704,703936,95274,444838,,422534,386698,229970,3249926,2354282,1190242.0,2323582,84593,313148,1329109,963036,131382,376070
2018-10-23,882807,148135,1642042,3876981,11459452,595414,2575794,495342,7977325,878139,786810,13497502,4769409.0,14525480,,,10732523,1276185,1508275,773973,223002,10327519,6627823,788949,162008,590846,,573945,577661,152813,5590395,3639614,956347.0,3583341,276414,359349,2112475,1707878,285770,536681
2018-10-24,829302,171209,1667823,3898793,3856163,406729,2310612,685190,8840644,874456,749887,26878371,3769265.0,15148918,,,6176492,1055704,1583807,826463,141401,16402915,5910554,557819,220591,504980,,1056451,527088,186032,3463509,2717364,822820.0,3132518,165854,289729,1250371,2296187,231826,464444
2018-10-25,810605,137764,1450657,4031611,6229012,456961,2813362,687960,7089401,2075687,1424404,20117722,4839708.0,18381691,,,6927500,969215,1696815,890061,172166,12993296,6983246,1015820,367351,596729,,869394,677612,282916,3473824,3499846,945436.0,3096626,141874,345178,1470462,1732067,383409,427812
2018-10-26,1147148,168108,2063091,4838026,4887504,527018,2465917,585428,6545865,1349559,890588,21620580,5084654.0,16299250,,,9502488,1251171,1862034,780273,181385,11915766,5303968,563181,200907,829932,,578904,545917,332939,5537609,3687425,758408.0,3669828,115588,340481,2251352,1390575,416738,545354
2018-10-29,639898,71045,1302193,4530575,3018099,507163,3653380,442200,6070143,1714789,451782,12337152,3249830.0,12173589,,,6529973,658858,1618246,570664,147823,13969743,7575994,653714,172922,547049,,881487,363069,300483,3913272,2365079,741657.0,2752301,88796,276598,1935899,2427332,230295,334027
2018-10-30,936516,113040,1203931,3904007,3402279,1058040,1932217,345978,6632312,1162463,764447,11322499,3546214.0,12069574,,,5544051,1680077,2956693,698349,152554,7721823,5082442,576275,171614,532344,,1048753,1165212,164535,4215156,2284718,956591.0,3141527,124046,310185,1556352,2700967,373492,371762
2018-10-31,1013648,136645,1646613,5149774,4000389,658506,2200260,491155,6394152,1053525,810752,11166424,11576050.0,17594682,,,7882310,1132329,2533184,861231,206299,9400014,5162553,773796,207683,713888,,995134,714736,226161,4252577,3823539,1244930.0,3881603,165319,337933,1952037,2099637,354203,481144
2018-11-01,835938,88672,1142060,3193164,3595899,409099,1659432,463165,4985640,784520,681439,20216832,4447088.0,9784673,,,7724017,901116,1808933,478235,267201,9081213,3478404,553767,169455,511116,,741831,590597,168892,2927541,2660127,658858.0,2556547,104790,283336,1700109,1741437,462462,481240
2018-11-02,733141,88733,1306371,5361217,3716799,348110,2425412,434573,6780940,1214181,874133,20372492,4618347.0,10278235,,,7006164,1494470,2726467,543408,148078,10830535,6376907,572134,141953,581711,,954881,785048,220526,3471861,2747881,1023839.0,3135229,136746,252643,1604519,2844565,537866,515046
2018-11-05,533411,62024,818860,2323613,1881890,401565,1325843,233846,3757538,910742,485500,9025972,3793059.0,8529534,,,8774009,852296,2358054,429090,95158,7471365,3094873,424328,131665,356077,,403893,370759,145958,2614320,1560961,1074463.0,1729296,117624,192300,1336059,1020943,515272,602426
2018-11-06,687272,55142,735221,2211127,2376637,358688,1357676,607330,8158237,774132,500492,9223312,5619109.0,11979347,,,19114601,813587,1713925,387531,124615,6858867,3105295,394979,258360,369101,,440225,553440,220199,2377950,2045445,880563.0,2054164,90447,214996,1641070,1240561,324018,1967780
2018-11-07,1688426,70257,952999,2275380,2528097,493101,3911224,641483,6303517,593515,421699,10426274,3207220.0,10989686,,,12015883,2806186,3250401,366332,137776,6904479,4015320,456898,144361,519125,,493717,632645,172417,4764251,1936607,786850.0,1844314,65316,709031,1823256,1179146,187857,1212652
2018-11-08,882199,50628,1259764,2344354,2022545,318087,2407914,723724,13986290,971803,455112,10619012,2732004.0,10368451,,,7785372,1546007,2300406,599108,203483,8735513,5282772,463945,105926,612281,,531534,526692,431188,3545540,1891495,1021834.0,2729066,91880,318538,1722802,1292793,273868,779163
2018-11-09,712740,61234,2168274,2972713,2505231,451480,2200595,803199,8126725,1143072,603873,13069029,2903820.0,10329856,,,8557054,1502891,2527393,642864,330458,10708937,3962948,483184,88983,622716,,625894,325318,424086,3983855,2394966,725085.0,2992308,61908,285916,1495447,2266275,309917,763583
2018-11-12,525368,61080,1372351,2836987,3376050,290902,1566238,599407,6685917,507449,614300,12252451,2796506.0,7801557,,,6567947,797558,2367717,579901,141865,21364872,4090694,487066,147030,495325,,277310,403308,260702,2789948,5416689,649550.0,3125860,113712,265555,1381458,909379,245140,600044
2018-11-13,739641,63624,1405133,3901015,5904875,399336,2107935,494800,4885709,914320,548922,10522920,3001414.0,13009939,,,10354259,928439,2684632,518483,194359,12692959,5555128,721491,157541,654617,,574476,321433,284184,3773151,4237369,471984.0,2559081,86305,193940,1348056,1177467,177205,392225
2018-11-14,600936,136325,1354859,2377306,5283514,415628,2677272,438462,5131932,886524,576611,8740232,3057406.0,11957721,,,23199138,803926,2667078,708226,193465,9156726,5275236,1398170,131179,581575,,588237,675354,231756,5899953,2432761,715771.0,2599519,78905,235165,2018244,1546762,166985,587005
2018-11-15,693381,98574,1446421,2800238,4164980,446227,2644968,525174,6854082,856457,496830,12225165,3126531.0,10538001,,,12055293,821024,1587052,925377,199582,6759870,6077505,1113570,122062,780865,,409839,460821,208004,11895688,2184225,597187.0,2869790,73638,209085,1351650,956012,139382,607972
2018-11-16,807446,71920,1695031,3495545,5436888,383092,1941853,344352,7360058,504981,997610,12861859,3474541.0,21502476,,,15901722,938259,1731987,1015408,156329,9362265,5884139,779281,170727,741838,,521947,371849,211133,6669990,3342852,603441.0,3365502,69978,352430,1708905,1932846,234601,1262288
2018-11-19,658543,71683,938928,2238570,2895885,236508,1711054,390779,3902330,521969,679716,8484202,2348857.0,11060596,,,8822208,815808,2243592,727189,126650,6105668,5362090,741345,125375,458292,,666174,316952,203618,3589454,3119886,510100.0,2508815,93256,251545,1251422,1666098,301792,947782
2018-11-20,880111,158313,1492390,5504804,3576017,513790,1624218,384751,7944323,669846,665197,25386163,2969019.0,16423742,,,10695499,1477221,3000159,614705,177306,9791342,5838024,690677,173291,823006,,580275,544659,336693,4125610,3398817,1151575.0,3198157,137529,270650,1702076,1385456,235770,963986
2018-11-21,656007,95200,1024268,2814739,3205597,320588,2035275,253685,5216596,624403,596907,11292647,3190749.0,13337421,,,10273996,1258878,2369157,656487,158436,8281867,3711428,528444,158447,590466,,631029,447415,263226,3199521,2427612,634788.0,2345228,93620,212948,1509488,1891769,147619,709213
2018-11-22,549624,65067,765907,2599403,1618512,254143,1040962,243014,4037295,299856,669322,8261975,2288210.0,9028505,,,10985353,711470,2098934,430862,116786,3826542,2200753,363478,95418,383188,,373980,372666,214732,4315481,2000725,312803.0,1750888,64639,134746,1124225,1120391,154626,310443
2018-11-23,496578,53848,735080,2043406,2129755,183732,952777,301394,4107036,348760,367825,8869065,2300263.0,7641534,,,6391479,617089,2220320,468516,124221,4650280,2409263,358212,88009,417814,,344506,434442,187890,5555090,1970967,312794.0,1655421,59755,275414,1183595,1017688,101119,404318
2018-11-26,763967,59530,1283239,2587093,3123255,262761,1548836,417351,7704235,846184,529175,15003367,3293864.0,18040750,,,6327302,735790,1986695,579584,124976,6590744,4191432,435041,142514,514200,,649939,395853,395787,5143967,2209319,502121.0,2586866,103519,194869,1384410,1014394,239666,604205
2018-11-27,602781,70407,879373,3233111,2699419,435872,1941777,251669,5932421,997516,476744,9554735,2271801.0,12045874,,,8957184,1350285,2168792,389896,152958,5733497,4428988,448827,101799,798310,,553078,307445,415045,2645357,1790771,437531.0,1858427,105132,178294,1365226,1779095,230817,434173
2018-11-28,530750,49726,892829,3117183,2573554,229421,1380720,370800,4681479,1971428,337601,8060790,2273756.0,12288249,,,8156814,961419,2101216,552353,148201,6906133,3709604,390043,94479,868840,,397789,410364,368432,2652676,2129459,410983.0,1884391,56186,184855,1340540,1324107,272051,393516
2018-11-29,581434,64932,998925,3488893,5804846,285481,1974610,294588,5146995,944553,694778,21799450,,10069346,,,9781540,732554,1853791,507112,149931,7454285,4413709,422076,122046,581089,,396745,372496,297884,3363139,2404207,546044.0,1910704,80904,190333,1409461,1201525,295575,460033
2018-11-30,1291447,32640,2368515,5212594,5207229,431020,2245761,565086,9288411,890190,560116,19048157,3669830.0,17893037,,,9208735,794376,1877403,498995,359266,7150430,8826948,530989,323114,759843,,758309,617705,265864,4266810,2860293,778021.0,2262083,141831,360582,3491066,1517522,180514,619384
2018-12-03,767795,75911,1261642,4395684,3976791,466905,4691686,516128,5720837,1147603,526177,13504097,3811744.0,12313199,,,8129709,874111,1640469,532910,169648,12649523,9224854,752410,167427,483136,,712310,546396,346331,3144560,2710017,576531.0,2910885,100233,250737,2468838,1821707,177010,422706
2018-12-04,773898,47370,917373,3821575,3250193,428256,2090935,426459,6459189,1084481,438379,11324026,3411820.0,11675291,,,8792297,636908,1318561,410930,151472,6353893,4442153,486741,195156,552672,,649292,408781,501066,2633068,2103533,547817.0,2126908,113591,220522,1910387,1276456,312236,427882
2018-12-05,508690,44309,1288772,3299183,4213340,263941,1451914,277466,5728579,753148,419195,13068963,2912339.0,9646800,,,5836226,678680,1163123,397976,151166,5853095,3426005,333514,129090,612249,,394007,307442,174777,2566602,2195229,358660.0,2456631,87570,288246,2341046,1145805,167904,532466
2018-12-06,917708,138706,2446251,5760098,5230352,640953,2981527,560953,9538240,974975,735281,26117216,5235934.0,17399678,,,11538237,1412289,3196395,787002,235584,8857890,11225670,598393,271691,1105257,,846193,494355,443761,3977454,3685357,933480.0,5066085,92611,351983,2708017,1983219,320852,715097
2018-12-07,890022,117190,1297765,3890478,5377233,405569,1885183,511229,8597508,657251,567599,13740483,3303018.0,11800541,,,8253056,3400245,12571226,472700,144686,5582110,6095624,414591,197508,608265,,613622,530953,234432,3870328,3047776,577763.0,2818644,126843,292962,1784967,1204409,273446,564953
2018-12-10,708975,85589,1549571,8988722,6337554,423169,2409172,389754,9094689,1162285,611510,24623354,4419028.0,15020443,,,12375118,1562671,5318391,748610,173819,6764419,7456465,343060,132636,763142,,572721,460976,229306,3728904,2988643,478558.0,3187613,100517,374410,1585109,1297671,260803,711610
2018-12-11,785219,119567,1335680,5272151,5018442,385821,2764437,758183,8105659,1034281,469784,15581399,4332614.0,14772009,,,11215009,1146320,3165960,557400,141404,7575828,8334824,425880,193000,548259,,826900,356253,287253,3464555,2525355,599626.0,3160792,73314,376546,1516775,1653452,223423,639367
2018-12-12,728347,124515,1444377,3867246,3418696,296896,2218925,492202,18612677,884867,626408,23854795,6218165.0,10515630,,,12076767,1032793,3898400,531796,156458,6891231,5898077,415674,171110,450984,,1078526,370854,227514,4085670,2703787,518565.0,2947266,72666,329191,1437064,1289200,187427,755009
2018-12-13,601006,98370,1104600,3832749,2474343,344947,2262635,443282,10032412,782573,654394,18106161,3137116.0,13070988,,,10400970,1299007,2415819,491998,105180,4607283,4449350,436116,142134,429252,,628702,318697,249199,5030550,2510159,499979.0,2549660,91273,347888,1785543,932623,291087,471407
2018-12-14,814498,122637,1158300,3294350,3478310,315622,2051889,533693,10666414,913183,527520,10446978,3713875.0,11300027,,,8057312,1309075,2212075,473753,165393,7577587,6168706,419943,126915,522330,,980882,443513,215075,3050269,2384483,730931.0,2288977,97526,379800,1319449,1331130,206084,636056
2018-12-17,1756247,76062,1118937,2762443,3371095,377177,1394876,615109,8408146,578370,675245,12249251,3310799.0,12100418,,,14343784,1431012,2011850,818150,168635,5987894,4334638,463714,126500,446012,,566798,371296,169777,3232551,2409088,786627.0,2175573,89366,294399,1771253,987154,243222,3791941
2018-12-18,985056,129357,1044298,3408311,3474679,413120,1950796,706638,11937800,945857,925236,11976842,4980457.0,18581554,,,11535910,1032471,2379665,554479,187202,6661544,5564751,674811,155538,640553,,640048,665261,236697,3626786,3124694,599076.0,2599367,137098,428773,1852161,1134293,202346,1263551
2018-12-19,697398,172163,1326802,4504619,5049523,438777,1582367,573937,8488210,1031595,827073,11792807,10005260.0,13821104,,,10697273,942712,2848172,647170,195431,5367162,5042530,782493,147896,610586,,486506,571345,211917,2897544,2824088,589540.0,2910644,99112,383373,2615327,986274,144149,984202
2018-12-20,820234,401550,1599316,3855756,4229713,365041,2950979,453348,13365950,726065,685328,28220174,5206875.0,18471957,,,12874187,1138806,2897584,771952,150925,8319590,5717366,528572,164081,583638,,568491,521006,253661,4527511,3259932,777944.0,4132343,92386,272072,1771108,1328154,230836,1046034
2018-12-21,2238677,415066,3334380,8841494,7947561,786151,4978117,830075,21622460,1372727,1310481,38586144,9461907.0,33422157,,,18955695,2891583,5274175,1334011,301588,12297359,13395029,1223151,371530,1314894,,1134954,976617,365840,5444153,6980413,1442884.0,7395807,165216,531314,4090229,2650052,384755,970211
2018-12-27,807876,114270,1214929,3574121,3809877,400756,1828170,644642,8478992,650867,544339,17761385,3635605.0,15281161,,,14212275,1025906,1942984,589319,126612,7263895,6172050,635559,154287,641966,,639096,428660,131686,5175236,3073209,504017.0,3447175,83826,246295,2193290,1608052,247995,631750
2018-12-28,443391,52459,792046,1772062,2286927,171410,1031948,254655,7167287,329839,313319,9429341,1998748.0,7217393,,,5684732,627319,923397,306217,102437,4437947,2823188,266599,50583,383742,,308952,297105,79495,2925476,1758428,329003.0,1888350,45836,124810,1293943,614699,86161,292419
2019-01-02,803984,74497,1035404,2564044,2696276,271413,1429230,383511,7221471,645179,526836,16731014,3131139.0,8351335,,,11480802,854907,1615488,498581,170392,4348505,5495385,440564,157851,492322,,658583,497573,225074,4291989,2177418,507155.0,2435666,98399,283098,1618722,1116700,123961,619245
2019-01-03,776471,114136,883973,2213589,3126037,231211,1426463,358170,8064658,825057,415909,12433219,3084143.0,10370848,,,10113886,801987,1673412,473816,215047,11953809,4087461,735830,99895,502215,,397618,509490,163032,3622844,3051656,465559.0,2865101,84598,206549,1396150,968713,224729,831445
2019-01-04,930881,89022,1234989,4197991,5066291,283410,1857639,415563,8772521,831504,578274,16572099,4847884.0,10704000,,,8616427,1450823,2666410,433697,181838,7959452,6123613,525236,105777,548049,,588757,510778,162107,3288528,3606453,496859.0,3020567,68947,202553,1465083,1177680,210853,757833
2019-01-07,498239,83421,914854,2437345,3394428,269388,1238553,270578,6781840,796055,292334,12091778,2655621.0,8086509,,,8046282,905881,1901655,405034,219481,7651312,3781141,445178,93941,451042,,366768,523556,196710,3042945,2200325,597737.0,2798903,73502,219048,1320936,936596,139851,840176
2019-01-08,834170,127114,989326,3301634,4119018,550498,1865750,367369,8472530,992010,525973,14390276,3995908.0,16750939,,,8197152,1150149,2062686,765792,135141,8172135,5145897,532949,188949,940806,,623204,526557,243354,2658621,2672217,1200825.0,2697618,85689,212247,1301965,1517810,144334,918946
2019-01-09,606721,125582,999616,2952133,3551236,470538,1921526,576993,7686557,1152559,443574,16116045,3549120.0,16543729,,,12471409,1151046,2310999,526671,185503,5680669,7240874,439523,147993,718434,,561648,455849,216446,2288951,2651554,1024948.0,2263317,67493,258875,1430069,1370289,366436,633300
2019-01-10,519016,68978,739543,2147673,2231802,308417,1569810,259184,5269389,820424,442912,12605972,2722769.0,10142787,,,10825242,1022632,1581463,429345,185135,5638578,4595212,431690,104973,485133,,373678,439623,147058,3390440,1786188,676245.0,2102836,71336,242531,1500400,1000029,284050,498577
2019-01-11,509076,61053,862149,2613377,2062074,357870,2009338,298769,8684431,1359967,478477,13169223,2731494.0,8783538,,,10442501,728130,2042633,566672,175686,3814901,5137097,349445,165681,576791,,432453,378900,157632,2399349,2013311,730874.0,2646081,88875,244886,1830873,1507978,176940,687987
2019-01-14,515239,60228,708839,1852450,2012034,650830,1360714,325951,4784613,1426734,311049,11880337,2383947.0,7653206,,,7912957,567604,1804059,456839,118453,4333657,4100296,386793,139844,311306,,534725,375160,98095,2747005,1946280,644254.0,2076365,45918,226435,1409682,1072599,145960,445091
2019-01-15,541177,101520,979146,2358276,3072331,639679,1446376,293360,7935736,1119189,429738,14543902,8984688.0,9769905,,,7379701,732336,1423353,424144,164193,4826359,4203925,547003,183432,451785,,462254,461856,114006,2530069,1905013,765429.0,1834281,50674,380288,1168851,1276540,182285,454186
2019-01-16,529723,44826,963501,2109667,1875781,645789,1296314,445467,13097725,812253,736730,22035726,4643046.0,8443876,,,6338401,805805,1574938,532593,120859,4252320,3439649,481669,140035,387014,,322382,580280,149393,2619087,1513735,476300.0,2034961,49793,224270,1062755,699978,83136,404591
2019-01-17,583021,48507,940118,2077335,2023615,697182,1319472,439462,8926460,672741,631658,21953940,2790885.0,9735389,,,7107963,846676,1511265,1144511,134654,5595213,4098807,429784,117428,520620,,333683,408463,85724,3129644,2060735,469862.0,1961945,55101,374356,1267658,926635,128279,294985
2019-01-18,1061953,92003,1762600,5316270,4321322,713673,2590438,435481,11501304,1025156,719940,22233612,5113384.0,16644399,,,10955122,1039880,2762129,737355,139635,6653993,7010909,582312,106295,855250,,522415,438302,109659,5422256,3671131,500038.0,4735701,65453,241921,1634988,1680219,411948,517821
2019-01-21,452344,34986,689775,1961612,1769957,363679,739929,460196,4949252,324748,231219,7400753,2350335.0,15300345,,,7961995,611066,1309177,4054074,110592,2851323,2278056,322982,68778,395189,,259165,319738,90677,5014998,1522697,434737.0,1413643,52607,204320,1127358,520991,106313,327312
2019-01-22,725204,50429,792104,2922918,2069014,388155,1068277,335910,4964886,515419,522411,12541871,2080948.0,10944287,,,7621216,564355,1626805,2242551,142438,4815078,3278128,403219,91598,496436,,346628,435549,179887,3052815,1965756,518195.0,2390739,67380,339263,966327,671066,136928,596545
2019-01-23,565282,56969,941514,3070689,2404937,459353,1380855,375119,7825963,626429,589417,13406241,3670288.0,9772427,,,12716751,994295,1233674,1306114,216430,4603521,3523902,549334,148484,492936,,316333,378875,209103,10132196,2132694,717860.0,2116549,64496,241496,1388451,858314,110743,720805
2019-01-24,1008541,149992,914326,2549763,2600300,538968,1419799,429809,8897216,826815,429894,16799381,2783210.0,20777270,,,13252767,906950,3188199,2252287,170346,12840384,4167685,481260,155076,491838,,426083,504532,294497,7249791,2628840,672601.0,2375842,72397,335120,1166307,1333987,149555,605860
2019-01-25,742469,63946,979817,3228771,3687107,880510,2173838,412321,6892778,896128,666524,14842853,2808705.0,20165942,,,9581441,1057760,2002621,1464333,167024,8216621,5152211,651690,125037,495798,,853338,369933,219842,3621702,2454815,572800.0,2821408,56503,387214,1384589,2125332,215797,573104
2019-01-28,536208,59285,870396,2126665,2784789,521915,1335145,260780,7024758,858883,505997,12339175,2417434.0,14590580,,,7005471,704988,1264026,748205,146635,6301812,3242674,411005,100973,371454,,475467,328647,77989,2607105,2371917,646011.0,2340800,54992,408882,1017675,849954,188173,742162
2019-01-29,480190,46243,927340,2084492,3072310,465910,1115739,376659,4438574,856775,560597,9886404,2626705.0,9204159,,,14591615,686869,1297605,863813,217083,3709659,3354289,451531,114727,524059,,450751,527843,165269,3522818,4616496,2452806.0,2683072,315664,248734,1399659,1086275,112476,1295150
2019-01-30,515368,85173,847015,2388851,1720472,416728,1187607,255996,4779748,707118,365381,10153936,3499202.0,11097284,,,7971938,702102,1632544,808110,168642,4889224,2446026,444416,103772,477001,,268167,360268,140589,2624819,2825191,806287.0,4295211,119218,234501,1258709,671151,144150,661456
2019-01-31,637020,115515,1488262,5087775,3212355,461328,1648320,480910,18154353,877706,638327,24312600,3937600.0,21600742,,,8918348,1063795,3085031,664016,217184,6003840,4699285,602050,214641,632115,,377753,892604,144647,3674311,3122480,851132.0,4475213,104707,323660,1756407,1309165,252864,775923
2019-02-01,1264227,99274,1074880,2792547,2276915,484338,1529328,283728,7950222,767866,480408,22001906,2491295.0,16620406,,,8548458,667053,1789786,802737,144282,3700839,5938372,559741,149040,579549,,354265,615146,102457,3233854,2575854,816177.0,3722694,71699,463849,2391291,1290437,233369,542161
2019-02-04,790905,59896,838158,1713516,2408265,447621,1527571,302167,4749736,496739,543895,12819977,2329725.0,9953896,,,6866749,502398,1371518,498905,115447,4810514,3979945,590071,147068,405213,,347759,611089,74968,2731822,2067963,839214.0,2527328,58046,330717,1510603,853914,90679,501769
2019-02-05,975943,62485,1020973,3222164,2835592,545517,1579217,474932,6535340,618464,582668,11101627,3002864.0,15330347,,,9403181,1684194,2693425,799566,222972,9843790,3846696,985049,150738,562294,,317046,790331,95469,3190987,2828222,1281162.0,3314365,63140,338430,1641357,903944,110109,468840
2019-02-06,465604,50992,726872,1642120,2593365,318556,1290915,259100,5793837,596529,419171,10354726,1708805.0,9314379,,,10970629,871618,1781356,583694,124474,8073604,7495222,743811,105246,657932,,374311,604122,161492,2607779,1702651,876994.0,2561303,67582,266306,1570404,812360,96062,567489
2019-02-07,640974,92268,1155626,3992665,3325455,374214,2602996,204663,9139114,890389,605513,21078184,3483311.0,11171046,,,9404338,994493,1866601,760080,185220,8689251,8647255,523181,134486,592704,,661159,558917,168466,3084240,2733040,685067.0,3735075,110555,300273,1790068,1726239,237599,668707
2019-02-08,552328,69029,1214100,3063612,2843036,405659,2549287,706717,6838907,1055811,774590,16428663,3226330.0,11629891,,,7507247,1223222,1899133,818636,178268,6683791,7046827,405384,129554,628281,,498768,407228,178390,3574159,2943430,573498.0,3408121,81969,543644,1813591,1759973,327687,455970
2019-02-11,392640,83335,787331,2050086,1913835,331045,1964372,266934,7854410,422853,469684,10665909,4077393.0,9068889,,,6712773,556950,1156906,566026,178340,4698235,4083378,375719,120170,521484,,297160,314363,150243,3769464,1673416,426824.0,2080676,76835,416627,1110111,1090559,192925,420074
2019-02-12,544225,55908,820021,3211508,1806740,479547,1725806,372312,4669768,857875,527537,9800316,1903920.0,9090292,,,7676310,726953,1890751,641726,146873,4718460,4105462,717516,127116,550120,,419380,341440,128415,4932460,1583096,548494.0,1946714,70931,355179,1305964,1115807,282576,487351
2019-02-13,542197,76902,838344,2386030,1967242,429233,1785637,252711,7378610,703044,490173,9078025,2150729.0,8409993,,,6597345,772926,1166734,548015,138105,5479519,4093592,483939,88099,480180,,306398,376823,119717,4058037,1827525,423799.0,2230536,96678,290387,1035136,849451,184029,610047
2019-02-14,931782,186580,1185541,2291600,3344447,394551,1847105,249283,14913296,567785,1084824,11978071,2488368.0,9518145,,,7560583,712562,1281145,574536,192523,4988751,4270125,551809,130867,622345,,267489,830477,132431,3818024,1830496,485584.0,2916286,125003,297433,1144056,926312,150111,427362
2019-02-15,814575,164306,2094131,3546342,4044916,339571,2744797,222053,15827977,867217,953829,20472845,4151527.0,16305630,,,8427231,1113162,1898964,627972,176561,4529221,6667582,385026,129362,623586,,440803,487655,215138,3533550,2376135,586935.0,3551657,83188,332853,1930078,1328340,302582,1096528
2019-02-18,290704,71044,850778,1384580,1670639,206911,1095834,157394,5767584,418694,391990,6704128,3608262.0,8434930,,,5579021,629267,1410868,704194,73221,2265201,2915008,288266,86243,409790,,336068,318928,118969,1820753,1102954,283037.0,1666181,73672,193712,831076,838335,149558,510094
2019-02-19,526417,68886,869275,1975850,1943420,336994,1136405,386500,8335424,387728,601337,11726663,2693699.0,9923021,,,4247938,1035481,1646144,578698,173549,3924311,2781821,324620,131469,501356,,286647,449079,134244,2375216,1457972,499960.0,2022035,116717,264788,1324647,860012,188333,432538
2019-02-20,406671,75578,986278,2392505,1750251,543152,2063029,436864,5187375,1206211,553149,8412495,2386317.0,9167077,,,5424161,1974201,4217669,742759,150687,4257980,5281927,260600,368789,535586,,562458,467616,156238,2008852,1407318,592005.0,2005149,120631,239496,1117725,1547699,139067,413612
2019-02-21,442721,70948,1203355,2533119,1875565,323443,1637768,255745,8303631,640692,533023,9996167,3089386.0,15326643,,,8608477,827436,2326944,779864,155546,5159574,3285294,390165,183854,445142,,425301,536392,149167,5473046,1638640,541989.0,1814572,86500,224032,1029100,796640,163081,333689
2019-02-22,431059,51596,1091790,2578023,2851688,347221,1312550,233020,5316645,674846,490022,9425768,2570467.0,9852458,,,6533996,920940,2446791,592186,106437,3916638,3284897,387634,99510,430625,,430377,435404,97375,2438710,1779721,387996.0,2750740,89222,223721,899913,1267789,111585,558752
2019-02-25,898700,52202,1234192,2788685,2175280,379779,1786026,240246,5372657,815243,396618,9033756,2209085.0,9945867,,,4876390,800399,1408078,527613,102680,5619478,5245777,453599,105357,484164,,563027,401569,168187,2849593,1484217,316258.0,2442588,64714,226350,1555120,1753356,122625,518848
2019-02-26,858693,70508,1001450,5578909,3085091,440687,1437733,298023,5502988,591251,391834,9891912,3182816.0,11799573,,,6315003,1031377,1209481,439147,123485,4379675,3363892,443254,101389,388394,,441862,457942,138250,2542557,1892686,540439.0,3363287,60151,212589,1648972,1013849,77850,629971
2019-02-27,546445,54546,950526,2894996,5553043,2619061,1158100,279236,11490272,497126,555720,16053429,4370570.0,9032299,,,8399052,819393,1260485,787374,131927,5580214,2897120,1515325,122868,671578,,320660,494304,105034,4177065,1573766,556062.0,2466490,66137,233326,1273505,761019,139147,702649
2019-02-28,1167496,55131,1502347,2954002,3385356,1452715,1118481,395330,11689116,488870,624664,16752077,3470202.0,11195219,,,6830029,1073089,2064990,681784,180272,4241010,3766616,952888,191930,763482,,408248,959827,152677,3227794,2136184,630939.0,2777301,65682,347863,1741666,850849,164700,4190026
2019-03-01,928451,47963,1294397,3259009,3306575,1083753,1458575,364755,9933348,614834,552506,12310924,2529194.0,11061934,,,6062658,649227,1636324,518128,149612,3543527,3815945,721278,149009,409623,,573581,517830,535843,3092634,1749562,620831.0,2450103,51483,199790,1386596,1438320,159751,1482383
2019-03-04,514429,47925,936589,1995723,2651218,608391,990670,236701,6919486,433046,486501,7954225,3680409.0,8500642,,,5510570,1359233,1465398,466977,110923,4183936,3335476,509897,77668,343589,,349465,360757,193451,1709082,1175316,438744.0,2099837,56344,205856,1147142,786097,305975,920188
2019-03-05,491008,57523,1174943,1979510,2129854,695620,1167940,326696,7012623,469758,450476,10832771,,11026909,,,6856371,881640,1424768,451798,153400,3425721,3113042,634598,94029,370427,,301633,443188,220135,1550915,1384275,453709.0,1898269,57646,233181,2169722,836444,685112,736635
2019-03-06,635605,44434,1003197,1472619,2274191,572323,1277239,780521,6496330,676775,316911,10912101,3651233.0,8297786,,,9060437,941655,1026049,470471,123862,4732136,3613209,408347,78967,406464,,428450,290514,122471,2291727,1288079,355995.0,1513589,45033,170165,1404470,1067248,261318,1215745
2019-03-07,721286,89112,1389685,2883680,2940601,673094,1980823,581349,12499980,969461,563455,21018346,5229437.0,14003412,,,9035194,632672,1366729,680726,269665,7471195,6377289,663441,101160,494513,,521157,513526,230041,2676473,2153180,478693.0,2043572,48117,249733,2173348,1141662,257078,789406
2019-03-08,1188174,85672,1136780,2945233,3207320,412850,1634876,322154,7342900,837813,595769,13726627,3643595.0,12362859,,,9374893,823592,1559398,393709,223919,4475004,5004932,773039,57382,359994,,426111,331144,183273,1968333,1885166,413437.0,2456178,66015,195032,2314409,1238158,202905,688609
2019-03-11,488913,68678,829429,1583996,3082564,351740,1357029,340337,12762679,439110,433867,18769859,3150356.0,8673470,,,7315072,595640,1273753,425638,174363,4119137,2799635,782373,116663,301212,,257143,313790,160345,2254557,1538735,336452.0,1602142,41141,232061,1696445,910780,152353,604401
2019-03-12,1130594,150159,1088734,2493415,4150881,316214,1243429,457539,11155699,596163,395478,16931576,5186850.0,9673788,,,12032985,1093109,1415309,445635,189453,5387344,3838020,783791,115714,498409,,525327,440484,149628,3588004,1650259,477969.0,2037057,57048,318493,1768860,1754235,151954,651642
2019-03-13,1922522,81124,994105,2158529,3644881,377456,1117529,262447,4819329,435484,413447,8635215,3204858.0,10710337,,,15126431,1125733,1405601,373355,147841,4662215,3161106,562172,77026,338099,,478096,336148,240799,3424222,2514742,685449.0,2126798,39443,580111,1846979,1196765,125314,566094
2019-03-14,1471886,181593,1135886,2612329,2905102,444210,1541976,378780,5706693,508924,460871,9956148,3678792.0,9465979,,,13613009,820977,1214882,395856,161384,4024360,3396755,544312,86619,422869,,462938,291926,217189,4895213,2086930,497542.0,2234379,49524,366044,2214792,1058869,112885,888086
2019-03-15,2076626,508671,3077103,7249905,7006033,761932,4131566,907703,14495376,1101855,1410660,21954008,11516810.0,33664034,,,18664730,1560435,3146415,1030591,904345,10397042,10984891,1379316,192763,1619353,,932991,772696,240907,6917621,7301998,803802.0,8439806,126290,663048,4521061,2170847,160589,822118
2019-03-18,765843,60057,1120315,2249716,2206927,338663,954628,330381,19654707,386087,476480,24311004,2793824.0,14489336,,,8373667,651179,1298572,394739,178446,6523597,3486583,398567,94453,450712,,595931,353085,157771,2775235,1649618,398811.0,1969068,49220,265677,1364757,978863,117402,503299
2019-03-19,679404,93747,880220,2364004,2939772,378157,1907389,353804,12243516,665406,356937,14996217,3233408.0,12824510,,,9548753,628694,1401662,512197,121215,4125058,6359114,495703,82930,723062,,959776,235489,180017,2415361,1780112,543004.0,2496177,39447,269971,1346691,1429935,185166,793710
2019-03-20,572132,64784,1034069,2344792,15258490,691753,4291080,276240,7071173,719493,379904,13934999,4522763.0,11272979,,,11983533,851126,1774261,527635,282175,5178249,5799430,518410,103183,804931,,617627,412745,164519,2462974,2488618,421666.0,2970657,59601,272885,1209127,1903277,143045,459426
2019-03-21,623549,46320,1257036,2025815,5320813,464391,1763972,224382,10136124,584726,978958,18448161,5572956.0,11581029,,,10610636,823435,1222179,559620,171434,5090020,4130929,353141,89664,727810,,509902,284573,132460,4594256,1783181,325132.0,2911663,44154,408979,1165895,927582,111170,409231
2019-03-22,909102,90387,1461781,3953918,5107733,651119,3025563,390637,11989531,820222,650250,18376375,3377918.0,15556560,,,12785025,1065524,2465078,535994,156891,6441055,7978498,498508,150514,715013,,613531,331863,197756,5999075,2673512,571318.0,3352138,68059,358043,1855289,1953985,218981,662517
2019-03-25,687243,81442,903803,2538885,6216812,558176,1544865,296096,7297782,405836,370744,12408848,2208854.0,10622857,,,5779739,808151,1935313,439471,139350,5138520,3965066,273226,108064,558020,,467304,250815,169622,4595577,1708697,373108.0,1688541,49702,245078,1382185,838716,230002,407825
2019-03-26,503227,94429,951406,2249007,6773637,685834,2153100,249246,6504413,584826,407263,12792264,1860325.0,9518525,,,7179563,844506,1741396,614439,143195,3965166,4435739,536385,150796,444389,,341568,257917,149739,4450571,2169402,564520.0,1617826,46200,287045,1467009,771187,158297,390374
2019-03-27,531166,60929,1071574,2903194,5808176,513892,1876013,312841,14546123,762553,491500,17957142,3700801.0,12612504,,,9509297,926724,1641427,695596,147398,16646499,4751485,546008,120688,496563,,377669,369267,119951,2769133,2139758,572629.0,2107756,57100,244510,1818641,1006122,211319,365154
2019-03-28,502300,57431,845995,2115910,7101635,355955,1416893,209381,9367189,791759,280539,18128926,1946590.0,15271969,,,7453829,862078,1609790,753166,117827,9968142,3881674,612601,84157,359281,,446681,316300,142707,2416147,2113641,614281.0,1414329,47995,181995,1397406,642174,114391,446813
2019-03-29,592739,49321,1253194,3134996,5770978,453325,1887263,446346,7840908,955569,309671,12195197,3143596.0,15964412,,,6873816,1129178,1760098,763392,209542,7552358,5257470,575539,121723,568647,,451061,290247,161936,2292885,2495406,595831.0,2267326,61929,329448,1984481,883289,155948,511222
2019-04-01,800329,58509,1056008,3073623,3303003,670967,2396741,310789,7318640,1209456,410603,14269978,3436736.0,12465810,,,8092627,921295,2122948,557858,180810,10690521,9531438,717338,150720,368844,,754147,459059,155911,2420420,2084518,550072.0,2224817,71511,212367,1802530,1581086,282195,651576
2019-04-02,558095,61434,950273,2119412,3004556,367408,2622991,183215,5481761,989332,403556,10518200,5160143.0,9258529,,,8571086,828682,1070745,1003524,140768,5607393,5890941,330199,118256,489257,,667670,498550,96184,1685334,1546912,591410.0,2341743,68752,171617,1425434,1089506,258760,424765
2019-04-03,575660,53436,1358741,4185426,3490389,499057,2166661,294059,8495991,998142,564400,14507731,4623691.0,11751095,,,9515075,1094091,1628312,776064,240237,8983920,5406529,498417,115523,615065,,626139,390162,111563,2141975,2029689,478716.0,2841365,94329,236422,1743673,1353567,381344,675218
2019-04-04,832637,61172,982965,2624021,2718805,249111,2168174,245474,13160151,690689,496812,17028157,2312597.0,10102252,,,5327074,672683,1491123,491618,151574,5221649,4651219,325217,107035,511078,,420092,341565,80284,2759035,2248473,442724.0,1652659,91237,216888,2012789,1091467,136474,478034
2019-04-05,787085,39134,849957,2529117,3018999,277094,1427259,259713,11271070,546696,449324,12984285,2391957.0,10753810,,,4860122,780672,1326390,688652,138692,8215292,3691114,512418,115024,432972,,537915,244031,132816,2276615,2909137,456260.0,2155325,55781,203660,1252346,963368,172239,273342
2019-04-08,554407,73980,989792,1964874,2274866,281785,1325909,217835,8474794,618350,398322,13066278,2404034.0,8205601,,,5786456,640968,1147333,1172515,121400,3941598,2984571,450387,131927,474267,,425405,273677,149599,2384098,2674479,469278.0,1679327,44202,152994,1842325,679562,130473,354270
2019-04-09,613298,79735,994191,2550948,2060380,397570,1281897,186137,5877862,654755,573448,10127018,3068017.0,7610680,,,6014554,706488,1089498,805273,143281,5173254,3785475,737890,160143,560876,,598619,183649,83739,2261818,3596866,480559.0,2254240,69872,142174,1532513,999668,103363,521877
2019-04-10,486302,53807,974775,1954509,1973292,327340,1264318,378025,9223279,726696,325415,11236690,2402157.0,8475054,,,7350395,524991,955536,694167,198169,5682100,4839541,423664,121604,322262,,466462,246461,129174,2727534,2276733,562454.0,1399598,84659,158584,1686749,720467,295997,485807
2019-04-11,458705,50349,934926,2244655,3346657,281831,1287851,245007,9601748,867232,410994,16963108,2886556.0,10990414,,,7129540,698885,1156925,704967,129502,3249446,3232207,375213,109932,421425,,441077,219913,113609,2316984,1782098,590115.0,1973369,96723,172383,1374268,1074181,178223,469206
2019-04-12,499359,69664,855880,5330004,3522556,407541,2612728,225493,9788568,790880,388894,17985219,2162795.0,9280688,,,10142157,757634,1436492,639333,115954,6616272,6015461,896372,93226,532502,,679203,400528,122898,2634379,1668823,537488.0,2251442,57726,231646,1279945,1728451,168426,599219
2019-04-15,348061,70133,805647,2675847,2495741,397539,1175155,170777,8088306,440346,711071,9626787,2325917.0,8114073,,,7088232,649674,1930535,460168,101311,2833768,4050229,413828,121547,510712,,511737,337528,134615,1952226,1294138,671312.0,1237192,49459,181282,2186054,991355,112470,308087
2019-04-16,647503,42702,1237475,3081269,2436976,590881,1587145,256394,8526388,596736,992007,10503463,2429803.0,9478214,,,11055465,640019,1008293,754707,163038,3992456,4577867,631980,110796,659565,,684545,246740,85820,4431264,1781291,552505.0,2021865,61909,157272,1813591,1076838,159459,1864670
2019-04-17,506648,40121,1403953,3553945,3866903,484171,2357190,367001,10040691,1179197,493839,13355114,3411046.0,15716992,,,11272899,1519858,2849222,675369,112013,6597552,6891490,870710,90970,628627,,909373,577414,86449,3292988,2283564,511054.0,2824908,168595,223781,2367837,1871159,185447,838435
2019-04-18,847375,60348,1559157,3641930,4465525,362838,2868292,279153,7561854,1066826,592996,14675634,5909906.0,18453854,,,8483368,1727065,2468191,1124103,94951,4564678,9774145,684754,94793,701586,,758145,377755,165031,2496368,3944639,655448.0,3442940,172318,231366,2402360,1880629,131770,500398
2019-04-23,588878,88953,1012307,2493368,3367088,278878,1139985,216858,6269508,828875,473873,11840093,3013257.0,9865756,,,6231092,974193,1864885,581797,160928,4485003,5529441,658522,141010,556018,,438244,459090,109468,2230440,2144933,677025.0,1670469,103737,230222,1681295,1008197,86006,566847
2019-04-24,613000,70790,1268736,3518218,4317631,426023,1779199,289184,6784035,914500,529130,12229468,3292479.0,11872346,,,18054002,927543,1449192,627275,209721,6118826,5368441,636578,131509,642016,,541235,387354,140130,3776054,8635777,627453.0,1919199,96189,232204,1985745,1085507,185176,747746
2019-04-25,548632,41171,1089403,2932073,5228213,401908,1453960,350681,13939809,794930,355390,27855443,2700318.0,7105341,,,7104725,750856,1851723,657025,147084,3570297,6302109,624325,112483,582083,,416422,370980,74410,2494889,4612262,339201.0,1832760,56325,206857,1603849,1003601,284849,396380
2019-04-26,506082,64559,907421,1975429,4672473,453072,1289602,262825,8857184,1376201,424237,25857045,3161229.0,8119750,,,6427933,639929,1668584,571592,123533,4970812,5636341,501912,147674,552490,,464218,269293,91138,2404030,3778974,404149.0,1550587,51322,214468,1278858,828364,244840,734112
2019-04-29,447270,45265,769354,2163291,3567461,417908,899246,368610,7782041,528824,377556,16399913,2057484.0,5866035,,,7422687,676535,1198936,548974,139455,2937069,3586350,334364,99583,488449,,246927,267356,100228,2759861,2241297,387927.0,1481082,41428,274617,1068251,633522,196885,698917
2019-04-30,631659,103811,1073859,2999069,3120119,954742,1217765,333709,6818023,596053,558137,10006605,3562057.0,10510424,,,10546418,873604,1730687,706353,194206,4307647,4157251,526195,181259,841951,,315805,506911,88423,2387146,2576082,490670.0,2614281,62318,424870,1546005,869737,203999,732442
2019-05-02,823449,68770,1106951,3893571,6434729,556606,1694344,280725,7238142,457755,661776,13809271,3013178.0,8689765,,,13894170,1037724,2385917,722302,183771,3594783,4670392,716453,95680,735764,,1005567,492517,120706,4616560,2984610,734776.0,1857095,57919,323654,2800087,2009100,120106,884501
2019-05-03,2028601,48332,927620,4297680,2836892,533144,1047600,209147,5444635,400979,398659,9838325,2988371.0,7737729,,,11927190,771402,1795708,590705,111195,3135013,3778506,420801,57182,726680,,357626,643225,66037,4221850,2209498,377001.0,1477200,27265,152158,1779930,868124,168715,1046387
2019-05-06,1097875,88534,1448475,5372462,2744946,282209,2560420,143981,4648259,743783,421130,12516254,4171318.0,7237811,,,6520051,669207,1808345,749429,122084,7055896,7688969,348164,58756,578092,,577028,403600,199418,4903979,2105594,414512.0,2318209,44448,122814,1218180,1535879,136189,463270
2019-05-07,956738,140244,1503047,4776580,3129289,470067,2524460,387980,5895693,660306,760065,16541635,5019724.0,12981821,,,9948675,1053166,1787059,1615195,229474,7387358,6431663,663902,124499,674911,,731284,682111,133273,4733638,2699819,481148.0,2818596,80950,305070,3473666,1330855,236150,717340
2019-05-08,1103794,59403,1869804,3758625,3424393,447051,2863706,329370,5309035,598747,646451,13986738,4705370.0,9134555,,,9709071,1081861,1760824,785043,230264,7969051,5969448,542503,81723,825717,,481009,481545,187027,3116626,2368627,597478.0,4907513,52412,296924,2496052,1427376,298494,558082
2019-05-09,1126275,63683,1831039,3211061,4691591,357597,3095227,626544,6859092,1374782,630609,18138946,5333501.0,10019683,,,7990564,840908,1847858,713020,250172,8913620,8904113,495264,109069,677550,,637243,839493,429733,2946994,2681636,467129.0,2926377,64138,311634,1921524,1372447,143306,496093
2019-05-10,993567,70186,1148254,3441834,3587407,382505,3311601,961333,5176346,906981,731272,14706367,5555612.0,12181383,,,12105905,952610,2022523,693221,348129,6855731,9771605,447869,119561,749044,,670007,585467,214466,4686427,2427404,366568.0,3401038,57181,220122,2049703,1488830,118627,518795
2019-05-13,857825,76642,1222145,4202148,3016515,348839,2857093,329106,4395010,1181354,433101,12614104,4863356.0,13031794,,,11844117,513912,1806952,657588,175521,9518525,8608353,544753,201113,576912,,627301,638774,186382,3519702,3210370,774162.0,2506674,76011,246413,2286617,1643270,229165,728514
2019-05-14,614025,96322,1305409,3109612,6053963,530754,2065886,387842,13024736,792075,639787,10283481,3958366.0,11059359,,,14014905,686428,1467984,662466,220045,9463677,6358110,885044,128591,498020,,581319,625551,128507,5981088,3358261,433461.0,1984673,103567,218786,4177395,1515374,219484,574143
2019-05-15,581024,83428,1308310,3609118,4345316,561381,4082038,348731,7872144,1001219,605652,14955713,4365106.0,10856766,,,20240525,741324,1418540,734854,262996,10550661,8015141,989909,99809,700520,,792240,981907,165350,6041853,3704943,360391.0,2474948,79518,234081,1903656,2196891,150812,348607
2019-05-16,771591,65686,1442912,3301997,2711328,454890,3459647,336562,4387211,961932,471254,11917061,5353740.0,13779860,,,12048615,1021416,1724370,521946,285047,6745891,6036731,602010,127272,857747,,620984,607113,132347,3858063,3770718,444077.0,2651391,86070,297163,1943883,1629093,184925,416203
2019-05-17,748914,56864,1660832,5504695,3323031,300821,3285738,198514,4186853,694811,510764,14570135,4492158.0,12572653,,,8559771,969766,2152458,726361,173070,6721659,6455844,497029,73132,681645,,621018,463608,116311,3503074,3387785,373465.0,3066680,53082,204248,1815088,1437996,151335,800294
2019-05-20,546628,42396,1044800,4039262,2891319,358705,2335299,213107,6595836,924474,344020,17464904,2865850.0,17377610,,,7639224,860682,1774561,599824,146831,13610428,5902707,391095,62226,535565,,555614,860144,83116,3484412,2827331,232388.0,2520726,39675,197277,1284235,1075828,161683,696103
2019-05-21,763269,37929,1035672,2578149,2109780,564422,1678585,261075,4658442,587807,356620,14207764,3051562.0,15102277,,,8112262,1000655,1158971,625795,179863,7752379,5243845,417416,137930,469562,,395826,685096,87175,2513990,2226387,284313.0,2851754,44639,165565,1824776,945804,170401,529929
2019-05-22,890865,53999,735680,2489306,2147331,396543,1972263,190623,8698710,437612,561501,13343412,2713830.0,12737061,,,6411530,671380,1407759,609450,192506,5404130,8654218,507016,97050,520838,,385921,546133,72172,1929439,2623657,292469.0,1989165,66839,176809,1557919,769222,148433,360968
2019-05-23,648653,50279,1201855,3982009,3720851,580525,2323587,305366,6708428,744330,565946,23193778,4291667.0,12697835,,,9802656,841240,1823784,866299,156321,9182769,10379191,443043,106988,721552,,536005,426795,105424,4594763,2893570,382452.0,3193460,46715,324883,2155746,1283438,199167,500553
2019-05-24,643368,52838,797251,2267281,3059943,545253,1678062,322977,6162141,549166,692989,13011441,2964267.0,8843188,,,9957835,631449,1333975,811651,155286,7935616,4875293,427121,182285,565421,,498949,389519,81213,2660812,1872287,572714.0,1974202,73036,335845,1701809,947293,236114,421083
2019-05-27,229522,33732,404156,1201864,1600200,249039,1328854,105655,3104186,416337,218148,9628873,1865051.0,4273897,,,3578522,431703,640313,352742,63140,3129352,3453650,243906,62678,288756,,285335,146138,55196,2089354,676763,216992.0,770662,19731,69079,666541,646886,122578,157685
2019-05-28,598270,36026,1071560,4551667,3433609,365595,1653216,313969,7875888,856570,648417,18511868,5806188.0,26377323,,,7747808,1482640,1802889,717561,234967,9219337,4783300,551454,229457,907930,,639767,768924,113890,5927409,2891163,480308.0,2280633,118644,694307,2688943,962259,108441,1238469
2019-05-29,602652,100214,1027132,4394918,3281270,443401,1499372,193394,5036663,568950,589233,15771740,3901991.0,10324199,,,7915074,835996,1787452,645802,175154,7552978,4878996,559919,101829,612086,,315387,830803,87535,2950795,2539627,471094.0,2439056,101764,242533,2156609,761706,114302,517959
2019-05-30,412991,26314,493061,1371178,1438855,346345,799538,313561,3127676,294978,407570,9935630,1626469.0,5196557,,,3870353,453640,844547,358856,88443,3017873,2426146,227908,60894,323310,,192438,290291,90826,1897661,1120984,165337.0,1121755,40545,104702,2891518,382547,56524,352403
2019-05-31,642457,87864,1183269,3639236,3827369,499219,2000917,525403,7551133,743746,609778,17193650,3954295.0,10839736,,,6820206,747494,1873500,664896,199198,6746825,7603553,500169,132694,588162,,780883,547186,141244,3362036,2588784,351409.0,2415357,68208,267175,2707741,1902678,83165,418638
2019-06-03,537589,75985,1057670,2832153,3300887,468067,1838410,374858,4548594,641142,638844,22897840,2722982.0,8863512,,,7313784,758571,1320231,681812,150199,21601581,4649021,625317,100285,493644,,421836,410151,163584,3503118,2280685,507112.0,2158987,81814,180881,2115256,801553,169923,373231
2019-06-04,605898,71007,1164056,4581537,3233118,445537,2567653,306138,6570685,979279,570973,19267974,3760750.0,10574809,,,6440030,866944,1639869,767592,183352,14565015,6893639,729002,144378,666297,,729370,549558,169841,2507291,2637001,662873.0,2406505,82938,257470,3553230,1502624,265579,412419
2019-06-05,501306,65886,946091,2962065,2257810,312667,1484186,223122,6621123,691853,397768,12611897,3188425.0,7424557,,,8138924,573521,1629083,467065,192474,10853424,3793627,430454,129871,629263,,481961,459495,94568,3338712,2471815,327369.0,1578962,61293,283851,1742819,954747,152346,373790
2019-06-06,526545,49820,955153,2750179,2656587,506079,1947794,201020,10508401,475708,347305,20493968,2349902.0,8052222,,,11440740,629868,1614510,328916,149188,6713502,5061179,434855,87009,523114,,432016,340970,71718,3577839,1885826,439312.0,1513589,68082,222545,4334659,865954,237176,343774
2019-06-07,495059,115184,1012695,2426526,3560161,369179,1249390,235118,7059212,515740,416612,10758861,2769898.0,8324232,,,13638114,651115,1342252,443718,158417,7219579,3415827,422745,79236,549268,,309221,442762,103681,3444001,2354457,297094.0,1740674,48922,261927,3510479,817419,130511,429533
2019-06-11,706665,79447,1074519,3390121,3906550,310200,1922832,243956,6109815,682252,671374,15148569,4538023.0,11893898,,,7899231,864315,1910618,607995,109992,10097526,4293513,535908,83497,614919,,610487,463415,178483,3399133,2014094,307394.0,2212061,103080,269301,3281948,1282047,152737,684724
2019-06-12,924917,99128,724313,2551170,2240951,350395,1230534,267998,5129977,493548,453565,13178110,2266385.0,8735565,,,6829636,915720,1899436,800294,152988,5147221,3486683,395207,141236,414945,,698016,385332,163257,2560646,1840442,277419.0,1430947,86429,242557,1924723,835819,120888,377312
2019-06-13,517773,35082,864671,2874424,2267046,368340,1198900,236868,4919195,512909,524657,11211179,2138216.0,9027022,,,7120275,743321,2026677,647806,122058,4878235,3432408,424318,106636,346597,,366817,428917,86588,2880711,1913057,433611.0,1337390,55384,278834,2131259,706871,389867,316482
2019-06-14,347441,29432,829978,3856149,2336104,446245,1115793,227321,4431472,616309,278858,9435131,1903411.0,7049267,,,6078715,702588,1167280,798467,85648,13673261,3525423,276390,94510,336741,,339849,312405,436984,2295012,1680954,232595.0,1444615,55570,172446,1465904,679443,149700,480199
2019-06-17,389033,72038,684916,2303947,2295087,377190,1211681,304735,3712876,639226,504029,14933203,2766209.0,6765121,,,6498174,629639,1071214,665147,116686,4695997,2406116,423300,105311,367712,,265908,324064,155233,2508162,1628327,299322.0,1379994,63557,260453,1336827,573699,330440,550615
2019-06-18,774633,121751,1664757,3763827,4203716,499915,2545539,371271,8722437,1021903,592502,22595437,4538386.0,14795956,,,15079902,1012179,2069330,653302,164948,31167236,5856365,690280,149477,704200,,424860,450284,161498,6295920,3314071,615031.0,2864989,85880,234379,2852865,1298030,369931,446583
2019-06-19,639771,83704,980379,3110409,2760607,505042,1348744,291940,6224948,996125,499864,16539310,2570267.0,8512190,,,10002793,1064732,1478241,451557,159318,14627668,4491864,523565,102499,699489,,382959,281221,177812,6419788,2393016,519299.0,1687953,78900,378788,3974360,942552,161449,403414
2019-06-20,426358,89375,904502,2802066,2858288,553547,1722902,301066,6656137,552521,462903,15180593,3285632.0,11169151,,,8398176,915768,1645404,560478,138605,13944308,4420207,440630,123065,582819,,543786,356216,141711,3615731,2162343,353197.0,2139379,72656,299244,3266026,950255,147707,459597
2019-06-21,1373091,310342,2816105,8161447,10002717,877186,3721158,667275,11743677,1577122,1374676,35977617,8439832.0,24196070,,,16083879,1761403,3548759,1497664,352603,23069272,11834480,1405497,201795,1646200,,548014,1177170,213163,7429879,8413074,1669098.0,6342852,186356,788512,7339108,1657740,293956,887637
2019-06-24,507817,57339,910991,1919539,3005513,369348,1857142,246657,4408401,757718,417164,11776421,2875223.0,6504240,,,9205039,905940,1232576,673410,129054,14595968,7525355,426721,96355,534609,,291122,501193,89421,5980850,1792674,284887.0,1765757,78075,231435,2154870,719750,101359,399949
2019-06-25,571447,83857,726942,2299732,2220804,402181,1400333,493106,4144580,463309,324128,7702288,2175090.0,5707353,,,11314162,634992,1332250,533430,151578,8989106,4291975,391049,66901,394482,,308659,344304,115065,3131576,2034657,331905.0,2271529,86071,263374,2497773,622729,72848,401717
2019-06-26,966175,51972,692246,2156543,2866575,652522,2259169,1852204,6502368,549864,509047,16490141,2471023.0,5707759,,,8278826,459107,1154688,662883,161347,7016523,4234354,387516,75674,376338,,382737,305191,165067,4258578,2114001,272269.0,2929229,86186,182485,2037821,778796,130427,399471
2019-06-27,637202,59041,911351,3495773,9516180,390262,2436122,710753,6503937,619312,483827,13127983,2211563.0,6739247,,,7212558,627687,1826492,535196,153373,6830745,3676474,337322,91106,475927,,356925,254087,143461,2807520,1933707,354322.0,1766244,63076,335593,2435043,829787,128599,473430
2019-06-28,788677,44936,1129548,3667760,4942926,468142,2059202,607930,5501348,567217,476264,20720159,3574268.0,8940974,,,7367726,601049,1919874,836820,175798,10712653,4708268,512921,140778,664189,,579797,377891,188209,3321178,3600914,418848.0,2448548,78228,453487,3305994,889401,98748,404645
2019-07-01,507343,72062,1142629,2608038,3552297,440543,2156223,371916,5300703,882476,705870,16622014,2964222.0,7211126,,,7682560,761754,2329510,602055,157871,14265103,4391668,612203,114338,457906,,458955,376407,157155,3367761,2507852,383420.0,1931473,96087,398681,2610059,1144090,148837,669586
2019-07-02,556001,56978,810782,3028865,2463840,420107,1360771,258665,5299849,647543,542928,9552750,2356007.0,6722570,,,7581513,574930,1239122,1018972,161245,5033181,3402622,330461,95030,514341,,324735,300302,134693,3712755,1950067,356719.0,1898919,87278,304968,2203062,914033,138358,489155
2019-07-03,538674,45311,698095,2079075,2281126,403141,2094683,244635,6334469,766167,418981,15423271,1745102.0,5455949,,,7037793,392389,1153803,847926,169824,5271633,3367864,270615,110073,455280,,466221,334614,135000,4362991,2029596,351044.0,1818539,78786,321336,2662647,1388968,119349,552214
2019-07-04,292727,20949,458458,1661051,1834881,322249,1641200,121302,5032419,505549,321899,11164634,1792842.0,5272942,,,4788996,275528,840794,491002,111505,3483341,2196698,237588,53573,242529,,230763,428343,60066,2554791,1195658,151140.0,1175182,41241,130652,1632348,526289,129927,438813
2019-07-05,466495,34224,748042,2377733,2037462,308813,1332435,375418,8017668,457045,478465,23078301,1920787.0,6434241,,,7648650,491632,1197643,490433,139241,5867298,2233919,322685,80152,375336,,239096,355668,146108,3556261,2056605,234819.0,3510829,33293,242552,1344943,585164,173788,827986
2019-07-08,380068,32766,678033,1856960,2104359,234436,1091683,206168,6905108,506711,348633,42539812,1489337.0,4254295,,,4686155,390099,1048558,427850,156530,5629032,3077194,424286,74868,390710,,468802,207417,84593,2828493,1486343,167813.0,2291824,31815,396195,1110132,769149,121459,639526
2019-07-09,466173,39230,928230,8896331,3404371,457857,1823803,768797,7989140,1417878,412443,27256417,2999129.0,6123315,,,6457650,1823780,2406992,1340919,137826,6027672,4359533,426094,85117,403048,,352451,208322,195208,2740750,2134639,333020.0,2923660,48761,460439,1630832,954106,342982,789331
2019-07-10,459924,46094,779182,3257291,2496678,472785,1386605,323001,7999834,1038728,317481,18834168,1751754.0,6786763,,,8789423,1359185,1873283,628263,99470,5333584,3891737,314663,87185,400364,,469420,183812,168848,3498856,1812330,339226.0,2333344,57134,330063,1037033,744021,124898,295709
2019-07-11,366885,87297,823446,2806825,2146429,315709,1354084,248983,4338205,1757167,453451,13666399,1817939.0,7086897,,,8469915,1653987,2268966,486466,165905,4399616,3791196,558218,51386,392937,,417234,243062,194079,4370866,1614771,1302473.0,2953400,89018,169038,1611609,726479,149376,479035
2019-07-12,427715,70475,705249,2667102,2304644,358664,2408683,406798,9134508,1006741,390282,15728871,2259701.0,7287245,,,8074828,750085,2177349,345928,102421,4186224,7918520,444852,69159,613132,,893336,436334,142579,2969708,1655671,1064801.0,1869107,52774,256451,1617145,1151108,182944,319654
2019-07-15,356651,65225,784958,2487748,1750186,479855,1620709,419757,4290698,692145,368148,14709427,1842810.0,7474913,,,5530597,715079,1645664,339433,123213,7367675,3429090,340299,95087,454879,,478911,234374,118943,3930268,1411626,477003.0,1761659,55327,196162,1165892,642534,103428,258592
2019-07-16,434682,81163,998180,2400609,3092087,503254,1356106,371574,5306753,896436,362008,18335212,2798911.0,6519827,,,4599660,904413,1222468,610049,118463,4716843,3160191,368431,83657,390690,,537005,399759,105038,3087468,2004279,364727.0,1851516,43400,292655,1676838,733432,106731,329890
2019-07-17,381623,55053,880421,2361309,2027433,457303,1025202,833471,4496216,517135,477426,13592958,2172430.0,8037530,,,6549515,1651060,1730918,613718,118502,6408873,3108396,503754,86231,425126,,440644,226163,203809,4527192,2346564,320329.0,1982754,63221,199518,1304082,614328,70129,322422
2019-07-18,496325,48779,902128,2067697,2115164,365446,1339503,497340,6000642,491167,507669,12585616,2034425.0,8602685,,,6297855,679611,1451630,625044,91058,4758254,4794735,626089,78506,463979,,538517,201903,277652,3329405,6059180,386836.0,1910375,83973,356592,1221612,754543,102300,726335
2019-07-19,553248,66053,1009194,2588639,3075454,353013,1642181,306441,7476670,1019850,653462,13992470,2212092.0,8969422,,,7167037,805829,1869338,664595,78030,6834913,4527383,393333,90540,707750,,438443,247470,146342,2987430,3739082,223734.0,2475914,79906,234485,1274359,810813,70173,408823
2019-07-22,507699,24712,703445,1945846,2260391,236617,844578,299674,3553697,669899,552585,9261556,1401280.0,6956324,,,4213977,895424,1459602,533184,74846,5481711,3180127,297891,88578,503075,,330126,216827,119295,3820150,2076869,334067.0,1445329,53856,325693,1524361,577673,96029,314375
2019-07-23,552539,45848,759997,4854762,3056728,289129,3530566,724739,6951375,2290978,477516,12493082,3522158.0,9428169,,,6693594,836117,1899902,637907,92327,11930070,8938799,481536,117738,541276,,823333,226686,148012,3470971,2503598,327925.0,2845705,52016,210031,1410681,1920576,222765,269556
2019-07-24,384261,34009,706076,2956366,2151927,458454,2056967,483892,5307754,1297339,633712,25004151,2881136.0,7417550,,,6533670,692914,1444667,545902,108686,8101508,6815425,470171,112785,366485,,748980,259259,117128,3251477,2283223,467500.0,2096188,55561,181486,1671986,1497678,123016,348408
2019-07-25,582607,63748,1415733,4251511,3196826,423637,2011871,301017,12000485,1331904,733043,29656342,3627063.0,11498271,,,10567240,1013240,1879944,525276,109554,9720283,7401015,476395,138378,737718,,995757,1028284,151520,4748844,3429388,400089.0,2761992,60895,194491,1718257,2168067,238777,360922
2019-07-26,587670,24591,765147,2926531,2656656,271353,1265670,148522,3205899,691643,444053,15172160,2016121.0,9270874,,,7409564,1127104,1435076,415902,84994,5159713,4264948,474917,101810,647937,,373364,334813,96395,2102159,2064020,576863.0,1677175,44232,142639,1220814,1093111,123208,231351
2019-07-29,469155,38342,518526,1916241,2213895,258962,908630,154633,3913659,650614,785987,8013672,1398496.0,16631183,,,4376368,880188,1678806,429568,90253,5595635,3655514,264701,127237,364097,,378831,268691,92366,1507847,1512146,1245967.0,1571700,43226,160221,1097376,974909,84210,341033
2019-07-30,744510,63822,1278666,3196779,6918351,299499,1560448,194269,9167495,747763,546575,19302614,3705805.0,10094814,,,13528541,2766618,4469646,584599,95584,8816718,5215455,435906,108767,607343,,493707,335012,133035,5919041,2482270,893042.0,2691893,62871,131728,1380153,1194339,159025,260315
2019-07-31,728725,75782,801938,2317745,4403693,484763,1494495,336795,5327817,525192,535432,19107360,2868311.0,8050992,,,15496938,1237775,2293236,636609,149075,6600698,3177619,329254,87867,549860,,381098,428540,100882,4115552,2035920,423172.0,2361384,42702,202592,1713177,833751,141664,443647
2019-08-01,660847,47339,782809,2634549,4004091,438456,1545801,251190,6297340,640422,1074681,12610608,3960588.0,10423002,,,9911795,1078645,1789359,577118,121158,7260793,3684358,467644,119373,654374,,298601,327275,258194,4487042,1916607,483363.0,6783946,57691,180246,1922236,801676,302449,1625931
2019-08-02,1325777,112705,2061367,6368821,5276593,558519,3893077,300847,10613830,1196531,753685,23327426,6328283.0,14713155,,,11805856,1150009,2776444,717667,129705,13040349,8702319,475597,139086,935255,,690817,407355,236734,3963360,3650556,540967.0,6027760,57213,255562,2437024,2145312,353462,1000304
2019-08-05,1211892,121798,1642368,4679929,4523466,459490,2151237,304694,9874936,825547,535367,19249330,4423529.0,12451315,,,9082112,1022661,2325936,568266,136091,12519359,7186158,437212,153761,932581,,675414,396837,149432,4311735,3698539,706146.0,4734818,116052,273938,1951704,1541674,156360,439549
2019-08-06,766619,72860,1106195,3575530,2626228,882006,1779024,357013,4828914,570740,706590,15008920,5826113.0,9466347,,,8113609,716998,2159588,464964,159069,5454488,4830895,497165,132291,674633,,417342,410387,133401,4431954,2660904,634286.0,3340190,63976,422530,2002120,896741,141177,494710
2019-08-07,804135,93992,1379441,3278518,6035531,456291,1702435,310771,20580758,793056,474032,22937110,3703868.0,10282535,,,16604970,776434,2662522,664191,170856,6910828,6270309,604105,145070,681178,,406785,490140,120096,4269976,2848175,649293.0,3016929,59708,310281,1805729,834697,107220,430060
2019-08-08,1619870,95519,1053979,4494426,6149225,360913,1346719,280758,13878848,1008960,420571,17448791,3742077.0,11375607,,,17509400,679472,1962174,343702,175758,6410599,3728010,710985,160918,662627,,356990,431133,108974,3419841,2446102,679463.0,2393195,52488,629047,1129139,733755,223478,802954
2019-08-09,919820,45498,1188641,2843298,11806526,410214,2253975,251898,11852883,896219,432110,17734648,3892570.0,9622585,,,17500489,622268,2366057,496541,135360,4834625,5992497,484060,140012,762282,,368195,338521,92270,3191915,2604093,371876.0,2863524,32036,340496,1660454,1193042,101179,471487
2019-08-12,463773,42892,650754,1903955,3128490,311481,1084603,164783,10437521,732103,249750,18351945,1803958.0,6509636,,,11135669,536821,1467640,598606,156096,3420197,4112436,273152,100336,471116,,307549,243385,115588,2034710,1245355,214101.0,1549088,47103,222081,1306076,676890,168935,473155
2019-08-13,739200,55250,1222083,3581840,4123261,446894,2178685,320231,11130782,1130107,421937,23583422,3018800.0,12006227,,,11474467,754291,2079346,2654473,152082,7260814,8725309,361743,130029,673258,,520290,317361,151988,3206206,2310378,287442.0,3743220,59315,382045,1833751,1427927,161360,443995
2019-08-14,705720,54079,1379736,3283316,3384068,364586,1972805,348163,13921007,1032574,413707,22810474,3418907.0,9600211,,,11066713,827177,1771898,949385,163047,9147894,5863081,522881,127960,614924,,397393,225493,140361,3338527,2699332,461660.0,3739755,46399,278674,1245180,1204520,132385,355120
2019-08-15,800755,79940,1254798,4391184,3198409,543573,1934815,334522,10960935,1122449,527652,25283013,3524697.0,11289169,,,9999037,761936,1496249,695504,138392,11383393,6709192,484357,172445,590918,,1073101,517119,197440,2662364,2664902,394642.0,3746092,75284,290641,1937557,1078890,195167,913837
2019-08-16,631699,50831,1184611,2818232,3622122,455926,1625628,247152,21634833,999380,698188,37480692,3032956.0,11908927,,,8390278,1024357,1333206,721140,132884,6341602,5103707,401730,124851,466640,,405085,364550,124058,3103608,2347862,350353.0,3026696,63147,234239,1546334,776293,168723,583718
2019-08-19,427269,43243,765320,2408168,3712572,315219,1283004,316893,9961925,510655,283144,17030594,1966225.0,8399631,,,7338877,793910,1692873,697627,148673,6744912,4361886,411022,119683,400223,,384017,324845,90982,2188547,1641413,408569.0,2510446,60043,214551,1633753,773315,176655,409569
2019-08-20,446134,49480,781695,2396361,3369903,375095,1009171,420646,7957307,612549,276430,12209534,2096233.0,6413016,,,9260478,606712,1422781,523745,96067,4680225,3540581,304629,119133,337837,,329589,303642,104700,2744169,1650077,285774.0,2084918,61955,214953,2923485,526879,102771,271779
2019-08-21,475072,39484,685945,2161995,2512898,250909,1230630,233377,6374324,627882,319526,9919672,1820681.0,7222423,,,7609396,898443,1004104,389278,147326,4868189,3399450,282333,120943,273960,,493902,314406,89992,3105832,2042372,240818.0,2787353,56343,218827,1910324,666201,230077,371138
2019-08-22,461482,36842,1074533,2463620,3326662,290453,1095714,311657,8083921,533884,368027,12410051,1805214.0,6858848,,,11231476,729022,1299052,301280,145245,4810830,3509264,267380,150856,434997,,260315,394108,63829,2389203,2074114,598388.0,2172670,69739,284619,1741129,781883,152927,478316
2019-08-23,572703,72776,1185554,2908593,3337936,341272,2753250,162545,7616581,810765,540882,15616616,2949783.0,7443192,,,7478121,1026536,1941481,483985,94607,8008857,6636046,305353,87395,524359,,362677,273625,64236,2807076,2333551,468637.0,2747205,53548,250376,1387636,1001692,138928,313119
2019-08-26,363757,40041,678322,2032593,2142440,277633,1613088,143461,8149013,434733,236385,8128236,1755277.0,4311150,,,7270434,437274,831943,359785,71003,4487687,3395957,256849,104664,351019,,410859,267286,49795,1202533,1167023,242158.0,1683912,30433,95628,1752108,646712,107821,252086
2019-08-27,480119,33843,916948,2022682,2611507,379148,1777471,309682,5934044,454670,628322,11230250,2534430.0,9919165,,,13497782,680275,1080425,656247,163125,6109228,4040763,350197,112964,858259,,489691,545940,75674,2578196,2155424,344049.0,1898534,75888,274369,3190777,873148,65181,414175
2019-08-28,509125,51365,1042686,2197066,2002763,274675,1292671,294418,6282554,288677,556907,9988424,1807101.0,5972871,,,5881891,733781,1037776,534187,135545,7112297,2733419,309319,126370,393810,,327032,295449,56852,2226737,1568135,259956.0,1628359,31041,143568,1561709,396548,201476,355416
2019-08-29,497896,48428,946809,2665213,2831712,353001,986990,271979,10356741,435427,574571,12345956,2482552.0,8107241,,,6734481,851511,1577131,584455,106903,6856443,3234928,346531,88949,359528,,313636,248917,105228,2589719,1648210,168086.0,2107966,43392,186881,2129850,821156,211433,341767
2019-08-30,662097,69882,972494,2438433,2929014,374695,1305155,295333,5869965,509937,1844536,11324440,2942189.0,7763142,,,8487176,670440,1884272,495328,125330,5801897,5286717,399679,138498,591333,,403941,299124,145100,2136493,1680992,416320.0,2635781,46462,223013,3892953,940001,147406,449523
2019-09-02,306915,30508,487907,1203293,1611396,250196,653443,203533,3441059,509446,641663,6738241,1806759.0,4704712,,,5175149,397781,659804,275022,87832,2524211,2332925,285482,74499,275095,,299411,162409,106553,4576819,1007361,210527.0,1190629,29291,144175,1342111,432643,71211,163156
2019-09-03,381718,38109,798662,2108579,2216319,341982,1149468,226857,4953925,563820,573041,10587651,2420708.0,6052293,,,7236614,738284,1269853,504388,79976,4642028,4655596,428284,116063,295152,,217665,223892,87226,3132530,1531858,264475.0,1655296,38384,198302,1924661,660855,95314,302105
2019-09-04,361244,90848,748559,1896708,2439879,306521,1245575,326560,6645122,681172,516671,10204078,2318740.0,5363717,,,5654369,695111,1028074,467339,94203,5052818,4304437,276098,92294,346900,,358506,239712,103902,2901904,1660004,347153.0,1657770,43244,180201,1630122,829713,103166,382229
2019-09-05,515503,48084,903738,2026181,3018183,364664,1575151,574127,9123408,762760,638057,17818740,2844936.0,7385903,,,6717443,465542,1326133,521747,103329,9980942,6145849,304150,222539,400973,,801755,345379,130924,3519644,2195946,455882.0,2394233,42841,189570,2272616,1084316,138898,474825
2019-09-06,472541,39797,740246,2155002,2457107,555533,1815948,202999,8112854,501944,529363,16099904,2320399.0,6881226,,,6004959,619406,1255602,506957,97125,5795381,4482552,582089,147858,394963,,393633,349153,62150,2395376,1790502,375483.0,1981520,48342,159982,2028618,1133953,93940,341209
2019-09-09,374692,25266,769699,1990837,2278856,432478,1478796,239943,6180005,604125,658496,16359477,1830780.0,5186122,,,7177504,584892,1713544,444026,116708,4441393,3804666,315618,96184,427189,,411766,282901,101994,2562294,1360904,351047.0,2014213,44662,196414,2322459,1096532,107056,412812
2019-09-10,750818,66894,934064,3842761,3722918,754598,1713536,435826,11833530,1539775,757033,23202329,3219669.0,7741925,,,14220573,1443295,1874604,794212,149301,6481022,5163596,641693,586194,441539,,555287,549124,182987,3245813,2132667,669456.0,3200740,131335,256130,2170203,1048664,141052,566561
2019-09-11,484573,37820,801894,3414862,2677521,490161,1587322,416126,9808474,886414,982297,21029761,2629517.0,6802500,,,9416190,669383,1317332,649817,115430,9377018,4477360,513926,410749,474883,,467486,462978,119903,2008949,1583581,341452.0,2385442,46873,193619,2027416,1204864,261777,420160
2019-09-12,628465,69931,1145992,3452195,3264966,487421,2105544,331560,17573668,730649,667586,30437818,2747104.0,8597578,,,12969782,786459,2406744,652838,155885,7559299,5700252,707195,339514,628439,,492377,429759,154123,3386788,2393558,493681.0,2744077,66643,257891,2479389,1543292,222666,489195
2019-09-13,502505,30949,923631,3040730,2029293,416124,1900375,227212,13184318,909287,579213,20009074,2587481.0,8643025,,,9355627,560642,1259761,414607,97199,8224276,4959885,739433,272708,453661,,470090,409635,95402,3218458,2224830,443522.0,2176512,43893,190431,1969434,1002428,142403,347687
2019-09-16,465439,83291,765946,3190395,1723227,285762,1241317,207945,9503090,798281,532813,15634153,2173848.0,5979640,,,13066706,477635,947128,451618,138779,5158792,4503381,483375,176405,447972,,283186,300953,115422,2618090,1912766,319599.0,1364458,41491,324666,1955118,557423,184217,195859
2019-09-17,428050,153344,914264,3644039,2452669,473526,1599792,473554,10854600,602139,542493,14461215,2635455.0,5613644,,,10573756,653585,1229243,471296,160607,5818748,4468286,480705,184393,458162,,427158,259111,114264,2224569,1795910,464316.0,1694908,82353,315565,2165561,778956,187009,2476832
2019-09-18,446950,23901,797085,2149888,1879907,412319,860078,235056,7106755,568248,489555,10555735,3769722.0,6098587,,,12696570,602579,1104199,364220,136803,4167025,2994874,369374,169045,388899,,393760,188432,82831,3473916,1741386,414598.0,1293614,53630,175017,2401333,680122,125602,792001
2019-09-19,396317,71788,725340,2578658,2288769,385933,1288454,335386,10727458,712056,772368,12367512,2738984.0,6949498,,,10652881,514117,1031769,567460,109519,4699153,4043157,794098,215912,475713,,444099,383326,78092,4204257,1892125,559529.0,1976513,69327,217284,1870230,1159280,171727,1354288
2019-09-20,1254122,166931,2534148,6376144,7164452,732783,2805109,611676,13135108,1898181,8224336,19722113,7978032.0,24264215,,,19031954,1515007,3875265,1147081,219212,13957194,11114925,1635203,1087309,1133088,,570867,982429,123348,8760717,7274042,818811.0,6312559,122796,391594,6582246,2572940,187806,1782294
2019-09-23,425784,39665,938623,2572247,2611292,351155,1684528,261230,17089422,719325,944078,17289859,2795546.0,7803419,,,9279662,486343,1234457,324584,84769,6687475,5321381,504227,189327,471840,,404741,400471,77152,3998793,1991289,331557.0,2333073,61483,131037,1715466,1095294,317635,628805
2019-09-24,374700,39117,592168,2220577,1735764,295554,1141691,245779,8728052,441502,574863,10409707,2214899.0,6079753,,,7099237,603269,1173786,262921,113308,4953114,3621067,400458,165922,397452,,768255,351037,97559,3133146,1332802,341305.0,1611585,60334,213385,1705156,1452210,186157,663203
2019-09-25,577107,115170,725105,2606665,2001480,435276,1429563,373971,10434352,770225,503337,16576802,1995853.0,6607955,,,9701979,848876,1995158,430972,118447,4480262,4346545,487133,144435,429495,,425725,653447,139403,2551424,1812134,432986.0,1947104,54519,243746,2049440,919492,398994,492781
2019-09-26,610471,45887,783729,2045015,3140565,722401,854203,364603,5714343,642107,571936,15692617,2010797.0,7734027,,,10471341,551168,1168962,847386,147966,5862542,3806145,630856,196829,652394,,383099,385818,84295,2488068,1896194,646743.0,2426164,39088,233033,2893862,506609,488792,389475
2019-09-27,729940,26629,640049,3125084,2185321,285611,995694,364101,9215827,475857,481471,10845159,1640872.0,6884774,,,7982554,698176,1332533,415478,108724,7098474,3018081,439689,125380,338462,,363656,295158,139901,2883395,1732433,434805.0,2115637,68202,234151,2298862,472449,224634,300634
2019-09-30,479682,34220,899982,2429494,2435271,350417,1376059,483319,6931184,432216,554954,10186386,2630450.0,6759195,,,12613728,777523,3312910,550273,118414,4808980,3181028,285514,131636,485941,,559625,259146,88990,2444350,1919119,374627.0,1923629,57289,227497,2080797,780092,137535,721835
2019-10-01,576654,70683,875836,2725729,3622809,525815,1490390,393990,10935830,503314,822202,13433773,5233583.0,7800446,,,8753477,1358570,2084017,623540,138620,5941355,3670508,473991,200290,447533,,407512,611648,117554,4045520,1986907,592650.0,2349728,66258,494886,2107291,827133,244293,450895
2019-10-02,784643,99570,1248834,3241588,4956677,525081,1812509,449819,9522937,636368,863711,15527318,4675915.0,10061426,,,11121717,1751858,2466360,621697,147661,7565813,4642698,563534,218632,615046,,468744,699519,109195,3552049,2804210,720637.0,2765321,80497,327962,3137297,1176460,195687,533417
2019-10-04,637854,96482,1128797,2879680,4767312,378085,2081126,264553,10402528,713438,692152,16042648,3079597.0,9200288,,,7946616,1326685,2373264,586529,132786,6006899,5020692,474833,194099,588014,,618878,447343,106895,3998797,2633484,743172.0,2269224,72239,282138,2181806,1124048,157688,636048
2019-10-07,449869,49962,855942,1999732,3990150,344541,920763,321450,6772967,617470,427380,11130966,2322403.0,5353696,,,8176862,645470,1945469,620209,139100,6520193,2962120,459909,150188,474089,,320992,578745,72594,2105616,2109005,676039.0,1846111,32184,261839,1502146,470517,132505,362326
2019-10-08,453674,42571,921815,1884367,3419985,393664,1279594,270351,10494562,548437,495119,13736758,2691669.0,7194802,,,9021015,599460,2240713,392213,83248,10804686,5111047,418150,116123,401476,,385193,4199814,99247,2074932,1853131,568116.0,2122128,74015,288151,1772886,842596,216579,292595
2019-10-09,574902,89861,744154,1752317,2528109,279098,963927,267010,5296615,518705,507199,8625379,2804419.0,7166670,,,12033056,962739,1572294,416979,106547,7162609,4821250,344165,98504,452139,,601819,1894193,96697,1862395,2151496,754622.0,2026800,52892,400127,1711038,591144,174137,522844
2019-10-10,609626,45501,1036788,2980110,3088191,413985,1879248,604271,13820086,914706,642351,15846271,2992923.0,10646200,,,10518177,1057234,1764193,574698,225783,7915571,5246760,480693,168316,535106,,611116,1569463,193277,3883642,2477881,1058980.0,2543954,116892,417858,2383418,1092565,291577,879156
2019-10-11,601021,48456,1478128,3323681,2789121,557369,1873353,401388,13857789,746965,639443,17529641,3034999.0,10727258,,,9086836,1148160,2076449,490626,138849,10464846,6475004,479151,178705,586550,,602491,1029888,191465,3424195,7325260,603665.0,2853940,78610,361163,2420367,1820836,187640,530057
2019-10-14,284434,33036,678082,1884359,2077128,360928,1130261,204817,5003629,488745,426536,11414510,1544104.0,5973679,,,5892331,835439,1261067,344420,103558,6591978,3439747,221418,124553,377512,,607045,444984,210737,1997886,2227533,635645.0,1581571,85741,292813,1584301,1106573,176531,305342
2019-10-15,630312,47474,1144645,3023952,3524248,783622,2022085,260898,7520634,589220,619157,14775429,3168747.0,11380601,,,7121867,868067,2454346,619063,116471,7207928,5468080,399339,290469,565992,,585094,487532,189340,2631294,2776064,488227.0,2771355,67940,330043,2218901,1265708,219658,373136
2019-10-16,541717,34637,900451,3419021,3410664,599113,2049837,592233,10842124,608871,682883,18156316,2597308.0,11786605,,,8679525,951300,2968227,672979,130144,10718353,6180320,504299,220815,546487,,647616,555931,228440,2425269,2825092,514511.0,2339156,104954,278137,1790637,2025267,684129,583773
2019-10-17,548537,50186,1310794,3696680,3112510,387837,2431903,617948,8232517,713150,659182,18042882,3077073.0,12305976,,,9359459,1089948,2039288,644954,111398,8549652,6890967,394813,166576,500464,,663196,754102,219914,2246248,2634515,712779.0,2992152,64389,351868,2440856,1660704,241697,658275
2019-10-18,624981,43714,1571605,2819712,2956397,401450,1787929,375769,6364916,789312,608137,14529041,3727060.0,10141910,,,8554082,942232,2592305,620034,117062,5979497,7465333,373646,165778,699333,,656217,442800,141991,1851783,2856344,661598.0,2630172,42589,496369,2158753,1437938,334065,342620
2019-10-21,468739,70220,941545,3792488,2163593,316524,1091764,391709,12094284,547400,728718,16365781,2770578.0,9850307,,,7011412,682385,1475018,473792,130174,7901021,5600194,386676,143667,489825,,380200,713935,123147,1591669,2556547,390125.0,2250654,133190,322657,1664290,994619,218792,464733
2019-10-22,495373,55027,740246,2642202,2324275,430847,1444956,265631,6391297,1431163,691099,13745013,3363178.0,8831555,,,6805720,3845528,2344802,651069,130851,7422473,6176252,353771,106442,367328,,485876,892773,81637,2106624,2703659,569968.0,2090355,97247,219854,1665910,763069,135821,481311
2019-10-23,609454,83114,691350,3039500,2558538,376837,1364209,472566,7165462,805050,785081,9997871,3152373.0,8058474,,,5355950,1695796,1860664,624118,134661,11496399,5377275,576546,136917,422120,,366980,923913,135460,2535850,2088400,444433.0,2142296,108259,162659,1085404,835720,167555,430857
2019-10-24,475666,85165,833976,5298785,2446378,267408,1649269,410373,10302121,393242,575807,12475377,3051654.0,10827792,,,4564151,840237,1684323,722537,140170,9673340,11681106,561073,172163,509265,,448872,519108,99893,3776649,1530839,383803.0,1781386,79232,216388,2011022,1297823,300383,307498
2019-10-25,418137,53677,793388,2662879,1930109,359686,1431448,273948,5776814,562472,377784,7797477,2165102.0,6583589,,,5028968,805148,1264809,1380974,101231,6856388,6910137,257040,230022,365040,,398023,531978,125810,2282511,1421009,282701.0,1247480,56625,264984,1197280,1136154,306345,250332
2019-10-28,417144,61364,717076,3099570,2084845,507086,1214530,219746,12744932,744863,496608,10890728,1909048.0,7919133,,,6523855,1027558,1586594,1029629,95051,8149083,6492124,363946,163455,391493,,541084,659641,135049,1744420,1420196,319867.0,1866589,58814,220212,1382977,1148433,278648,290071
2019-10-29,418064,116930,596981,2181498,2286023,576785,1153752,312735,8995132,526611,943031,9047392,2448523.0,10159439,,,8694839,2525098,4180844,928560,105789,6962747,4987974,290396,158358,322420,,642613,635798,92818,6235817,1478616,385705.0,1499618,36794,493477,1152158,1096469,191259,395317
2019-10-30,533351,138103,641463,3091222,3410396,527008,1372249,376793,10640053,951997,762548,38794739,2374882.0,6492048,,,6081384,2165225,2274979,638298,113891,5537967,7848911,423612,162371,407447,,671107,537150,127310,3865041,1817922,718846.0,1792266,66632,191012,1055535,1554028,192842,622525
2019-10-31,570139,95485,1111870,3701715,5729272,650352,1892386,364018,9006056,888172,816245,19444744,2922173.0,10483739,,,13119780,1318483,2510062,523680,157633,7974316,6632705,392802,250391,497080,,572979,1006557,112408,3278449,1949607,574114.0,2553507,57230,251270,1620330,1439069,202090,2179475
2019-11-01,365896,59495,664755,2481884,2155376,375578,1420786,399519,5269581,619850,669178,12403003,2732618.0,8266126,,,6389552,1251506,1611803,479829,109500,5773953,3852254,507991,207380,288678,,327635,1406447,101624,2930025,1239631,574253.0,1566731,94029,223543,1260606,851623,155406,812157
2019-11-04,718201,94028,810662,2915507,3263012,359886,2670336,480734,14295848,1074304,1001236,15889144,2456433.0,7973279,,,6229653,1191809,1574318,626552,177991,6811013,9478289,397889,155324,378441,,669027,612446,97667,3353929,2028552,1886805.0,3048610,50630,260371,2626200,1743303,231425,548308
2019-11-05,806883,83369,933862,2977680,3451163,414217,2576811,954420,8112977,778893,912635,14627629,2637615.0,7734064,,,7701664,1220393,1246117,506570,176500,7734204,6833517,448094,214070,585946,,509925,669816,95694,4367014,2057347,1010679.0,2507745,39548,290450,2420654,1135005,222791,771279
2019-11-06,1557115,93195,888261,2294288,2072037,393333,2090113,1497574,12418172,536680,638386,17912925,2409779.0,7321126,,,8043299,797704,1167160,522349,250051,5928475,5518134,391552,173629,603711,,336664,473135,187317,2813858,1861912,772655.0,2732276,51137,281233,1824492,1080655,119394,814531
2019-11-07,1156149,79146,1156431,2707986,2239918,406264,2362035,943897,16130604,666758,898075,15630663,2751357.0,24791977,,,9678838,940573,1475066,503158,136742,10818362,6203156,442230,126304,557712,,627116,790033,272701,4873191,1833254,750227.0,4914271,67071,253820,1940844,1397762,139220,451161
2019-11-08,693356,84040,1763040,2793488,3156757,320552,2154769,871665,10282075,762766,564410,14900653,2727656.0,14046374,,,10621516,998191,1698853,817451,143997,9298245,5008154,564306,155532,521132,,368192,660826,545675,3453607,1890053,1147700.0,3061218,42103,189625,2823214,925995,170904,713581
2019-11-11,508334,84290,895834,2997426,1588796,241168,1308208,521623,7119882,348626,338393,11127270,3526066.0,9220167,,,7842096,972977,986674,509675,117749,7915022,3812284,372437,155158,363878,,430577,950310,286923,2753933,1489303,734410.0,2548216,33508,159917,1570504,961942,164072,429397
2019-11-12,525322,82071,905301,1901023,1751069,365324,1123366,402285,8375348,946731,539500,10925117,7229042.0,7639054,,,10446693,886919,1243096,543560,150281,15914734,4222413,436106,135519,413192,,490336,1005279,137087,2663981,1462470,538805.0,2177806,53826,184459,1684238,709387,95640,646996
2019-11-13,539187,85696,975131,2396666,2407947,326790,1481974,375914,18393151,747688,539816,18503154,2975492.0,7976825,,,8636392,907487,1339997,458924,150707,7184623,4955884,557787,91560,460305,,415455,834496,152799,2290926,1871907,409037.0,1785219,46298,314467,1386037,762000,221094,462940
2019-11-14,582149,73934,766762,2032013,1815397,398757,1506830,326360,9740991,703875,409606,12094620,2829690.0,9481023,,,8827531,652767,1117427,1295694,119814,4737437,12965253,1028425,86550,415172,,452666,4460859,84708,7728889,2128095,608116.0,1819047,36201,368303,1564241,863943,283730,618804
2019-11-15,644604,54692,1074068,2551647,2316728,338093,1851755,382748,8261425,677863,516386,11907248,3291212.0,12483791,,,7622146,839913,1534575,519971,130680,5802004,9322020,770765,114708,495467,,373260,1999017,109549,3890239,2553577,459997.0,2517224,32960,237864,1561801,1211119,363215,405029
2019-11-18,471228,65763,660335,1700706,1936937,390325,1471946,378212,8137347,550326,495799,9742418,1891179.0,11510994,,,6088172,976166,1309800,501032,139512,6025036,7441560,316622,147473,349067,,665230,2445590,141149,4912662,1947385,368027.0,1548131,35672,248264,1444157,2011635,189227,506533
2019-11-19,493404,70640,828955,2645786,2337006,289963,1160623,360290,8830758,617246,461631,9738605,2808218.0,8366225,,,6052302,955022,1621200,445871,138823,5991090,5752832,547269,220411,515256,,535279,1270089,187359,4513654,2147243,330904.0,1953877,35258,181171,1333402,1107406,253449,357609
2019-11-20,365220,49967,833092,2726729,2869350,247900,1060253,349112,9690201,750752,482979,10491393,2207568.0,8222629,,,6801251,848430,1265955,381487,148135,5661378,4569152,404265,212811,564682,,255035,670414,570903,4036339,1586995,481159.0,1927675,48195,204792,1396297,704314,203489,283980
2019-11-21,557479,83556,850239,2684034,3225866,343147,1174463,467752,7812088,585817,549377,9057601,2606180.0,10244944,,,8291548,820657,1388744,485092,110193,6148936,7450238,393534,263614,573307,,367655,871429,576307,3704693,2110179,329521.0,2346802,60372,195894,1571725,832869,175759,317441
2019-11-22,492051,63234,881548,2386929,2428406,420765,1397188,565049,9761118,517109,462909,13020623,2923164.0,8843706,,,8126087,1072385,1839099,637136,125047,6613416,6510711,533546,170886,614577,,318074,818701,302218,2983693,2160321,554967.0,2362701,32410,168027,1416006,858076,141421,214753
2019-11-25,384628,36593,987327,1353460,2216266,255578,754308,305525,6200712,444491,314331,8858720,1581881.0,6058437,,,5181757,650215,1479281,354286,98047,6483245,4901167,583657,118978,447892,,302779,535487,199368,2894182,1316990,331183.0,2128124,58868,202759,895357,562809,123363,369011
2019-11-26,617866,56754,1102093,2531474,2733184,465274,1221059,629601,9542186,627596,894551,9325159,4073377.0,13241276,,,12951732,1084214,2065412,689991,731271,7723824,4721270,802345,197501,510242,,475602,991102,205616,7422191,2735515,1198500.0,3995103,76940,491062,2022251,707408,562155,626512
2019-11-27,493428,64120,697354,2120921,2122498,241823,1166247,422163,6502135,571742,420543,11289725,2104479.0,13829992,,,7646638,950992,1487085,410000,131007,5342639,3819088,350053,120252,393796,,272323,466257,152578,2995168,1325960,556058.0,1848254,41807,240615,1370229,658364,191501,355709
2019-11-28,360716,30305,552714,1353756,1701901,115694,906092,267706,3352509,321239,186203,5205458,1202955.0,4384133,,,5511093,623095,782393,250721,75665,3101632,1837109,170502,109639,329073,,206357,305406,62306,1531057,779668,215685.0,1027711,21865,96757,875826,447410,102728,178664
2019-11-29,561777,52411,967977,2515796,1864627,197162,823346,303482,4935016,706473,450857,8129735,2234283.0,7778433,,,22164287,774623,1182023,399206,120109,3717491,3765609,307111,186164,548379,,225655,423550,85384,2068769,1975959,278131.0,1864455,31321,156538,1191912,486374,108891,265132
2019-12-02,845570,88493,1326519,3140734,2975019,417305,2001882,389009,10203153,840187,687079,16626381,5015433.0,13205954,,,16604847,1018736,1925292,602523,153584,6296908,5888388,623523,286675,697720,,335757,735339,112149,8137123,2875912,459044.0,3589086,33993,297308,2081695,1050595,161040,486850
2019-12-03,718508,156387,1031342,3233413,2302071,391382,1405688,359420,9807433,740198,390039,13721057,3338455.0,11017685,,,16409393,881263,1749401,517350,159923,5560410,4909140,495121,314306,600954,,341278,681264,204050,3320833,1901135,493486.0,2288403,69060,212817,1807380,1260756,178242,775267
2019-12-04,529477,120609,944369,2044221,2439508,320418,1143739,281964,6912750,579396,404966,13220761,2582412.0,9543572,,,8595650,774054,1580984,371572,133881,4741257,3710136,643343,220950,512530,,402455,742327,136498,2340930,1730025,265469.0,2305517,56832,172103,1424792,700597,172421,964293
2019-12-05,488334,71400,729710,2231688,2249182,261554,908562,186893,5151843,399559,452556,8890992,1633358.0,6929593,,,7081581,536709,1091957,431316,100828,3610636,2946118,609950,354272,322937,,238099,486967,104141,2098228,1556015,360881.0,2416672,28240,170466,1280512,530821,409080,571485
2019-12-06,468252,73401,834351,2124549,2863953,222809,1007452,331631,7207414,712019,507442,8731869,2181313.0,6354957,,,6163462,1523896,1614884,444396,71966,6388901,3830661,341983,203528,433864,,240718,490582,101327,2738620,1652374,655285.0,1886501,29567,184260,1339208,662523,499336,337641
2019-12-09,454827,69856,667092,1430249,1668692,280359,997359,293713,4227727,380542,253826,10316509,1507877.0,5854066,,,6144820,689674,945374,349827,118185,4184339,2296653,378750,197273,316234,,291385,444716,86997,1816140,1375858,325751.0,1411639,35033,180208,1058890,484551,167072,358312
2019-12-10,681361,164762,1047454,3071433,2519890,442076,1237434,361051,4820616,874288,555194,14189741,2762294.0,10256460,,,8510650,1197547,1269621,676271,149317,6742045,4484393,922365,274363,404872,,359164,572524,179812,2150960,2072356,671934.0,2265874,55046,295448,1638570,794660,200893,422946
2019-12-11,485418,68990,770789,1986249,2012416,308805,1257742,354332,3924992,606691,473834,9948216,2799234.0,8348248,,,10513826,1021771,1296280,469831,104080,5505936,3454083,689496,216242,443512,,330686,496444,112846,2573196,1837450,366313.0,2340494,35585,244985,1601460,914204,178344,349336
2019-12-12,587392,88394,1074529,2351807,2538525,368427,1558232,333918,13476666,588616,555200,21175217,2597908.0,10494836,,,8345081,817443,1218459,440099,171203,8621355,3730265,566258,306019,472633,,373846,652487,106276,2327600,2030252,584963.0,2334757,36268,290056,1206496,907633,271702,400363
2019-12-13,654339,114916,1515854,3512425,3736984,482042,2872500,512897,14215658,799393,660520,22171271,3949177.0,12502008,,,10204325,824880,1586934,1801912,215587,8426231,6705703,543621,333673,639397,,621786,389568,98741,4049305,2589283,509066.0,3107246,59346,226640,2211288,2233831,264137,460861
2019-12-16,545036,103249,829922,1809984,1968865,309724,1090555,239783,6850846,421406,445313,15125990,2220366.0,9409980,,,10404079,477466,953052,851956,115671,5205608,3189880,423387,234296,379562,,271097,351170,76631,2901574,1676059,445877.0,2409745,41203,242798,1210615,717892,105205,311904
2019-12-17,621667,140074,1387047,3714544,3576665,507549,1688854,453643,6949343,526822,572602,10906494,2700487.0,10182614,,,10249163,1232082,1775292,852028,200784,5866263,4268220,554891,242059,553586,,318263,577200,224898,3049335,3530908,472128.0,2458502,65936,240045,1871131,658915,140663,336739
2019-12-18,631156,76017,1031686,2763132,2751206,387512,1281740,204432,5778331,611307,467063,10215282,2893591.0,12709253,,,7629735,817886,1972730,660487,128058,4569234,3606623,414667,189228,439397,,354114,466639,113795,3034465,2585256,362345.0,2241899,43771,231137,1300769,731439,118757,339455
2019-12-19,630018,62577,1319860,3415313,3161161,353249,1770646,270655,5561586,631214,733076,14098912,3400908.0,14128543,,,8864201,1024901,1330205,811145,122416,4999598,4174679,499537,216804,517223,,420203,473902,93823,3440329,2663483,560715.0,2521883,47069,298777,1645434,928407,152538,559330
2019-12-20,1393691,153168,3144001,6814933,7646179,748838,3441130,455483,11125136,1186275,1513526,30610130,6833900.0,29026065,,,16920221,1732604,3504508,1220609,324865,8179466,10456047,1039583,445827,1148149,,533731,960388,149572,6200575,5887926,658141.0,6143014,112599,417625,3826675,1664262,119105,897950
2019-12-23,349958,61956,741986,1990353,3623085,247035,910739,110722,5770871,383875,326996,10096288,2179453.0,8469794,,,6773974,452085,975723,382252,80547,3183568,3001240,345976,143390,307713,,174890,277213,41719,1789385,1436685,226501.0,1415210,26285,190143,1326141,599601,66051,269794
2019-12-27,326470,79619,583074,1640149,1907296,192494,793381,242902,3551501,294155,309506,8065671,1888707.0,5591396,,,5283175,1176025,796358,252858,63829,2614855,2365038,281311,128022,297805,,151260,2085611,77181,1368804,1164464,225694.0,1216387,19860,180241,1093053,394014,53287,257044
2019-12-30,215885,31010,432548,936462,1018336,111371,467282,139734,2814662,189994,159045,5349478,1153869.0,5774093,,,3674747,494453,645877,189769,61540,1728403,1557965,179374,72450,269153,,179127,524661,57073,1721932,859842,258062.0,906002,20321,131517,737202,276189,48881,170398
2020-01-02,429314,105979,846800,2025939,1992518,346360,1232319,211845,14916915,470236,475703,24048444,1919948.0,9435019,,,5821140,584770,1039427,460000,131274,4204646,2973654,613310,128299,326933,,308905,963357,61472,2370079,1707496,359467.0,1891185,45183,196172,1683124,814205,103455,228732
2020-01-03,440067,80040,997575,2579508,2514997,244422,1153245,221332,7254038,622871,423951,13519680,2555879.0,9232877,,,6854797,634361,1107601,459917,98287,3771505,4014262,529208,127253,421465,,307605,590875,77883,2593666,1929766,282792.0,2258980,40532,220546,1602053,948457,96410,211422
2020-01-06,494435,84178,842331,3487724,2317291,291549,1039192,251398,8171528,524571,439973,15053032,2712666.0,7337533,,,4819381,592778,854671,442132,111974,6488522,3441396,635339,177913,427462,,336483,648058,93166,1773571,1838328,326103.0,1875474,54210,273277,1340110,658053,200779,348807
2020-01-07,489629,88508,905810,2090539,1771542,262276,1302124,307025,6058037,621631,459865,16280714,2719245.0,9646934,,,8756103,597535,1341228,603108,103102,8715737,2816618,623819,150206,359749,,323304,579482,93721,3350911,1951018,315480.0,2500531,34836,231917,1162351,932694,105455,322146
2020-01-08,686646,115878,1006392,3255451,2941368,252169,941807,338785,9423757,678715,614856,23003315,2687591.0,10757370,,,8586674,573393,1028381,566458,148720,7033333,2659070,804081,164418,384953,,301491,408264,52043,2731742,2044239,361619.0,2017445,58774,286466,1539371,840853,149161,268601
2020-01-09,734200,72016,998027,2462547,2726823,322831,1391131,331678,8213352,1088364,518208,17653913,2796824.0,14510060,,,6137650,932857,1168771,578916,135546,5126687,3098476,520736,210590,488812,,474969,510410,61681,2798431,2354193,471228.0,1925148,47553,257991,1603256,1338153,113771,349040
2020-01-10,496127,74457,762695,2208935,2632057,262850,1102138,227297,5629067,706948,396208,13262969,2642838.0,7884365,,,12208671,551434,858719,442106,101560,3456501,3130777,353021,121094,344358,,525601,717632,67118,8753366,1464936,328988.0,2282447,43797,487766,1360875,1518740,155092,235225
2020-01-13,465002,64419,698396,2040685,1998984,219480,884147,222698,5160974,817142,365868,12178152,2763012.0,8384403,,,7119163,625567,1070879,339877,104585,4068899,3089806,297896,94447,308918,,322282,569748,133205,3797299,1456615,651088.0,2164232,79096,217050,1048260,812123,97403,341312
2020-01-14,600907,120156,827509,3688288,1867783,305016,979352,263886,4498243,821074,449950,15893049,3090763.0,8657045,,,6147988,1001165,2971724,423378,122554,4982420,4170529,568853,136924,332308,,407299,545430,89949,2439330,1727071,645572.0,1798018,41139,281757,1052466,767691,111093,294636
2020-01-15,503382,109377,1105804,2744952,1886380,365157,1607651,265385,11310960,640901,439034,12573989,2396994.0,7501201,,,11025468,841867,1358292,426838,139787,3707636,5857810,649150,255273,375649,,492770,622529,108432,2501477,1784830,575166.0,1513858,73746,261734,1689016,1068497,127818,271779
2020-01-16,348285,94856,816269,2069301,1702421,492025,1730300,193868,6171293,787955,365891,13169865,1942358.0,6333041,,,9799134,647970,1188290,315759,105901,3218569,4517609,439495,214363,291241,,476761,676762,76927,6638131,1473122,417332.0,1770670,47115,168756,1201105,925738,298561,148708
2020-01-17,759947,144221,1250857,2847535,3059657,482305,2112839,303576,13381414,826896,450456,13242208,3209069.0,9930537,,,12774258,780353,1567760,390708,176924,3938486,4582967,602467,246295,546077,,360358,360705,122371,6077584,3059906,377461.0,2691331,45404,145237,1542278,988847,206365,370684
2020-01-20,383396,74994,645822,1759143,1227659,199810,837922,189376,10270036,701462,195720,10334007,1363974.0,6888096,,,5591970,706916,1153142,265340,89307,2036821,2802010,255080,149375,266411,,224115,654387,150180,3265118,1121581,177703.0,1165114,38863,110958,923964,422072,147602,206493
2020-01-21,371294,94845,724648,1879424,1730267,245963,888947,288213,7190670,908174,430352,11041449,2270280.0,8318716,,,6113091,786749,1411673,487071,89038,3524158,3320743,460160,201927,453426,,313782,476490,66461,2482836,1604873,347010.0,1379995,39460,121385,1237672,649325,119334,234124
2020-01-22,489356,103046,895113,2224051,2196629,229046,1755064,274484,7118898,982424,563959,11329023,2632263.0,8317278,,,7106267,855260,1145786,465730,102928,4852943,8999759,390812,142576,487235,,444916,432240,120165,2416668,1987251,740105.0,1897278,40271,248049,1381436,1049016,118069,271574
2020-01-23,536951,125707,959441,2925864,1880088,255855,1472242,455379,9252758,1232675,453424,21611612,3630299.0,9570257,,,7484706,732156,1085311,446760,104771,7475423,5682839,526826,157159,541310,,397798,390478,131529,2825244,2077357,445959.0,1850273,44473,171105,1142801,837482,135966,420188
2020-01-24,322382,130580,895800,2597486,4160963,245425,1281775,353364,8590485,1498347,397519,19481605,2820201.0,7880248,,,8644186,1300402,1261080,514181,109964,6524558,5996104,630531,120469,451082,,284158,377212,127267,3838149,2038873,426118.0,2490364,40961,281548,1302509,895854,135332,374921
2020-01-27,786804,221597,1312953,3837023,3399409,507829,1828640,343262,9811142,1035919,439320,17213073,3895502.0,9635192,,,7957243,1136662,1778386,527589,91639,7938095,6571183,537260,195973,515812,,681563,504267,135291,3039271,3436180,405893.0,2990899,55420,218425,1956929,1356742,327904,350195
2020-01-28,824376,180276,1017906,2592323,2684513,336137,2112085,257405,9539221,1792729,444960,15726999,3111976.0,11638999,,,7209946,848502,1439175,582429,106098,6610137,6708750,449092,191819,394065,,402230,473827,99157,2962905,4511982,396119.0,2042223,60313,182481,1832730,985026,409952,252791
2020-01-29,537865,125099,788630,1827442,1796616,249499,1456090,276724,6689415,751969,362344,15895063,2459256.0,7517399,,,4750480,600546,1084143,540895,98094,4238886,3965600,311792,132251,249891,,374417,394134,77985,2209825,2208420,473220.0,1774195,51598,205953,1452712,907400,369640,265451
2020-01-30,547364,108830,928148,3644853,2743790,322118,1995833,278296,7935769,830309,353521,30387829,4984483.0,11617733,,,6474727,906626,2578924,373378,128552,6197748,3977028,351805,122447,391693,,720376,404191,124388,2325207,2959833,532211.0,2262370,55264,280566,1546024,1649026,227238,297648
2020-01-31,864471,117972,1335135,3754056,3760897,451643,2069682,379821,7076005,869705,597105,27408118,3634979.0,11378907,,,7980414,883858,2385415,722330,154745,8555139,6017511,594584,162747,495010,,480588,589881,115500,3491175,3235383,1120361.0,3002914,73873,382941,1910399,1425734,182300,445820
2020-02-03,847502,110447,902821,3027807,2285251,351607,1818370,287640,5704937,687483,425980,16954565,2733849.0,8341657,,,7903073,651023,1219906,564601,137368,7225330,4874196,546311,107719,426481,,438275,525617,103789,2224761,2494104,1234432.0,2642144,102880,226074,1545838,858700,166405,302932
2020-02-04,784106,133942,945155,3205911,2966007,256846,1938049,226321,10957951,617697,476512,14716863,2676048.0,8422039,,,7726089,782345,1106557,611700,134395,7541086,4197249,510273,127728,399733,,590800,726178,78146,2216525,2470427,692856.0,2589069,62925,228387,1973069,1113395,142748,230001
2020-02-05,850951,195881,1345632,3217545,3220661,248965,2017296,380141,11604944,1118364,643199,15158979,3790186.0,9254510,,,8960632,821168,1549143,724827,163267,17561638,7289595,595718,264045,486128,,480546,1631439,96490,3009957,2730518,609576.0,4317314,62462,404466,1518106,1263246,267202,353230
2020-02-06,595853,110862,1238639,3005582,2446008,354634,1618304,378472,14296770,986733,448280,51298494,2163211.0,7640151,,,9061378,632716,1425047,576892,189880,7850060,4471882,444752,172373,439070,,289049,828455,104222,2428912,2001144,397576.0,3560251,71245,235785,1524589,773462,267597,275067
2020-02-07,573197,168378,937523,2651134,2001080,298923,2438775,546027,9817637,709914,386956,26549903,2181386.0,7507806,,,8078928,586311,980843,642152,178054,5538832,5351345,391443,155329,394481,,416663,1016812,75413,2588500,2168880,491661.0,2733345,60082,184396,1238431,1250212,169914,333030
2020-02-10,504651,74224,792426,1896644,1805283,177493,1969048,195344,6994975,582163,257762,16603396,1467868.0,5854479,,,4686067,492961,1065057,292683,116254,4056595,4438165,443886,90540,264775,,314793,480743,116568,1523241,1539557,472851.0,1739582,36892,199162,1049778,777603,81171,255389
2020-02-11,909262,100345,1202295,2549049,1970242,221804,2075594,200504,9007552,1158661,409152,20733054,2312633.0,25566634,,,8921439,820740,1331791,412376,148727,6439334,9279666,561898,135424,325462,,378399,497119,141604,2337150,1896258,450852.0,2743204,75465,177449,1597979,1067927,336295,309744
2020-02-12,518720,105811,828429,2611126,1665464,235979,2590748,268836,10387873,1800889,358367,20634513,2178010.0,14988169,,,5834296,406593,1188290,479644,120990,6010776,5981323,704257,112422,303334,,508854,426083,101414,2578006,1859593,464030.0,1784931,71179,233598,1549011,1101434,271760,261634
2020-02-13,546460,136704,1183437,3526875,2237053,233469,1643472,321448,27468531,829676,396645,24202571,2967971.0,12786034,,,5802152,521377,1241985,500070,115534,7318630,5057287,477183,125779,420588,,497429,387734,195833,2601703,2102326,622687.0,2922198,101955,197387,1691929,948791,188942,330128
2020-02-14,424460,201532,792677,2282381,1591976,205973,1456966,271760,19094224,767268,325813,16012285,2028423.0,8102383,,,6178916,573431,843768,398165,72136,4577853,3901916,407188,162409,278490,,404382,695041,88199,2856080,1536676,562845.0,1998648,30522,141613,1172631,798452,106257,229083
2020-02-17,385470,166451,586228,2971307,2438589,133695,1298707,90863,10791358,843844,277561,11755074,1750021.0,5682800,,,7761579,490645,671023,479797,64514,4086947,3431491,227995,160781,226305,,320063,252735,89884,1870128,1038671,384246.0,1392102,31914,93831,772889,724621,83735,275611
2020-02-18,514151,107731,783338,3411602,1901779,219151,1359236,155801,12762772,781575,719370,20095601,3129759.0,11333575,,,7472217,597295,1028507,412925,136541,7013235,4942339,422687,155272,285483,,368387,317463,105399,3198982,1873726,334078.0,1714581,44158,197892,1483845,725402,96624,314038
2020-02-19,1131003,95656,758064,2302668,1648665,278247,1326708,218276,9515126,620399,606349,19745247,2274347.0,24154334,,,6643506,690363,1083418,460287,81271,4986070,3754859,482734,284034,330689,,277717,338638,99860,2713786,1916597,327569.0,1676507,55120,162277,1289321,564040,96293,265950
2020-02-20,651691,122227,998151,2561445,1800190,360893,1793835,221571,10681993,641630,470903,12267903,2402600.0,13116257,,,9173506,1807951,3539996,433846,140025,5758983,7037589,568762,267638,543049,,444836,517917,64105,2397703,2041776,674211.0,1729841,48735,163450,1349002,796069,460285,373867
2020-02-21,713383,143902,1966079,3912123,3061897,367755,2005662,202644,14810784,1223024,669527,23554125,4201524.0,16814487,,,8065831,1084573,2443301,515955,114663,7604416,7961935,597321,397771,604841,,446624,372108,105109,2987766,2835348,356071.0,2891179,42464,152419,1220510,1325162,168898,415762
2020-02-24,1418530,275659,2538258,6569425,5617236,597445,3729450,508199,14899655,1228321,759981,32685408,7345637.0,17975950,,,12423389,1476471,2632503,757828,200343,12670307,12125682,915368,355795,875455,,916685,618825,228145,3574126,4286988,935157.0,4268376,86269,239473,1778529,2141019,205480,462050
2020-02-25,1341838,372926,2111402,4988903,3872762,450720,2409281,532404,19807218,1273415,642595,23969807,4795338.0,17576512,,,9500791,1121244,2004909,649932,215363,11691491,8358050,837744,422694,902999,,596708,640640,198197,4360190,3551834,565556.0,3761172,96227,318195,1908524,1386340,149763,717118
2020-02-26,1475579,531778,2879635,7274610,6934751,665410,3322283,929121,19729417,1364296,1027176,27870056,6143298.0,19234654,,,15282101,1266782,2886599,981159,399146,11342516,9711085,844016,583101,1236469,,702852,1264264,252747,4502065,5132531,941932.0,5761415,216622,324926,2861184,1858288,211985,986725
2020-02-27,1365486,533749,2925199,7550780,6457786,679227,3225348,632335,12903430,1237762,884107,35068577,7513896.0,24573629,,,15577725,1406240,5020560,1136950,265723,15554480,9454676,960231,473880,1232276,,842430,1373330,201687,5141818,5574865,547247.0,6076933,75749,340206,2896946,2502014,317766,1714248
2020-02-28,1916560,888869,5347670,11346505,12903573,1128143,5834942,942182,21512717,2457540,1650244,44428165,12219750.0,36292177,,,25702130,2245738,5113700,1655517,448759,21683019,14626473,1316321,845048,2030609,,1488423,1868154,363382,7806875,9255786,1347904.0,9857623,178902,643300,4919863,3739464,330898,1299957
2020-03-02,1352197,542042,3311519,8279100,6555565,945453,3315364,857288,19719767,1578407,1175573,40125848,8530640.0,23089669,,,16627076,1668861,3426656,1346601,293878,18152307,9081850,1133060,540981,1355459,,860977,1108878,348374,6069587,5680000,546798.0,6949694,95387,391086,4022149,2635031,181617,847092
2020-03-03,1357238,624458,3195668,8429778,6142183,876688,4135929,734528,18011103,1441346,1244950,31889865,8437913.0,24369814,,,15898347,1292128,3076511,1028363,272319,14163063,10495161,1013520,572044,1396244,,672791,8371887,313575,5614626,5522488,687011.0,5803331,123740,385108,3441038,2509384,264419,663419
2020-03-04,893698,332884,2107711,6604319,5616580,653364,2320426,893087,16464624,1447751,1170347,24684810,5720148.0,17248629,,,15710626,1330202,2158918,756289,233189,8329895,7911854,839736,309124,998784,,732935,2873140,270020,4153900,4369159,576129.0,4411473,79084,263116,3753723,1623774,182374,460223
2020-03-05,843273,357459,2210553,5341584,3656343,705538,2447364,995813,19378847,3860099,1072021,32710299,6115660.0,14853864,,,10862517,1089052,2220892,1413896,277600,11243783,7427867,1084302,418255,936182,,516670,2066938,253410,3731782,4206723,822221.0,4642410,88941,316189,2785099,1390939,235329,600757
2020-03-06,1150132,589813,3008117,7790801,5256308,753064,3189387,576439,27941771,2890572,1219035,33095707,9283888.0,22127577,,,14983432,1127014,3065472,1291603,266052,18360557,12228943,873814,511028,991577,,606864,2062549,238393,7078186,6048024,740793.0,6328163,56213,330221,3188479,1797998,325184,794417
2020-03-09,2387113,766199,5356717,16383615,10331749,1343821,5395201,977019,34786205,2473285,1865100,57832981,14311660.0,36334539,,,23535713,2330159,5578981,2220255,420659,19859946,18649227,1592428,613183,2011230,,1192508,2416278,403618,10830813,10766037,1039379.0,10740385,109004,592496,5361171,3019401,393587,1006940
2020-03-10,2082033,616380,4561228,12474295,8668542,1083278,4299614,734690,35647580,2358557,1567177,52483894,12697870.0,34779537,,,24517071,1983175,5223374,1524810,389096,17035790,14755257,1444230,697122,1638827,,774356,1426468,307763,8539883,10148677,1159651.0,9524718,106288,738374,4578005,2754193,343820,905634
2020-03-11,3716777,698705,3358666,9582218,5988000,927710,3245931,738434,21101450,1597849,1264500,40266184,8924022.0,25851639,,,22120374,1791655,4031975,1044688,275072,13464756,10554718,1034518,549212,1179591,,863197,1287228,270908,7078442,6450756,1109231.0,7632725,87168,684593,4054383,1935512,221372,948156
2020-03-12,3869716,671330,6416267,13648642,11749482,1594550,6712618,1330433,38080487,2610909,2345456,75585767,15092880.0,47355263,,,41479568,3071181,6590508,2225711,690341,18979719,24436875,1751058,972270,2687562,,1670355,2440936,393558,15547814,13618787,1208765.0,13475422,163909,722383,7250951,3739053,356047,1283356
2020-03-13,3718888,637305,4971425,11753464,10499910,1594918,6324387,1011836,31271938,2580325,1406891,61613470,16663370.0,32959263,,,28549521,2593183,5428504,1375446,555003,17387081,24212379,2215131,855944,2375010,,1342639,1826588,384219,12196725,10929316,1167860.0,11643903,171067,786881,5747638,3623209,286199,1102308
2020-03-16,3543671,1000101,5702464,11734663,11782270,1460918,6612181,1034707,30721926,2037705,2165362,47425068,14268680.0,36811536,,,22671161,2893169,5633036,1355113,557437,20857238,17741977,1637714,841385,2240806,,1943291,1830812,413786,9811113,13189466,1654198.0,12226983,182722,857325,6496223,3396563,452975,979121
2020-03-17,2263460,302379,3760697,7421592,6985039,796115,3975016,862733,20672723,1667080,1425883,42324376,8657520.0,28947423,,,17581720,2226888,4710438,1267955,521791,11141209,16269640,976021,612935,1880578,,1208604,2245387,358225,7541081,9619836,869869.0,8742786,135077,695315,6088574,2333167,334731,766495
2020-03-18,2139454,711077,3811950,7583758,8440189,810149,4654563,915007,18868910,1250396,2073263,29937096,9351971.0,31849359,,,19776074,1571370,4864944,1057967,428761,15177421,12449752,1195845,1055767,1681491,,1826395,1601087,444861,7986236,7020653,911483.0,8766555,142235,829347,4161050,2663082,545229,1081619
2020-03-19,1816061,791962,3487230,7293491,8126160,767279,4697097,1064636,19321835,1378999,1476551,27611121,9051669.0,31606779,,,20530322,1725807,6230417,1244157,441311,15750367,13842283,1181555,757977,1964948,,1756704,1693585,680720,6454444,8012428,1208068.0,6102553,209010,787329,6072107,2930561,401867,1035324
2020-03-20,2781574,1649595,6522618,11328464,11885251,1001145,6491031,1008291,26757214,2075550,1915356,38212001,13260510.0,45811631,,,28173369,2637099,6836814,1693984,522121,19027002,20035159,1628418,846571,2344528,,1653178,1530176,595800,9032993,10777435,1579687.0,9674299,231325,1151452,7525168,2942438,342460,1186559
2020-03-23,1813196,719024,4078514,8654225,7078659,748873,4318784,579931,15175773,1375802,1409794,28675787,7189451.0,26546345,,,21648737,2033532,4680558,1068372,361367,15724996,14638267,1047070,793308,1615811,,1063828,1062673,360531,6040650,6887871,969407.0,6625998,139546,505382,3789113,2139740,319890,934172
2020-03-24,1834349,979522,4074319,9439100,7920997,788042,4628692,615635,14858453,1417388,1835638,27953008,9545384.0,24593524,,,17619721,2621203,5514853,1203969,405333,20113081,16260714,972326,890138,1854594,,1382900,1533273,395043,4765602,6617752,796279.0,7649517,120655,600981,4223002,2757178,329266,883595
2020-03-25,2194130,1172370,3528154,10314622,6983305,820305,3669902,431989,18158550,1048805,1448365,29559951,7822347.0,25924784,,,21633515,2668601,4203158,1094960,380961,17500420,18199555,866755,873621,1316655,,1354520,793420,414706,5955891,5773778,976156.0,6274730,113064,658256,4169330,2539388,358402,752581
2020-03-26,1292384,1030000,2644423,7521090,4746637,640037,2612333,424449,12082609,955265,1098435,22308055,7600970.0,22545943,,,16282315,3209145,4171982,897329,330056,13003337,13358554,708107,540655,1161863,,782546,1158690,242229,4195250,5820230,813042.0,5181190,97459,582941,2929793,1821000,127043,624244
2020-03-27,1265677,587428,2642276,7021093,4787766,612028,2554659,538672,9993165,1020536,1016111,26013875,7012728.0,19980194,,,18176154,2283631,4328597,908785,295350,12073608,10618328,672168,716652,1090311,,715573,945659,259465,3907790,4245574,682432.0,5194118,79886,426838,3066089,1895034,124636,486907
2020-03-30,990692,596797,2820516,4975979,4275809,436529,2283311,508839,18925755,786232,966038,20256476,8697176.0,16038883,,,16088188,1853035,3232394,787338,193902,8836903,7997146,753858,400495,867606,,899109,1068124,439183,2950532,3078636,736199.0,3511642,114224,609781,2896760,1153040,130205,408506
2020-03-31,1266450,802581,3131523,6171601,5985815,883923,2546075,569915,17442405,1062695,1155403,20363026,8007107.0,19526969,,,14649248,2181216,2939838,1196579,387256,11872928,8429481,1279810,612829,998191,,760352,1087827,280609,4393891,3898272,1244671.0,5633449,114629,487326,3477622,1645173,173691,846264
2020-04-01,1014076,885137,2724012,5542822,4118913,784715,2362849,365045,13055009,1119525,822290,22133298,5562939.0,16196604,,,12215188,1924834,2591277,893802,292290,8990940,7825365,919642,547844,994461,,765044,1300735,329810,5328456,4154922,726188.0,4742017,94016,469586,2420353,1924010,178342,406766
2020-04-02,879102,480341,2658528,5797128,3364171,618103,2633606,460899,14090352,1546010,744486,29795126,5405580.0,16096682,,,12637133,1137711,2792202,982713,187116,10890120,9921058,732066,785614,779139,,762299,604872,230751,3611704,4141403,751534.0,5578751,75936,410851,2051993,1471817,164474,450304
2020-04-03,1103716,418648,2543360,5819944,2806018,470463,4331430,544570,8242636,714824,748316,22605555,5867500.0,10640646,,,10535067,744022,3326884,719559,170624,8565823,6968859,557336,655110,939591,,694944,605409,188896,3363358,2925187,781780.0,3635787,51794,433346,2584560,1452204,128516,231380
2020-04-06,938539,493334,2455667,5463842,5012935,475964,2883526,503381,11708402,1052994,841041,20576683,6032276.0,14335620,,,13366306,1005906,3149679,656762,198927,8628430,8107113,677489,1002318,720453,,1207039,1399779,401942,3467775,3345981,824295.0,4426648,71418,320587,2034047,2662255,185245,484852
2020-04-07,1076100,537687,2730972,7213639,4430063,608208,2625937,473206,15493512,1406164,848866,25349706,4582580.0,15001793,,,14472900,852987,3321995,978181,230550,13660562,10192549,829095,1016890,842471,,1085734,607641,431696,3913889,3640581,770983.0,5676250,107784,303469,2287951,2370969,243564,662603
2020-04-08,1010055,300513,1928841,3287545,2634788,545722,2262731,306377,21409366,887895,515036,15601188,5761215.0,12427461,,,9093597,806008,1984823,832643,184666,10293749,6569412,530871,447755,574965,,947140,1270581,213227,2532855,2903942,601169.0,4299790,85885,408876,2483338,1386924,114313,333242
2020-04-09,1319853,611825,2554929,5847205,4128261,509648,2485969,402722,19843334,1097060,585330,23362402,4842972.0,13209569,,,11244837,940358,2335802,825070,164032,14537407,10697452,493431,809906,909620,,856556,1440600,283797,3716251,5230324,670788.0,4790520,51961,364117,2990381,2150761,100554,394778
2020-04-14,750236,190742,1841919,4103268,3399748,386483,1909198,410667,10865647,952410,684446,15877455,3848557.0,12295418,,,12503523,912856,2004543,693064,257643,10310556,6978347,571288,696439,577115,,636982,662756,291751,2643336,4216307,455434.0,3012294,89462,323832,1966250,1447387,133975,381095
2020-04-15,1038603,379341,2714119,5684649,3825248,583407,2469060,604924,20665608,1053890,590687,23906111,4366972.0,13234103,,,14890417,838724,2566592,1006396,244201,12693153,7779054,609888,864879,1018317,,950593,708885,302413,3200715,4296678,595010.0,4393158,118552,371442,2495698,1630309,149042,771295
2020-04-16,821745,275712,2618525,4584339,3075417,414701,2335152,332650,22280166,670304,801554,19432957,3281606.0,10566157,,,11520274,951859,2198066,533916,247028,8630884,6308863,553703,756822,1077991,,858772,527855,249647,2483878,2778777,498638.0,3750040,128217,360770,2029369,1596486,124631,1461798
2020-04-17,1279772,557016,2634445,6155766,4639461,481251,3906817,571366,19429058,1403722,993115,19310420,5961436.0,17697498,,,10935913,1216916,3375526,785397,222442,13798722,10118608,678195,1066455,935686,,843865,800085,519365,4191536,4543809,539649.0,5050094,71649,303546,2431323,2322531,152701,591582
2020-04-20,617101,342012,2043227,3946071,2715469,364711,2159543,368559,11141348,890009,548444,17888692,3629907.0,9926789,,,14512720,1040971,1776817,554633,119502,10592169,7918320,543413,579620,752904,,524974,602023,271407,2447085,2405989,644439.0,3084394,88471,221807,1497063,1362190,70473,532282
2020-04-21,1011225,378390,2573255,6273416,3996156,756311,1857083,552399,12883556,1013319,751325,18330368,4639142.0,13660226,,,11894817,1064512,1651883,714767,184366,12185549,7198188,630703,593345,996050,,689031,976040,284464,4033119,4127784,522622.0,3996863,181981,255844,1813781,1745515,99210,465119
2020-04-22,886899,236663,2208329,4117078,2726947,411952,1533538,370352,10345914,545693,656914,11651071,3035114.0,10628318,,,8639183,815406,1701060,513623,223561,10048536,4837077,416465,564069,945803,,491909,802170,337334,3195909,2932900,509920.0,3097003,137150,234136,1503955,1053513,79037,430472
2020-04-23,930845,241269,2162281,3207984,2543468,414847,1688589,366621,16523168,681078,512461,18633176,3399111.0,12004929,,,8213990,1291901,1456774,654232,173978,7628060,6004027,454018,682033,884230,,475772,865076,237386,2393739,2889458,916738.0,2988385,85056,246459,2974862,1032621,97160,339255
2020-04-24,878116,212644,2655787,3953867,3063814,470133,1669671,389187,12767760,775376,570227,20978844,4038515.0,14028630,,,9552910,931992,2346912,509560,187369,7339772,6514340,547554,475561,1010192,,406234,634711,192437,2714860,2890515,794984.0,3140125,70059,266419,2853070,1096882,76223,503818
2020-04-27,1409663,439958,1936743,3391672,4461334,424526,1828072,421026,16323388,893366,668100,35425919,3582546.0,13412347,,,8006911,1142105,1806012,406211,195307,6897638,5891797,525205,346167,714426,,362740,459905,193721,3598131,2106179,806286.0,2986222,76096,271131,2232601,926361,74128,399256
2020-04-28,963143,446525,2487556,5227605,4846210,410076,2126371,738667,22687352,1283683,676757,26533875,5017839.0,12551150,,,8108232,945173,1738413,557191,323634,10025211,8683937,593719,688345,923028,,942160,554297,215090,3324409,3037613,762982.0,4841475,96845,471101,2029435,1769321,114815,528918
2020-04-29,1214197,560218,1991299,5490459,5130729,455831,2842964,470583,17891532,1419683,455188,34826453,4897213.0,15197859,,,9484168,700319,1913837,536450,234143,11606819,8450763,398558,788364,1184167,,1026926,595270,287694,2813669,2539753,644021.0,3826607,78703,383739,1571978,2030413,140201,821352
2020-04-30,1247587,526354,2934742,9198520,5519994,607872,2625725,479975,21703833,1601429,1077041,31659092,6114690.0,19948004,,,11941544,1131096,2733228,770603,340883,12009847,10580592,899927,961991,1564776,,771135,755542,359746,3618868,4692164,721381.0,5075612,96068,476645,2746340,1866418,238707,622855
2020-05-04,1494144,288200,2866082,7532468,5162829,707742,2623809,464275,13612009,1250612,836892,23215524,5891929.0,17206611,,,11358424,1089614,2174424,707467,249485,12470229,9100726,724663,672839,922529,,712954,431280,308078,2725237,4430812,573808.0,4191461,82585,279813,2406893,1664524,121128,642930
2020-05-05,828679,206903,2796207,5028878,3256831,898156,1947394,399981,12240607,1134590,724360,15943483,3945657.0,11047076,,,8953828,773584,1991016,736060,178111,9927882,7872577,671461,716997,759010,,554444,472853,301158,3386505,3028444,1093408.0,3006825,100878,394703,2797724,1240330,100773,546093
2020-05-06,1016561,165443,2674952,4986026,2351880,608925,3079088,653463,10781107,781478,710488,12772606,2708035.0,9703783,,,7250370,1103565,2244189,618638,301509,11008861,5996377,453580,1033095,640647,,554635,634511,285338,2464842,3919584,848595.0,2208883,130768,313562,2291693,1052322,142308,604788
2020-05-07,1165279,191869,2644052,3547575,2774423,456118,2708186,892650,12632878,900218,527009,13123244,3322781.0,14783374,,,6214174,724652,1449671,520080,281878,10586726,5548954,413658,592674,505527,,580305,466877,358793,2484078,3719688,739443.0,2866749,79311,377199,2863013,925883,106165,1629189
2020-05-08,531327,151703,1521836,3017750,2093326,320703,2197345,749861,12163564,1045315,595244,9644962,2641279.0,13602433,,,5948505,611228,1449592,331965,217903,6972141,5645279,285400,415404,491562,,468975,626500,691526,2443086,2425684,831866.0,5058187,60984,180361,1419897,839718,68230,1124183
2020-05-11,588505,234239,1601051,3647888,2620078,303548,2401288,501967,15158710,660108,395068,14145101,3305151.0,9630907,,,8159917,855241,1439096,648144,200475,9140376,5237633,279189,363007,537847,,506185,386556,385939,2227406,2215143,507941.0,3054212,113014,216968,1436036,931126,112850,936591
2020-05-12,586823,355354,2760292,3156406,2112790,360582,1539118,624293,11174008,531132,415995,12191728,5431874.0,11479257,,,13926112,567016,1376587,728778,197770,5688394,3918265,400445,404969,459999,,424922,531370,328586,2929788,2297826,740977.0,2542741,108039,297710,1424664,809502,85430,463579
2020-05-13,973475,362541,2414995,5339028,2824772,466977,2671455,592897,20913270,1016457,623531,18034499,3913393.0,13146214,,,13953031,628468,1831181,841649,188747,8985175,7068142,488108,514588,596304,,1286367,400610,204799,3171919,2953879,527842.0,3093092,115893,286196,1716049,1455973,146291,702302
2020-05-14,918512,275598,3006463,6029631,4114886,594263,4025076,448087,23410763,1384024,615672,21046870,6335613.0,16861757,,,17099864,1288398,2036720,738547,277071,7636866,11696290,436168,421163,828673,,1168356,886296,291328,4097927,3940796,533491.0,3594252,99274,371276,1713842,1896912,121745,530472
2020-05-15,831199,242870,2639932,4860911,3496838,453902,3502835,293779,21911504,1032220,564214,18430164,5590077.0,13461602,,,11651302,1030333,2102464,661846,177859,6236900,7111325,472394,353988,843976,,768954,391477,344347,4538179,3448264,429662.0,3481963,69523,219207,1696021,1481815,104154,429175
2020-05-18,1298436,332157,2214312,5619950,3542045,403080,2765408,294602,20177883,1312631,626287,18801766,5071323.0,14621042,,,9828660,912563,2543276,469050,114161,8283939,8870910,620057,724381,678780,,745369,496776,305632,3566119,3136204,667483.0,4371769,86022,181168,1417349,2465763,121676,534875
2020-05-19,1258762,381045,2797592,4778194,3464067,559506,2315191,273753,21979949,1217138,678678,22129209,3945297.0,18285304,,,12678084,838964,2118200,619767,105665,11071742,8388974,434415,892502,797380,,598491,745559,350028,2933359,3456418,909377.0,4382536,123608,290431,1864175,1677762,120929,422441
2020-05-20,791109,305091,1726686,3574657,3419417,363066,1641527,265799,14782977,777283,595924,14729676,3673107.0,13296968,,,8092828,1040705,3820738,583530,120897,10457074,7726392,482693,539598,492438,,715947,516927,198935,3149171,2928298,1040555.0,2619015,83809,276086,1271738,1498262,110443,444810
2020-05-21,615341,192866,1180009,2324840,3004723,223166,1347915,203999,8669029,635785,368806,9822511,2745428.0,6445577,,,6584394,533385,1841912,376719,101704,5988789,5300838,293284,273350,368333,,438142,333112,117332,1742172,2160165,428078.0,1705791,64448,259668,844260,1096617,79959,309944
2020-05-22,648062,274792,1442390,2813779,2186220,336903,1369506,338932,12752094,911583,438847,15437045,2631228.0,7959706,,,7015512,704153,1425086,623502,120963,7850796,6863960,617584,317935,588353,,731161,465432,167352,2058336,2466986,556278.0,1961577,100595,194126,1385384,1533998,101208,528653
2020-05-25,526030,452748,1075775,2308944,5271776,237492,1796645,159686,8128671,452974,304735,9517692,3037765.0,5535359,,,6506722,504055,1109767,306982,80527,3744557,3677630,283824,477586,461771,,245297,207387,157823,1957524,2617792,347435.0,1667505,65538,160569,1407085,1071253,53260,441374
2020-05-26,941542,582582,1875035,4085947,3269187,520008,2720565,292961,16770547,1244003,738758,26923434,3031777.0,11902109,,,11663544,886186,1827179,552413,205926,7729425,5861078,569473,809648,1009339,,747063,487044,239655,3565815,2903668,862404.0,3029460,170536,316924,1462046,1489657,181933,538291
2020-05-27,1174137,626255,2894817,6213472,3979631,561861,4266200,706519,23013293,1664291,734033,28345497,5139052.0,14095987,,,12074693,1180660,2652928,586398,205624,18370428,14275247,867359,829892,879994,,993371,487276,406034,3348143,3238084,1019055.0,2897184,193790,357874,2136484,2983830,134362,591232
2020-05-28,1042586,493105,1974111,4542098,3275258,447751,2340231,439219,15294714,1538972,722446,19102742,4279158.0,12211196,,,16232163,819570,1870000,799905,143448,10286119,8377335,681033,524851,694125,,714475,490416,248041,2948354,2724151,688486.0,2756926,112710,319796,1798823,2347733,125447,713114
2020-05-29,1803669,536204,2282423,7017249,5283029,619600,3477078,698337,16296812,1313109,917125,21743606,8595058.0,16387373,,,19932891,1399653,3112883,1183717,418424,16591942,15373255,745010,694549,1364622,,847121,1480259,228859,4200570,8886659,953355.0,4172059,277482,412437,2750404,2092400,165505,1502866
2020-06-02,1136776,654732,2555526,6778215,4277764,510599,2911717,525830,15745312,1187661,683041,25462068,6475148.0,15173012,,,12005169,1188827,2224595,727539,172979,12043156,12494951,592243,789733,887375,,742803,599105,349420,3087955,4767770,876867.0,3777888,119308,320325,2421105,2550624,175845,648990
2020-06-03,1256747,617398,3837622,6982366,4655621,666417,2928586,515604,14083998,1194987,765201,20769987,5773016.0,17797048,,,15521596,884281,1972308,820768,325338,11886419,9798008,695521,906074,1084262,,575533,605603,227199,4516560,4160300,643813.0,3762959,97525,335770,2822309,1901615,162871,412281
2020-06-04,1355534,826002,2641130,5667481,6647216,706431,2655148,727464,20977811,1721436,712224,21960137,4340676.0,15331652,,,14215561,906572,1740961,930029,253535,8008569,9932286,805593,843628,744052,,686021,1305868,208438,2925301,3330477,604799.0,3746143,115629,269226,2913955,2515197,172355,449759
2020-06-05,1477676,1066087,3625831,8162350,5710098,558864,4307916,357320,28329423,1700055,1003815,25187553,6202519.0,18450813,,,10280856,1086492,2405732,715240,190642,12511320,12036934,826181,1013806,974983,,947520,480305,287196,4664778,4454407,1187889.0,4336595,130250,555563,2695935,2604780,194759,810181
2020-06-08,957226,1072464,2668720,5452619,5081885,584247,2789528,550833,23840327,995950,714883,25951043,4867898.0,12481185,,,14085682,948318,1544414,673298,184641,6964343,9245022,744571,985162,637910,,912505,553049,195920,3308279,2824410,1015771.0,2595856,235260,473081,2087243,1951722,126787,695462
2020-06-09,1061554,1283233,2304921,5557667,5119786,652640,2856264,536722,22048673,1181399,879608,24981711,5236474.0,14702639,,,11037857,941237,2028672,896888,192858,9193551,9873436,594990,1093591,769863,,1035533,428150,363086,5063497,3690623,721879.0,3167800,156333,364385,2194774,2267115,132220,558513
2020-06-10,788808,791159,1540004,3921283,2456552,471612,2191842,640611,14096181,892285,695048,21396603,3051331.0,11011569,,,7058713,595724,1381926,462767,186968,8913796,7435652,532193,630717,518406,,872846,724323,203040,3523233,2326294,533964.0,2747212,161140,546874,1829287,1350242,110455,623986
2020-06-11,1101276,907677,2111302,6384666,4051340,585708,3214148,961219,16301541,1037015,841351,21200529,4814046.0,14792302,,,10612710,654176,2267720,550943,161527,9797933,11823022,535745,685272,749375,,1116008,718964,211705,2637856,3438234,871403.0,4588899,110135,374459,2095131,2492394,104553,575702
2020-06-12,1400939,882583,1983918,6017473,4573141,489493,2348746,509484,15296892,1341787,753355,19710438,5482302.0,13623297,,,8734860,850054,1906079,558186,267095,9273377,10247112,675325,567707,821933,,963971,588795,213214,2669084,3261941,566572.0,3438011,90943,352682,1607476,1905266,105651,536805
2020-06-15,807432,472075,1779565,4971569,3405684,493783,1887970,303988,12829179,706187,499363,16935600,4162878.0,11918389,,,6641221,647116,1891582,422261,212564,11140784,7047660,673617,372822,521009,,656658,546024,188785,2486547,2819896,491393.0,2549338,85931,327745,1359953,1522464,110742,500540
2020-06-16,1033918,717481,1949470,5389741,5808849,550151,2628679,363445,16456200,825137,985589,19020950,5067820.0,16120334,,,10020049,857477,2349403,828883,206416,7907416,9042642,1032502,471310,753755,,851103,575229,211222,3577227,3929508,588296.0,4182503,72382,434397,1643696,2317667,180925,2115865
2020-06-17,575952,334959,1503791,4234057,3164721,477195,1759639,314694,11469808,688761,632549,16470379,5786519.0,13275400,,,6316353,612442,1653429,637583,133303,6522010,8553003,539271,394539,558679,,949131,631833,112051,3280899,3340030,503289.0,2628852,118727,354678,1593673,1704489,124816,918850
2020-06-18,724390,410752,1783099,7440889,3697500,504790,2039514,215957,24385590,775826,563699,21838617,5167356.0,15005956,,,7352513,700769,2437648,813065,127687,9166551,7705463,644966,440127,654888,,691890,406347,252748,2533955,3548641,440182.0,2717170,93870,419241,1912394,1551792,123725,1131088
2020-06-19,1571117,901172,3255660,9493740,8674443,699546,3912795,597933,24579231,1028012,1644561,27166817,8277169.0,32726692,,,15150046,1748793,4197891,1347480,391271,8617804,12050712,1127822,541052,1566375,,4353986,1040323,285641,4072345,11148444,1116282.0,7364472,188432,788731,4018901,2353687,173605,1184871
2020-06-22,495339,220170,1265568,3286377,2551266,353147,1442690,312072,9891273,683063,482869,11794509,2957097.0,12178776,,,5557629,692114,1532204,507576,136967,4052410,5155905,480626,282373,391655,,546404,220319,196805,2822086,2872553,430253.0,2060543,77093,297703,1657930,1032048,94312,487217
2020-06-23,670771,308232,1473964,4204105,7726067,381485,2185453,235575,13070081,537705,653817,15396782,4362547.0,17702282,,,7808137,697205,2091107,450505,136351,6341361,6796963,550624,517608,623838,,761283,419735,170877,2808914,3193594,466956.0,2302661,80733,357116,1660428,1575288,112689,457227
2020-06-24,647758,370871,1320763,3640171,5399946,521813,1797898,291404,10817424,625318,648177,12358523,3567145.0,14066934,,,7481112,731191,1956276,717476,117121,6375745,8168944,568148,434831,482992,,782027,357901,186074,2188093,3178092,454432.0,1623987,90007,394207,1734206,1227317,134697,321898
2020-06-25,579942,427736,1399748,4086157,8661660,504987,1722272,393782,13194904,750405,801320,14043775,3736567.0,9748362,,,8826545,717179,1527498,776193,146428,4719461,6455162,678110,475629,388259,,500209,561178,139175,2541543,2709382,733763.0,1956973,116993,587785,1916541,1158878,124870,345241
2020-06-26,697488,335911,1419633,3924983,4892874,516157,1953166,225567,9670052,504670,542857,11655437,3428802.0,10224946,,,5795585,453295,1214708,410775,107127,4452972,4823917,437883,332353,355418,,532777,926330,132017,2440700,2213330,576225.0,1802675,103378,301184,2036765,1212361,63222,257196
2020-06-29,761998,372717,1389751,4269522,3675296,557618,1859116,207088,10396717,541354,556963,13109901,3398820.0,12731095,,,7668783,595609,1447149,616546,93493,4980943,6242603,549719,517243,432812,,462932,418758,114528,2734446,2611429,410080.0,2296350,99582,435193,1961357,1206735,127858,429738
2020-06-30,627725,261140,1314184,3356648,5019911,449990,2049620,345766,9024693,562452,701215,11643918,4709289.0,12186912,,,12743068,647473,1462773,676632,138702,4209074,4908588,591882,309215,484014,,533017,589690,119664,2591317,2438697,552267.0,1979325,74069,345284,2314013,1118035,80470,371140
2020-07-01,541284,298396,1163840,3681425,2914658,556531,1618381,479588,8646959,788831,540403,10161026,3616235.0,8286181,,,8547441,701117,1261134,596020,139498,4575089,4648924,632312,263072,516153,,595789,538346,167457,2813998,1979534,674325.0,1565812,41202,252571,2077204,871989,121056,344073
2020-07-02,878817,333820,1705767,4374866,3217733,343068,2018441,551018,12526664,985533,642399,16050999,3951442.0,11496125,,,11780825,641435,1629372,344738,128670,4938624,6432417,597049,461735,491064,,560075,460219,264679,3227855,2649799,902409.0,2115100,80456,242002,1769972,1351156,204972,693333
2020-07-03,431536,164941,906123,1983648,1676179,216140,903202,255209,7325051,408929,404372,7351890,2282253.0,6991416,,,6207971,418210,977889,280478,56705,2811246,3418845,442531,251347,305253,,269626,526061,94319,1404364,1407442,495419.0,1005248,40976,212737,1103188,654388,105224,279942
2020-07-06,557843,216550,980928,3167157,2358641,744737,1512797,210201,18190195,575491,355314,17298704,3313837.0,10215460,,,5592670,476510,1093338,463443,93871,4366789,4515714,381819,321146,378098,,482154,800854,116987,2269441,1962994,455043.0,1601229,49308,253884,1564327,912269,149678,307544
2020-07-07,626165,139702,822020,2173454,6030072,614054,1505768,278016,20825102,505288,364673,12551867,3295108.0,11298476,,,6358737,430588,806928,584080,156263,3717026,4076492,512038,502313,274757,,348234,749034,107184,1545686,1782075,715742.0,1242921,79746,236133,1624800,539551,79257,295465
2020-07-08,633840,161553,1111275,2617805,2978987,422723,1362427,416453,9923684,741434,509648,10914192,6065647.0,8190670,,,7127128,720038,1121364,390668,88908,3234085,5718621,513875,635826,297439,,286555,404451,132671,2238274,1659263,509008.0,1933333,75962,277412,1257327,727919,130878,394007
2020-07-09,441217,141029,941649,3183187,2643108,408983,1231470,328648,10520279,635393,367963,11679642,3894658.0,9047744,,,10190857,693327,1088114,449516,90344,6357494,4013637,649909,393162,415876,,395948,379743,155417,2225224,4127715,448067.0,1780768,74732,296179,1305385,783177,119409,578383
2020-07-10,507748,150432,1243613,3903774,2296083,503350,1532862,410096,9935214,606848,413069,11704086,3213148.0,7096540,,,8565032,457211,864859,431546,114879,9912221,4842496,465724,346428,288171,,535731,1266189,125178,1659770,2106071,475285.0,1993401,61566,211655,1075061,1215035,163737,369424
2020-07-13,467938,127187,777246,3021077,2638430,463170,1073725,497607,9947864,587187,411861,16161523,2960734.0,8855909,,,7782424,829779,1018877,426137,103777,7597034,3527896,494252,242917,303616,,338931,1010105,118954,2165817,2162648,388748.0,1588754,83801,142784,1172396,984355,115863,486130
2020-07-14,572256,217704,1340158,2656994,2296859,413801,1371809,431249,13299046,557526,712902,13881055,3527711.0,12419862,,,8001710,639066,1737825,532463,166047,7121821,3479791,448077,278941,386079,,463646,1245085,137103,1970991,2563924,477165.0,1965870,66927,302206,1774586,1089940,117108,411924
2020-07-15,567626,259146,1279687,3014062,3476271,294816,1465863,691088,12733546,649845,656195,13330657,4403570.0,10619650,,,7034405,523257,2342963,395563,83654,5177630,4541513,503658,415784,391329,,431669,824853,101712,2522050,2797576,683821.0,2596123,79419,296925,1660194,1385474,131899,683957
2020-07-16,570959,149049,965457,2218513,2913026,413093,999456,677348,11098248,749647,487968,10479643,3769056.0,8709046,,,7142900,546885,1654893,471310,90402,5543593,3967443,498149,216456,346208,,446724,4152771,111927,2025466,2111962,446666.0,1950904,152271,218719,2354204,916245,102149,1114228
2020-07-17,569342,158379,1283582,2303655,2869662,358727,1858811,270220,12002889,892564,600209,11892926,3596714.0,8653517,,,7006074,751003,1614104,466193,73655,5777095,8121118,606128,207005,337598,,611806,1429343,113402,2111209,2284279,366207.0,2129654,77971,206956,1883509,1432507,127426,380996
2020-07-20,427098,133796,939903,2469448,3660513,256594,1314311,281587,7058003,667597,316075,9113134,2527956.0,7305828,,,5053771,517200,1108320,346063,96336,4129479,4038023,527483,186198,435335,,475701,352745,113171,2114076,1720263,798069.0,1617054,70026,207667,1277748,786180,169911,484518
2020-07-21,546399,206096,1171816,3073174,3306184,377760,2151595,317855,14417429,986697,452212,25707043,3164031.0,9162609,,,7080820,712080,1649059,438726,121976,6181495,5415184,564421,240883,440455,,530837,387727,161289,2637307,2029889,634286.0,2899641,91454,367021,1338437,1146193,467215,356342
2020-07-22,365331,222256,1778822,5143187,3615316,235223,1255270,310310,10080931,603594,403610,12122449,2542953.0,8096387,,,7689044,588399,1295440,329582,84424,4196423,4148213,481268,199073,245921,,332921,1088805,147376,1550937,1497826,566977.0,1736806,81410,212581,852867,773527,325669,599188
2020-07-23,508799,168968,1913000,2642040,2930224,346876,2012658,586530,6886202,714670,337353,9740810,2787225.0,7656147,,,5621635,517846,1103117,354972,110931,4648282,8814796,579685,208503,438555,,465836,352466,68160,1498765,2013707,470350.0,1590101,66104,259335,944862,1161863,188753,347237
2020-07-24,401977,159036,1047584,2248261,2414684,253164,1595443,536226,8714031,619728,331647,9389644,3147239.0,10026278,,,6435292,685815,1161254,282882,80659,6885290,4339681,452760,234614,295115,,374114,321922,109561,2027965,2911843,605616.0,1441638,62380,257303,880023,849191,170869,489260
2020-07-27,289135,181036,677403,2624212,3223031,178574,931048,257487,7232160,616040,344996,9026282,2086789.0,10077612,,,6772837,545203,1167842,293709,75421,3783777,3089948,396117,409563,211487,,316373,445485,330851,1436949,2146435,466542.0,1150889,72143,211841,1051256,583264,106780,218480
2020-07-28,326138,124331,821874,2167194,3317336,225891,1163934,247796,6574759,404568,587872,9729350,2968020.0,8562256,,,6920182,521867,1197648,401467,87825,3691078,4205789,410479,297121,211411,,403704,251643,257930,1586923,1923632,597439.0,1188596,51022,241823,1214877,843198,172938,274198
2020-07-29,464178,94811,604530,5861165,2277007,193958,1780245,330061,5733128,429527,426888,19672519,2725294.0,7671141,,,5463182,640195,1782395,254103,58755,3397677,3676900,323019,269136,217206,,287321,485899,202034,1069382,1576655,499074.0,1517156,77251,278470,1455999,1280518,185298,384616
2020-07-30,682357,193649,1814693,4901970,4048665,383972,2283364,280242,11109068,1166167,771253,22977254,5044345.0,13001102,,,7941235,1390971,4415353,462207,216030,6618756,6798579,463736,295850,549138,,917814,500587,174981,1949179,2662433,576425.0,2772811,61287,227442,1809536,2881697,192663,1016659
2020-07-31,656479,191819,1273862,3509638,3480881,402071,1926062,350738,7401738,765326,920006,14357458,3752414.0,11531047,,,7730602,921111,2554518,375428,134378,5098129,5056579,582023,518789,396206,,602409,810492,205956,2008729,2530930,888804.0,2272527,63556,323388,2006303,1610267,175270,558462
2020-08-03,445139,194464,1156549,3149781,3471216,338453,1812786,506664,7233876,561901,664592,12256144,3968657.0,10204841,,,4999355,623630,1600643,346197,108627,6691103,5391213,387020,854999,396597,,651207,897087,119149,1703192,2374262,2772655.0,2031742,53982,293274,1777114,1634787,119945,418838
2020-08-04,488071,168071,913006,3065019,4337153,244332,1873398,305534,6704292,469275,454342,9954713,2940406.0,7936595,,,6217687,537506,1223847,336495,118416,7511327,4250561,383477,479995,265770,,501206,776046,90267,1244150,2028269,2280946.0,1750295,53717,258282,1388469,2031132,99463,428326
2020-08-05,508948,174338,1216373,2569448,3541864,370975,3067112,325029,14610512,748199,364777,7875105,4259874.0,7274996,,,5592123,916521,3838801,647478,193366,6817667,4305103,457055,436876,278328,,491091,2016415,105598,2169854,1568042,735804.0,1585424,41634,180957,2253019,841385,111331,492459
2020-08-06,986147,179866,1401103,2910562,3403786,647179,2453738,686845,10327956,688553,429877,8434776,2940953.0,7819169,,,5724313,709459,2684843,565821,185850,5895037,3829846,702440,264867,848916,,573117,575508,208421,2377626,1582722,845389.0,3184326,62028,411425,1651201,1434341,124444,567039
2020-08-07,561498,125336,963843,2078634,2758782,437007,1984567,616694,5333541,830457,355885,7030464,2390534.0,11877875,,,4840928,592214,1584836,427105,134946,4546756,2738346,506254,257852,645310,,334249,880325,190471,1341500,1527331,644346.0,2135746,81982,397556,1661453,890458,107145,426840
2020-08-10,758657,213655,783498,1863971,1942067,335784,1367342,324142,5649164,408975,320916,9725405,2499964.0,6886295,,,4910026,374389,1149250,318288,116778,3054912,2378791,327895,333920,281848,,344589,365815,197623,1730912,1492682,545359.0,1357205,49867,289808,1024208,677908,123461,571513
2020-08-11,793921,292699,1331242,3187655,3014999,498704,3142904,539616,9009469,1276782,491891,12069232,4100247.0,9610756,,,7683264,548679,1697393,520270,137245,4872376,6751343,408440,389963,431859,,666857,717111,207828,2869101,2024722,527515.0,2139188,50320,319585,1479523,1958761,108787,909926
2020-08-12,537268,236522,981631,2324507,2543424,435115,1663294,347753,9727552,720448,385247,8677919,3045218.0,9233900,,,10005462,339537,1504820,435486,137419,3404786,4489728,311519,210980,394435,,365955,572204,197713,2102181,1550526,792439.0,1617544,59117,275203,1545647,869988,86969,469916
2020-08-13,570422,175499,736348,1634725,1645233,214749,1025918,204611,6497552,568765,303077,8000949,2226352.0,12519252,,,8584177,351371,1429760,255609,117296,3549573,3202723,383593,207348,225394,,247198,2459026,148285,2497353,1432603,480310.0,1456391,71329,186907,1019923,756502,66661,617574
2020-08-14,512540,132720,712098,1872189,2180232,230306,1131446,169800,6298085,539970,352011,8433006,2233920.0,10659680,,,5878904,344713,1317630,314089,80196,3680081,3206637,325810,198465,264837,,369869,1089821,156118,1713846,1258424,476188.0,1182140,62481,171094,937983,735883,90755,463063
2020-08-17,361128,107028,471068,1383090,1597213,202802,829378,277315,3155438,356915,216864,5276006,2043591.0,8819578,,,5142929,365423,1038847,192302,79649,4121458,2023020,186445,203050,160742,,213059,1344755,92959,1423872,951666,733110.0,1115913,43454,140362,786491,522374,56013,528174
2020-08-18,423762,183972,974988,2177744,2301633,322054,1148139,419100,3904942,431867,324573,6443252,2400307.0,7681688,,,6369113,362901,1381779,397271,103893,3602853,3879006,217510,247620,289090,,277774,1806781,145668,1597015,1577919,881728.0,1340550,44760,185243,934163,666118,112481,378059
2020-08-19,640923,94888,791729,1527466,1460083,298152,1224278,178835,3661535,373473,361482,5966415,2260137.0,6026527,,,6558710,435542,1164514,291365,85942,2197247,3161845,248795,191147,255519,,314533,827887,196115,8976206,1248577,807874.0,1051550,57807,190487,813583,600356,115713,303803
2020-08-20,474382,117117,807371,2359478,1990171,265153,1021586,178821,6173957,549667,383699,6604447,2228060.0,8013976,,,7195171,347254,1331262,418029,114177,3558144,4027348,257076,203539,279884,,294548,909679,90026,3732755,1533941,567985.0,1180130,36807,209771,1423006,861499,97077,288546
2020-08-21,555825,298321,1054258,2734803,2768839,327526,1395089,302496,5577729,540134,421228,9965951,3422047.0,8366119,,,5230987,402553,1760492,613255,118792,4127957,5343143,361270,229868,422548,,289874,1262645,107812,7940347,2025280,752694.0,1805704,48394,251345,1421442,1086159,66516,532937
2020-08-24,436269,155847,856627,3656509,2536362,253257,1591298,125399,5365964,505687,429244,10234483,2570704.0,7958425,,,7355458,422561,1700400,334369,51648,5361710,4014473,318460,277699,307644,,390146,819445,125734,3967818,1425467,440598.0,1788462,47139,183148,1218788,1656694,95031,503584
2020-08-25,543448,191812,1141092,3130131,2290717,147465,1268883,182551,5409189,394566,294887,9860610,2945855.0,8125400,,,4940214,344042,1196545,340172,102236,3883889,3605914,273393,363302,348450,,367816,883378,102982,2182356,1458054,619390.0,1514309,42549,120487,1238039,1371158,78582,587991
2020-08-26,459729,133844,583079,1827649,1584737,325676,1463492,205290,8779655,305356,292938,7838547,3198517.0,5411785,,,4132850,397834,933230,316228,120781,6054597,2816466,207440,202946,192317,,373768,771079,95477,1732305,1442643,661974.0,1212947,53715,172639,1222342,747571,76832,610006
2020-08-27,491116,179886,698252,1468549,2446392,360168,1836847,207106,5389416,450104,245192,7294687,4123317.0,6725044,,,4997443,623836,1267067,268867,150738,5935041,3866228,309464,299929,271407,,375577,1813091,95126,1791671,1504126,738769.0,1432421,56437,171614,1139734,1099349,56188,430007
2020-08-28,603196,103198,1069656,1623748,5171502,438261,1090761,208121,11460985,374046,328570,16314972,4695582.0,7548009,,,5448361,539057,1303815,283984,80419,2999833,3527202,357771,195006,433578,,265459,736668,87940,2043247,1449213,745466.0,1767878,47381,143581,1369159,789882,77356,369226
2020-08-31,523859,180300,1045035,2066046,2904953,517258,2133443,530320,6905363,504249,450237,8674350,3472951.0,8385408,,,6966686,620729,1684704,366531,114121,2975727,4001433,337543,164359,912952,,443366,655571,118511,2499252,1656416,454279.0,2171010,66079,175780,1090017,1078799,74481,460558
2020-09-01,514459,272111,871846,2718460,3035464,553154,1566399,295391,7269059,650988,660353,13067681,2645872.0,9959420,,,5179826,665128,1386254,315253,77424,3743074,3906351,394714,216326,283814,,384089,615068,171290,1714989,1785599,445050.0,1841859,71601,224677,1661151,1175523,106619,790198
2020-09-02,756812,212376,1027467,2722722,2716064,393241,1404861,386862,6724597,685411,481425,12235891,3421301.0,20189595,,,6332980,582199,2223794,629086,146966,4771524,4085780,492153,268107,395641,,440749,731707,146686,3167155,2284225,634718.0,2442330,63156,232651,1793846,1102194,99569,496554
2020-09-03,625550,226056,1348632,3512406,3480881,557002,1727583,421347,6333605,720559,616535,12655717,3842589.0,12820728,,,7884106,560724,1625602,527650,122884,5882669,5521259,437387,382344,371498,,615096,988368,145555,3774164,2355908,7098729.0,2508073,94453,219229,1745547,1751887,115487,736259
2020-09-04,638143,207381,1573858,3420690,4180597,411224,1634908,441450,26319393,769367,610560,18428700,4702154.0,11955368,,,11193402,703291,2386746,497186,113818,6266913,4608689,450344,266141,445124,,575869,873990,138437,4055504,3145260,2550321.0,2272133,87060,235990,4586113,1308774,92846,662250
2020-09-07,488703,143614,758893,1917835,1999385,377046,1268510,199129,8161320,500305,416740,9199596,2629090.0,7343394,,,6688950,346917,1671313,299155,117044,3140275,5535746,346558,175371,220499,,520931,516411,68692,2048274,1212227,2382318.0,1164362,58434,209827,1956735,1595847,67833,362062
2020-09-08,582280,190985,1132574,4375393,2784137,292630,1534636,263303,8534964,726483,587638,11629433,3586453.0,10104904,,,7330621,421147,1797016,465279,99900,5235947,5028187,580718,277259,263716,,507749,470873,78072,1917746,2137498,12902241.0,1974357,117314,219319,3240438,1531808,84398,494693
2020-09-09,577653,324991,1191735,2828484,2282853,327814,1374055,238773,6188378,756127,639034,12792361,3266170.0,12194552,,,7532512,415092,2568639,525454,200038,6799082,6241044,516638,250287,471022,,372555,1080081,130471,1774227,1936110,1313837.0,1582639,63642,217986,1676525,1316710,76527,477716
2020-09-10,568813,122766,717596,2365715,2741458,342646,1185784,256869,5840729,722621,379884,10216931,2505028.0,7060928,,,5066806,429467,1540250,966064,130915,3937362,5342798,387377,211764,409633,,483362,550801,135969,1216036,1567887,731324.0,1514690,52897,173520,1588304,1090726,86797,432871
2020-09-11,502559,132949,869256,2011690,3514200,489362,1435601,332495,5458971,731133,466979,10938461,2187991.0,7467374,,,4971876,404065,2504226,520341,87716,4187410,4393928,408973,184647,317705,,360635,600066,74527,1362095,1558938,891272.0,1535221,44835,144379,1295986,972116,130336,394466
2020-09-14,383712,165249,579184,2124585,1978470,196653,1017966,298160,8340736,610054,282647,8340767,1909661.0,5829679,,,5213598,332225,1583942,273262,85709,5034157,3509867,310745,154703,193956,,248070,396910,95713,1939007,1090646,807814.0,1303755,64273,154872,1230539,753683,111223,336050
2020-09-15,472788,160372,743918,1858894,3721045,215538,1084823,269069,7907174,534519,414273,10350282,2341903.0,10129340,,,5870868,410524,2500637,389735,218525,4590902,3009799,466755,162407,356524,,429576,564946,143085,2331657,1378521,1153684.0,1939759,84561,149893,1814746,954105,52469,363472
2020-09-16,632906,166870,1204644,2667705,2739387,222326,1175318,528312,7120895,459844,663880,11128223,3523011.0,10880753,,,4771469,602309,2285070,352427,214227,4051084,3529469,415347,225773,339251,,409379,566364,116864,2150181,1639969,842357.0,1786692,62940,208203,1425303,908389,62651,419687
2020-09-17,619970,107850,1163938,2181594,2171082,332164,1064841,316284,6937254,597012,359623,9263874,3133627.0,7163913,,,4938275,461429,2153315,301531,156938,4640382,3397845,276406,201433,317281,,374909,297317,136694,2670091,1575107,911740.0,1630107,50727,223419,1691269,951995,117210,505143
2020-09-18,1285851,251068,2752318,6716399,7344395,700809,3248812,655811,14651795,1159766,1528350,23418292,9475512.0,29470987,,,12828603,1051049,15126703,1039591,353653,8381069,9651601,783630,377668,1109401,,933977,839724,170634,5154246,6750513,3290841.0,6219007,194490,384215,21075552,2704233,247650,984965
2020-09-21,763049,362772,2081859,5017770,5164649,394185,2508068,262460,11004976,966745,838598,28709193,6620962.0,17928604,,,10468771,497628,3272174,483214,216062,5960051,6862417,439170,502103,866333,,740228,464734,176102,3280647,2611450,1048471.0,3664916,58325,171519,2854169,1958550,141154,544022
2020-09-22,491399,433101,1518587,3051328,2737425,370113,1335710,340212,6065483,595199,611601,13414155,3131365.0,9261904,,,7424770,484492,1917325,380491,171217,5059013,3847402,311641,272035,630577,,378071,483738,105110,1775420,2181539,1059436.0,2373557,56328,299584,2175373,1120195,107977,393678
2020-09-23,792160,148638,1594925,2478745,2277298,238024,1432762,390305,7276903,577204,457966,11894645,2929295.0,6749867,,,6083166,552362,2003390,420338,129967,3309765,4037118,382550,348867,426248,,511097,638339,94460,2347987,1486774,928501.0,1973003,47767,229372,1799653,1148039,224349,617573
2020-09-24,480117,266392,1317227,2636376,2030543,354614,1589221,342703,6714902,1001125,451178,10737153,2741485.0,8006391,,,7514937,423359,1638920,649211,173023,3181462,4108358,484163,326851,377655,,503296,752155,109941,2265500,1784629,764101.0,2274517,63620,201992,1584289,1033006,86579,563620
2020-09-25,461393,231069,1369777,2993242,3337730,366587,1428136,345570,6072023,771241,430763,9170387,2422460.0,11500439,,,7052789,335190,1715684,410401,197486,4429793,3499040,368605,460740,498124,,355086,587274,115158,2225082,2232956,792123.0,3059301,57197,181605,1758569,1327587,106294,385997
2020-09-28,481503,214645,1223477,4102661,2816073,333704,1666530,233908,8938375,636087,478167,13692280,3452928.0,8891027,,,5098984,384193,1996505,725966,158728,4536942,4827811,442426,283525,451414,,534575,634361,148796,2180842,2404084,792410.0,5926041,66326,315766,1514181,1071917,123696,322087
2020-09-29,290686,120175,963302,2412240,2114410,375066,1409149,456945,5231794,502288,308204,7358036,2337386.0,7244736,,10261596.0,5218968,302733,1105317,678788,148340,4030617,2717708,329751,202507,414315,,282471,392012,87804,1952978,1286122,695674.0,1992445,44071,254955,1229258,874899,98865,344575
2020-09-30,479427,101426,1143457,2628790,2502977,333554,1485337,508630,7165841,701919,452962,9469724,3189136.0,13679168,,5914951.0,6747923,455064,1440775,444339,151934,4081030,4949454,384158,232796,450069,,448893,704003,83830,3634344,1911468,840746.0,1864002,66681,339599,1900145,1141483,113278,646180
2020-10-01,404356,178126,1321453,2472006,20325159,282603,1376243,362459,5942215,816133,486418,8794247,3103107.0,10079675,,4359302.0,6253725,637708,1878352,425126,118449,10132720,5115105,457783,209128,403656,,412903,526551,96100,2699283,1575372,879713.0,1610917,77077,304347,1672826,1573098,134786,672460
2020-10-02,395373,229003,1046682,2780474,11571457,299139,891578,257925,5027942,713278,389779,10038303,2376022.0,8112644,,4092751.0,6649394,540143,1368300,401581,165155,4412861,3478227,344069,269127,363575,,492503,486100,96632,2212890,1417115,1186212.0,1568290,55118,187757,1362952,1329797,102398,477009
2020-10-05,431461,196850,928832,2467170,5490290,196877,1224129,312373,7015862,1021115,299678,10507033,2092772.0,8074685,,3199904.0,5072939,441513,1070638,446069,226886,3826286,4727135,274815,196141,392556,,462533,541684,91702,1410544,1229708,783731.0,1264709,67223,215700,1004402,769014,226183,596175
2020-10-06,312178,156456,898369,2131500,4102295,364577,1654516,253275,10615548,604675,396757,16101486,1813214.0,7208707,,4579540.0,4831171,528286,1052741,307370,139896,3495286,5294777,374391,300933,260377,,406347,896312,104599,1430605,1379980,774207.0,1436010,49484,301946,1399715,1178640,97655,490289
2020-10-07,311311,196064,914196,3700246,4767291,296653,1467108,205953,5713144,552529,496420,10279304,5508457.0,9827930,,3128761.0,4696179,475875,1070103,332567,139547,4960284,5003822,354148,239135,452901,,409285,621884,106666,1670137,1654910,660002.0,1516412,52232,246611,1567212,932821,247277,521456
2020-10-08,327518,162827,962031,5003613,4722838,314035,1309221,309679,7004987,580469,401517,10489031,3207137.0,8182334,,3609813.0,6290770,469478,1204539,362384,98369,5452488,3734561,263543,329319,324249,,277668,533082,204037,1802855,1563472,866524.0,1727902,36094,208748,1335789,973064,144581,517153
2020-10-09,444622,142163,881968,5656107,3390510,279596,1254025,211021,6467434,520450,358687,7778064,2172867.0,9173480,,3123835.0,4368730,271216,1016866,857865,134545,6888595,3786496,253178,197944,239860,,352869,540177,137237,1552922,1506407,799120.0,1466245,38219,203408,903987,1031768,141542,1033785
2020-10-12,333383,201318,771320,2774781,2646398,268863,1019626,219103,4842201,649463,404920,7737022,1985254.0,7255979,,2654532.0,4967069,515438,707468,441179,124898,4198792,3919185,242805,197428,236557,,392077,773826,121087,1496685,1157483,888192.0,1258860,69471,208525,1029124,936089,141193,583645
2020-10-13,293113,169207,963433,2037987,4619885,319188,1122504,186184,6167048,729088,476686,8653947,1741277.0,6416983,,3883149.0,6372769,383294,1349665,561589,115347,4425571,3154118,263816,173040,291875,,293429,1621743,135420,2093262,1326801,751120.0,1315754,37050,185966,964478,784016,96549,458541
2020-10-14,251996,176979,795453,2211303,3750904,274910,964688,316839,4916187,488659,369430,7633556,2253751.0,7921554,,3126356.0,5533148,423185,1443625,376227,129992,4412627,3245489,280594,184837,401249,,297193,743612,142327,1551533,1168173,1291464.0,977599,47363,234577,866772,862378,119069,638549
2020-10-15,536244,261703,1472525,4614442,5305915,254758,1977291,328414,8685453,788884,529037,10540714,3241387.0,14452672,,2139903.0,7539900,635107,2093406,445883,117022,4448820,5663919,558717,320723,513406,,676995,589034,126540,2143293,2092833,1130581.0,2003757,79528,229950,1572966,1660491,121137,463238
2020-10-16,552130,168537,1389497,3024408,5245029,295255,1515264,299652,8072557,686008,591733,12688903,2939799.0,12412963,,2182302.0,6251709,470785,1971786,665818,122862,4237103,8921510,496225,271661,643658,,538740,602428,91236,1660223,1982619,792514.0,1741530,70188,145631,1476450,1302979,124021,500568
2020-10-19,305746,181039,862089,2034624,2461100,414314,1035903,182224,5409177,470301,362552,8822512,1916135.0,7080615,,1575415.0,4824178,377228,2130583,352580,99473,2896423,3579178,290119,214841,326533,,444731,379022,78267,1104102,1413353,948068.0,1041721,39085,117998,1094953,827532,194046,348885
2020-10-20,263818,183211,955205,1945739,3116377,259686,1491163,212063,6936148,384048,676691,12658385,1977346.0,11136709,,2002759.0,5617733,1492261,2967070,389047,129305,2989124,2921369,352191,366383,511726,,325289,398511,93145,1386275,1948091,804135.0,1305059,71462,183652,1298725,847322,114730,396401
2020-10-21,433261,114919,906108,2319254,5096131,283725,1553620,184217,5576094,711882,715702,9785699,2059500.0,9241325,,2048589.0,7216950,670858,2005982,417817,140840,4042457,3885125,590424,254786,433120,,443832,494898,88178,1345079,2433244,1001903.0,1419356,59399,218125,1431338,839170,96723,583473
2020-10-22,618056,110551,1193089,1977219,4219432,305889,1218032,237435,6228323,862935,523817,8118007,2724311.0,9344198,,1745183.0,5470107,748396,1827166,430291,173043,4222255,4168759,663160,376440,436013,,328409,436256,103158,1706911,2360335,811113.0,1671311,56206,194962,1944386,858375,132716,405879
2020-10-23,367145,288753,758656,1857761,3210078,261732,974170,202793,6683057,624613,459346,11029268,2147428.0,7798365,,1567884.0,5549324,807171,1635213,290349,97701,3324392,4365387,662407,423815,390447,,335110,433779,94558,1779105,1746267,634877.0,1172258,46884,161106,1420456,1030589,76801,329582
2020-10-26,390949,207190,945435,2395720,3902961,304453,1118941,166970,5766065,487095,491222,13771290,3051838.0,8814403,,1791934.0,4950543,624837,1193547,486810,97563,3634684,4158894,376659,321506,364026,,533834,406323,145119,1558606,22200336,687427.0,1680455,40166,218563,1254918,917528,73530,432472
2020-10-27,546412,225907,1333069,2882560,3777683,388152,1839591,685207,6642727,664145,585615,11581778,2595512.0,13191954,,1981501.0,7599971,564525,1488622,546425,180168,6715963,4769278,882102,338177,494436,,601966,650478,584063,2830245,14314818,720736.0,2029173,67751,305698,1631411,1300218,119356,540036
2020-10-28,959468,322749,2281095,6617611,6156789,876573,3729376,709686,11764411,895176,892837,20153761,5229005.0,19446164,,2626525.0,14472544,1002276,2411922,854437,222664,11162781,8618670,903504,365021,964285,,1011737,986700,338992,3913691,11914772,1382864.0,3466579,66730,319557,2668422,2020870,194204,820316
2020-10-29,680710,276502,1561545,4073192,5474328,751775,1788596,428978,9118243,642308,890584,14527908,3355864.0,17025751,,2152088.0,11602752,1130805,3653777,615792,168750,7072386,6074338,639187,504949,503781,,715241,672055,234853,4133738,8118477,1011959.0,2584169,67732,492883,2145708,1350085,169571,548409
2020-10-30,535545,256672,1434591,3628932,5580918,609409,1564460,353140,6351313,510029,978025,12653191,3826944.0,11091937,,2381153.0,9872195,824298,1812434,568906,125822,4876804,5065743,709701,345410,473120,,521759,472755,227637,3198155,6772568,1023803.0,1876105,83825,406086,1826815,1472765,180993,501861
2020-11-02,521680,176692,1234494,2463880,4187513,430284,1548483,341500,5424828,652667,863169,15369230,2964281.0,10294207,,1853487.0,7830242,705349,1893171,527749,151682,4367259,4899435,440797,290419,393896,,516802,752390,177861,2524274,6750240,883922.0,1512346,53967,312600,1768536,1262785,163042,541347
2020-11-03,561234,156388,1356562,3140708,5227566,466223,1655547,427774,6729417,705327,1346659,18500667,3219551.0,10142028,,2150878.0,9116302,634716,2141221,476979,135155,5327339,5831319,457490,295760,480097,,417346,432921,165412,2369512,5304596,689894.0,1834515,50027,273018,2433929,1180046,85465,430272
2020-11-04,704273,204331,1847255,4251925,6048478,461045,1934346,292165,8305823,1067996,1196386,20067407,4195054.0,11992299,,2299198.0,11470265,1464581,3740705,663565,189635,6690710,7047548,557827,234840,641678,,445405,470000,279429,3013284,5385873,1056536.0,2496522,76346,361707,2846156,1527220,169837,589537
2020-11-05,475070,170528,1415365,3108578,4014282,316220,2058301,371579,22996145,719032,800096,15413124,3491745.0,13767486,,2582055.0,6817011,558270,2468448,491011,204857,5746714,6368329,410104,303190,738618,,578125,413725,184600,1946673,6031481,787757.0,2068549,67091,332812,1711572,1468225,144638,479836
2020-11-06,441481,130177,1671684,2751793,4114915,405016,1771124,445362,8968148,857750,556324,12464954,2716676.0,19290745,,1481804.0,6828615,424357,1712936,385309,197997,4563203,4811946,279144,281438,594785,,524712,348366,436646,1566758,4410580,615055.0,1919822,33789,246700,1329308,1279869,87261,343143
2020-11-09,1621452,888173,4526802,10048645,11428009,642812,4097264,501248,30309932,1245569,1254803,37450085,8459850.0,25717259,,2249061.0,17472201,1342923,6329835,1051196,402994,9546834,10645357,924439,937269,1445982,,1197848,1450443,460836,4507579,8836477,1073611.0,5067031,161678,617156,4681106,3112728,126063,1863938
2020-11-10,1268059,481992,3343810,7790609,7190260,446371,3193087,493686,22432791,1029358,1416236,27367936,10277590.0,17141846,,2074641.0,13273292,789502,2765665,739507,394587,7369012,8873856,1001976,604031,1045327,,1267573,1298678,385248,3819831,5525046,1034318.0,3116139,108225,706589,3634544,2679527,178441,1707183
2020-11-11,874114,363211,1734820,5178599,3977874,486806,2169822,425383,10694517,706149,1091841,17599465,5259507.0,14080502,,2465078.0,10470589,604498,1998715,771041,181488,4520537,4889605,697411,390127,673359,,781372,986970,260679,3446736,3926755,1023740.0,1996993,60987,595004,3028931,1439939,65107,985993
2020-11-12,592244,266744,1329104,2682920,3282854,354930,1975554,330139,7020441,676767,667030,10864441,3849184.0,14731897,,2069021.0,13020587,530115,1859539,537391,160756,4126893,3996900,611098,338740,458290,,490088,925526,338217,3012670,3102238,651275.0,2705730,50825,372820,2267617,1346044,64904,640845
2020-11-13,682084,198690,1344851,3037076,3404925,363703,1693385,688632,9686984,601908,1129897,13484752,3644365.0,11292526,,1903756.0,9377028,530543,1314254,438237,240860,4038025,3809625,404099,206544,438013,,565610,615488,424877,2834099,3047022,880533.0,2357957,68782,372912,1490315,1261550,97440,436414
2020-11-16,782174,248399,2164406,3607158,4584874,335733,2219047,554673,13893349,785330,683611,17184749,3756754.0,9490351,,2038863.0,7574955,570750,1612140,474366,152602,4057454,5403726,480419,411556,448483,,907226,711689,302636,3035268,3911790,699804.0,2001236,68445,362331,2239467,2092560,100200,625779
2020-11-17,397871,128778,1456235,2211728,2549962,246094,1234159,388805,8326895,700145,608074,12805789,2996625.0,8947524,,1538668.0,9488977,461001,1759481,677551,120620,3360120,4469566,450428,296630,362461,,466923,622163,191748,2091843,3743907,1025629.0,1488801,48394,308909,1764257,1241663,57781,503240
2020-11-18,733976,97097,1056259,2925691,2725938,364117,1311194,469112,8868385,489296,979133,12511371,3042441.0,7046827,,1796127.0,8091564,692499,1647401,562218,131163,4216579,5577389,487219,253014,346635,,486039,454314,216368,2132800,3200979,953483.0,1474471,44987,339871,2012220,968939,105543,442919
2020-11-19,573537,110601,1418208,2385840,3537630,397436,1721623,299249,9326335,364340,637612,11208148,2696122.0,10443379,,1244697.0,6446206,540990,1522079,601550,166911,3274828,4972964,340181,358058,633097,,543235,660300,273264,2732642,2786093,919580.0,1947597,52267,340318,2458331,1085078,109192,550212
2020-11-20,627461,105376,1400028,2819492,4592054,328940,1692504,340665,5157332,396942,828483,8327043,3774226.0,10450269,,1643673.0,7059328,615848,1455365,471898,110507,4426152,3836717,754733,299201,479021,,353465,647520,201315,3232492,3909221,934101.0,2058118,67734,282457,2208807,985016,73039,937342
2020-11-23,408854,107542,884598,2778391,3079401,280408,1518466,315567,11410445,416632,667995,14361905,3143011.0,7777873,,1755848.0,9011934,484989,1171861,446508,112279,3753903,5309820,396830,262256,358022,,379466,638112,164978,2133451,3211568,750865.0,1612584,53428,340580,1326435,1236675,242173,379035
2020-11-24,559233,208848,1654566,4133780,3492135,559136,1844609,615374,8836259,902499,906111,16225556,3685757.0,7589731,,1808115.0,9231097,579691,1392952,642242,200365,5220824,6230582,648020,407782,580060,,664886,964575,242299,2720764,3815389,836886.0,1757078,94403,540673,2368564,1691979,231237,654214
2020-11-25,619527,162290,1131982,3679308,4262711,476191,1489748,308785,9875624,589026,798500,12655940,2934788.0,13010781,,1657338.0,9677469,516117,1227946,741306,190651,3722509,4382945,420299,366365,496378,,729824,555988,180958,1776010,3385039,858950.0,1833896,64313,415831,2053131,1285492,139494,741309
2020-11-26,296990,152238,649343,1722062,1749584,263531,1215517,216962,3764236,250734,555118,5846697,1844921.0,5530536,,935265.0,6019923,333404,757543,405722,86756,2644619,2904844,283090,187380,220164,,401861,331296,128253,1410482,2528429,618304.0,1014847,45484,267602,1157581,1075718,90293,534890
2020-11-27,539112,172564,1062658,3448051,2979289,365041,1699488,268433,5950690,410897,602746,9056490,2774405.0,9138149,,1219865.0,6722420,437779,1043818,443929,164990,5362974,4272640,415746,199387,437347,,625777,585694,106423,1486651,3031566,775394.0,1791715,67227,289496,1616705,1746214,83665,377768
2020-11-30,1396967,190669,1651688,5433895,5577556,672981,1921018,723324,8557285,671661,1408826,13007086,6313259.0,14645176,,3525418.0,10117884,968739,2185519,790752,893655,9567749,6484002,692313,374989,790188,,1102424,2646143,217844,2679868,6755003,1280400.0,3256693,151318,826709,2853128,2242981,250817,1265624
2020-12-01,493591,157054,1008089,2781855,2841186,355085,1367290,452014,7724557,554455,584798,10223181,3394122.0,7820804,,982265.0,8709072,435789,1885147,509526,198114,5061165,3631730,632469,204747,592560,,582176,450340,188011,2105419,3321058,754454.0,1625653,60757,352680,1488470,1704622,105986,518547
2020-12-02,557912,137900,865591,2689407,3593602,359190,1004048,332878,7789695,628774,671402,10543230,2514856.0,8042324,,936675.0,7952037,586115,1340547,511950,183958,5186835,2975166,393007,179115,423366,,491987,574865,155278,3045716,2366829,768365.0,1485634,54354,300655,1770308,1301597,101923,534284
2020-12-03,489360,215243,701185,2673588,2305382,434593,1219270,448163,6167496,513247,579284,13454850,3401530.0,6733759,,1155493.0,7859677,535223,1819413,441244,147198,5184384,3248055,583582,212885,269214,,325285,446462,145238,2013642,2525876,1397784.0,1260431,48515,302706,1425373,1002191,121937,406232
2020-12-04,436057,221300,934444,2058165,3297169,455765,1130945,296125,6292796,397636,685853,13477337,4114681.0,8341577,,1818740.0,5944445,746225,1198949,423691,117728,3417243,4602535,405162,149645,243791,,440959,421860,147108,2561078,2577941,666152.0,1553655,42634,202854,1438135,1029357,102050,503088
2020-12-07,466896,180420,760050,1837374,2993769,346028,1128524,311584,5890882,420871,504033,8982411,2364683.0,5106783,,1512708.0,7242384,441290,1141807,356217,134911,4713101,2986533,358593,153500,313528,,350833,513893,149595,2674006,2416933,976374.0,1219677,52415,212716,1099449,981379,88338,616147
2020-12-08,479298,160312,808138,2850469,3417669,472263,1217153,317898,4563061,445029,577378,8455937,2422037.0,7259399,,1560625.0,6278453,422949,1354043,426407,118258,3200440,2600464,390840,132299,296265,,353136,1104984,101139,2342256,2271543,1097955.0,1392978,48622,354237,1270522,893440,154687,367613
2020-12-09,688421,149705,897764,6583366,2787776,363285,1340551,302095,4911513,494362,438817,10752378,2729851.0,8447084,,1617351.0,10518874,497326,1483948,443295,166219,9929657,3755374,315723,189977,347052,,482789,622698,140440,2380589,3008739,966723.0,1632374,50592,250447,1689627,1579725,147683,405647
2020-12-10,756908,180795,1164656,5290522,2278877,516633,1903460,338310,7319921,443339,524444,12299583,2640036.0,9436390,,1518468.0,5742961,508593,1520420,495432,249798,6170025,3510454,343247,242987,482792,,505104,1133272,118942,1962743,3176748,1109737.0,1272752,52722,254586,1668375,1050831,161708,451502
2020-12-11,580064,258638,1521296,3423455,3359104,469883,2093004,301230,7084522,518645,444607,14339530,2998106.0,11591760,,1377618.0,15071063,880798,1529464,645393,192284,4087328,4336351,331343,219622,394013,,605826,1296623,159395,2458441,2898929,951903.0,1658102,49782,213551,2005902,1574248,74612,479446
2020-12-14,394527,256348,1026633,3180765,2497671,512005,1663325,317274,5529801,570423,461729,9268283,2228520.0,8199908,,1095300.0,7205722,559468,1614391,409386,153103,5758440,3706525,389206,180409,434179,,380354,467282,195493,2319928,3244975,835583.0,1940592,73369,199961,1228528,1120173,90320,893125
2020-12-15,404548,211902,1146686,3542581,2352889,519703,1962219,245013,5697552,480573,624608,8973616,2412385.0,9294506,,1058490.0,7662689,616177,1344930,584547,170620,6712698,3548371,400120,159670,403724,,891389,1019447,264759,2217206,2635245,947363.0,1459377,94128,430962,1603259,3106166,99951,512660
2020-12-16,502841,194352,1797389,3232740,4706107,461241,1974499,408201,5148923,867969,811772,10008226,4725457.0,9889293,,1517270.0,8718421,939752,1653930,658836,206157,5535152,5732974,351961,228506,502328,,662432,512458,330455,2220019,3282115,572565.0,1847903,59438,291910,1724238,2480434,94173,609823
2020-12-17,618605,194908,1637672,3177817,4225524,408648,1581472,355984,4625743,511180,714261,10406531,4011320.0,12143150,,1075237.0,9691832,791096,1607861,597030,186850,4821369,3609234,439662,258686,591963,,563225,369283,235750,2440790,4064972,723199.0,2012092,91782,251866,2285285,1387177,189891,660844
2020-12-18,1030491,748962,2877848,7045920,8156089,560981,3039475,543401,7785993,1189563,1235462,19555797,7670265.0,24855032,,7495159.0,15835109,1100332,3532972,1058519,276269,9579829,11369619,880983,355264,1167438,,679974,1151404,390438,4012961,11530301,4726941.0,6241979,294524,377842,4709416,2258950,217866,831711
2020-12-21,717154,464023,2112133,4515567,4789688,435656,1896920,305384,7866358,803338,585363,16132598,4372697.0,14077044,,1469654.0,14930966,626261,3252418,506338,219482,5587461,5216571,366357,378713,747073,,514812,433827,289543,2298161,3958655,799954.0,2922669,60567,266602,1938288,1839916,119507,488788
2020-12-22,361682,196468,969429,2923353,2729823,327184,739335,139568,3533994,364141,414110,6648941,2387989.0,10850541,,1215661.0,7144668,334538,1332470,329138,102936,3551075,2338352,193144,199600,310667,,290783,353449,168245,1600706,2628214,330833.0,1390621,33412,140234,1300485,952157,78591,296153
2020-12-23,233813,175722,987162,1802073,1719175,231334,981237,145811,5198545,527315,259131,8711095,2036098.0,6303089,,1296261.0,7569910,309786,1206644,212154,88717,3577072,3255794,202684,241161,246062,,336004,202417,126398,1523201,1628435,517153.0,1149343,37227,153307,761728,944403,94155,341622
2020-12-28,291816,99153,738979,2008445,1936549,190535,799942,116942,5201082,359418,352162,8988834,2223149.0,7587625,,1537601.0,7171146,264931,970323,353813,80988,3447283,2408904,155267,147060,225114,,354921,180426,119629,1845090,2057725,531490.0,1067229,47431,93982,759770,686060,59742,317090
2020-12-29,308570,102862,665400,2112445,2217064,193822,786472,139878,3995645,434632,317162,7264705,1880277.0,5958110,,1352835.0,5952587,282052,866019,245532,83620,2568225,1819857,151454,177751,258539,,399065,277986,125402,1677246,2479039,505320.0,902680,45798,139453,843198,738894,52721,490261
2020-12-30,211083,54996,526249,1144797,1497735,121069,644923,163631,3303280,519020,189971,3889428,1227197.0,3800644,,753781.0,4051630,209827,1074821,159727,58143,1508846,1573574,166548,89005,165429,,248463,126062,74218,1036749,1526766,270030.0,796354,28075,85430,637892,578887,30492,158840
2021-01-04,440364,224953,1176585,2741508,2919926,307978,1250834,317328,5713051,752930,441882,10570506,3292118.0,9725963,,1693265.0,7585465,572306,1630591,414057,158575,8182916,3411046,525795,172271,401671,,498984,418357,177474,3080615,2928515,718202.0,1257386,50101,277567,1504832,1390459,79028,449709
2021-01-05,436591,490467,1053943,2770337,3280433,507440,1542690,317448,6918825,808009,446652,7353910,3303666.0,10208284,,1310223.0,13066740,572531,1364209,604925,211845,4652938,3197549,452993,213140,470024,,591282,567531,128347,1981977,2798888,770230.0,1355886,67782,242396,1607815,1220482,114864,486363
2021-01-06,392602,174993,1984656,5187251,4992743,355299,1679300,387430,12300864,771374,496016,16445793,3266948.0,8732206,,1907028.0,15867831,588091,2059816,536446,264223,6657086,4720132,411948,280390,586532,,741362,427289,119450,2926790,3018802,984157.0,2048105,52206,314910,2533802,1584143,104837,359839
2021-01-07,362809,126495,1052876,3655366,6096518,334794,2156329,471913,6002692,513935,618622,14687453,4092155.0,11773167,,2015815.0,12361153,542120,1801318,354057,168656,5419078,4242888,417347,240333,378180,,539503,521462,143847,2156628,3176143,1145457.0,2215688,57617,371251,1723537,1102395,181120,434100
2021-01-08,425762,270255,938809,3035733,4615110,344509,2128156,369648,8724107,552610,697165,11452699,3460784.0,11425034,,2767418.0,9128114,573347,1574381,544839,165574,9340799,3767088,623691,194760,325235,,584763,506213,130698,3523091,3068744,772969.0,1823416,67660,336752,1460010,1572299,113767,535979
2021-01-11,386952,263149,763099,2918312,3010116,342114,1613495,329599,7490971,618786,518351,9938500,2522286.0,7320157,,1844153.0,9727828,1165703,2418401,462372,110250,5830707,3505621,427854,307663,310268,,473522,410076,131417,2488128,2910670,632644.0,1565979,55999,254801,1327811,1327948,124325,514622
2021-01-12,381804,146323,718527,3245940,3536006,547555,1554361,341641,5283674,603969,545041,10388366,4125333.0,9035386,,2045977.0,15015799,740650,1333830,489518,141911,5233677,3762004,438615,144349,301147,,559494,448069,126607,2589776,2349072,781306.0,1567127,85787,505475,1694416,1634142,111597,416659
2021-01-13,406161,194455,827455,3096228,4067829,379297,1403891,375231,5684838,521092,482630,8254387,4271910.0,8094347,,1614817.0,13375894,739962,1361775,375512,155959,3988328,3248270,374397,193532,370358,,587620,454100,120997,2897086,2650567,789952.0,1583183,73466,292368,2079062,1163688,131502,472047
2021-01-14,399626,383073,878413,2127852,3318258,274500,1322126,299150,7132098,480254,646263,14477168,4318524.0,9829847,,2027637.0,9666789,862967,1393923,373718,131547,5775174,3576618,488344,234893,324376,,609731,309915,152858,2012667,3522890,761050.0,1682173,81116,267262,1935245,2347767,121585,404067
2021-01-15,811800,168335,1248713,3887322,4524359,521250,1945807,276937,9106593,553210,697264,18041332,4189190.0,13578270,,4077046.0,13738469,736987,1821750,450659,141052,5596778,4984440,355189,211989,479044,,510899,275067,157856,2490729,5733895,613117.0,2425856,69582,396822,2507120,1952384,132100,605021
2021-01-18,617525,121793,610645,1416376,2167814,320349,964708,125470,3389154,253947,312141,6096258,2203280.0,7550440,,1473481.0,10151352,466059,814487,254556,97461,3771043,2509291,205237,116916,205729,,292638,439920,86527,1216111,2176600,477705.0,1099972,37952,515848,1387305,689937,92888,419250
2021-01-19,457966,91524,798716,2469283,3207911,367303,1472535,230062,6508006,461925,573083,11463499,2629310.0,8795682,,1494481.0,8538684,516098,1310425,434140,175519,5142215,4079222,277018,153792,352523,,391409,475007,137135,1481069,2676831,763421.0,1209636,44309,392360,1823183,1386950,99866,465487
2021-01-20,507867,150615,1019656,2915428,2857446,272142,1533660,298072,4447266,352258,540866,12232071,2235451.0,6976070,,1181275.0,9559492,396506,1124038,352393,165991,4370143,4588877,782582,202983,295217,,467954,274567,158709,1600013,2631285,556106.0,1531142,50246,365653,1348262,1888183,90151,414241
2021-01-21,433145,299861,991904,2344062,3713528,379212,1273815,223770,6359443,409451,414974,8263777,1764228.0,10332670,,1405464.0,7715553,505489,1829282,272383,122508,4906797,5297545,516256,229146,317884,,462719,546747,124674,1634289,2136404,417629.0,1453490,44294,225355,1969306,2064744,93689,383352
2021-01-22,565791,231580,1456995,2743203,2981511,329048,1716661,233101,5602031,489992,454812,10516885,2159238.0,8887611,,1299312.0,9665786,588608,1390398,383148,121124,5898392,5545268,578276,274922,507075,,1023464,563421,89986,2176068,2571192,632362.0,4955875,58264,266487,2003356,3343322,55145,381573
2021-01-25,651124,344084,1512817,3433739,3455580,283928,1582566,212864,6788859,621244,392234,13471771,2244365.0,11629093,,2449910.0,9438962,537821,1482687,454379,174798,4744158,5638051,406790,358296,559096,,697342,421732,139928,1796216,3204268,737086.0,2658503,69010,276435,1873895,1758234,124872,613510
2021-01-26,597745,268014,972145,2553918,2610763,368043,2034716,215642,3945351,459340,376441,10915248,2604399.0,9632712,,1687313.0,16753394,484128,1603797,500584,152179,6321688,3747273,404326,350277,543693,,449525,379784,120531,3223121,4297991,589286.0,1900490,93181,296355,1557984,1462232,64604,296314
2021-01-27,859873,234330,1402291,4620843,4719756,339447,2044649,410150,8087409,623286,616094,13415826,4083708.0,17660717,,2278046.0,13330547,737826,2047421,474060,206212,11103941,5210223,561868,278924,530602,,539631,598880,160058,4479095,4689464,1823916.0,2530253,101986,522267,2060278,1718062,142476,619896
2021-01-28,708559,281522,1425942,3052869,3877747,315862,2072544,351636,14705279,653770,796245,12839055,2864556.0,11797563,,2177034.0,13690284,492642,1922551,534962,160119,10318360,4641073,571627,360898,682639,,503873,404215,120494,4755572,3390381,1215203.0,2244105,69522,334086,1672695,1478981,136725,490709
2021-01-29,779175,267964,1635283,4117710,4191653,438409,1924221,355154,8233492,512687,866655,17300596,4339968.0,16734034,,1740241.0,11799930,1206120,2440467,713687,183794,6808458,6759841,396194,367815,761034,,507894,788151,107703,3516698,4982821,1227319.0,2807827,142098,438987,2673695,1348458,118448,412591
2021-02-01,615633,226680,933009,2261944,2646334,325483,1139613,410248,6205500,339509,552120,9421927,3248545.0,7894663,,1189854.0,7966510,1335448,2680089,380532,122476,7049115,2798378,241371,298720,407595,,329880,477237,108963,2317695,2940295,1027888.0,1733656,92609,297487,1559089,880726,106336,264799
2021-02-02,590026,388766,1109561,2387910,3031769,529705,1510601,296138,6360693,555485,581521,12109012,2801084.0,9483915,,1642816.0,6906813,6082213,6876742,487317,226305,5470254,4051668,383610,325713,480535,,412495,886636,166318,2016427,2729353,1091313.0,2161274,97821,342695,1630146,1336768,210671,434883
2021-02-03,405362,222329,920397,2151723,2397436,245006,2092011,221339,5599203,342010,443778,11912648,2634973.0,11333217,,1296156.0,12887147,2891765,3157786,389273,151745,5315577,11768996,230374,186302,327635,,526185,382057,127544,1777622,2555557,995553.0,2362713,81386,371617,1049556,1356203,120143,471629
2021-02-04,426993,221435,855925,1923366,7155200,301119,2440661,182989,9393670,578577,356733,19661172,2503753.0,7186620,,1624932.0,8022887,2488295,3236725,447495,235028,6060185,8708660,207442,136005,330836,,582919,321891,246394,1438804,2638688,790118.0,2310690,85451,310649,1215257,1128231,76111,497564
2021-02-05,365690,299985,780638,1925658,6065968,453040,1999900,264136,6695105,392486,443368,13238470,3839513.0,11569069,,1372956.0,7889597,1269651,1721097,367337,193188,4120434,7242587,285771,184700,313750,,761697,323308,244424,2333891,2471257,769110.0,2231960,57718,236202,1430425,998742,100656,303246
2021-02-08,394282,170565,750092,1831771,3746394,275137,1380555,345377,5318459,323336,518940,11526768,2128252.0,7097508,,1465308.0,7772906,798424,1759816,393949,171941,5547973,3676520,212106,110543,212237,,420800,308117,160829,3488092,1738462,684685.0,1496347,46851,388952,1349491,840846,61321,311259
2021-02-09,408142,168682,782439,1759355,2550584,206421,1210955,199415,5171283,296135,493653,8993603,1981060.0,8145366,,1717159.0,8577410,985812,1397426,263142,119847,4594156,2645331,224046,113973,272791,,278914,1190622,160231,5518024,1636590,560732.0,1163784,42877,259509,933657,600357,194440,245561
2021-02-10,533414,87745,856756,2030589,3161110,326012,1257565,351873,7848435,372887,483283,12074497,2627832.0,9045144,,1347139.0,6755863,1561643,2195944,575722,190111,5661296,3520241,250458,203962,332188,,310635,733201,142481,3734656,2256363,443604.0,2145914,62772,178252,1509972,979322,313848,292021
2021-02-11,705357,140875,649602,1685691,2231473,270326,1074731,231745,21397147,236632,454145,8991628,1908513.0,7924828,,1137024.0,6703233,1778952,1801782,234148,120998,3927834,2635636,222489,207669,245177,,271849,619845,279809,2407811,2086083,579922.0,1323749,64544,213602,1172593,891108,77778,390510
2021-02-12,377459,81737,723987,1907928,2485306,207466,815834,313283,8655263,413314,414048,12475868,2357566.0,8983423,,1566369.0,6527688,1582115,1729035,307449,117795,3339972,2662184,229627,268384,244936,,325686,527825,139510,2562238,1944941,695002.0,1432898,43959,136171,954616,970517,180482,258799
2021-02-15,317399,112958,766827,1420021,2269807,244732,916016,203721,7556280,233878,502105,12152100,1461515.0,5686651,,1485440.0,7872162,698077,1372455,217512,126694,2967928,2109912,195772,206094,263002,,251690,309686,165586,1967201,1397921,689053.0,1354930,47728,139259,1118480,718640,105561,196326
2021-02-16,427305,93547,731413,1650603,2447054,418980,821717,223315,8366505,394501,514134,11973775,2235105.0,7453523,,2159709.0,10517097,1057898,1301154,393535,97938,3771802,2161188,244799,110294,332288,,257399,472131,158238,2492187,1671300,494506.0,1404920,62707,247551,1311216,710486,86772,277233
2021-02-17,402457,113688,893586,1870842,2514282,1664162,1229965,144711,8030025,600769,690372,20177896,2407408.0,13295955,,1542328.0,9402944,923757,1657687,600075,86655,4354058,3993418,347363,154345,280755,,287796,538325,145629,3359100,3723507,804014.0,1528344,79677,366586,1714346,818483,144516,1022529
2021-02-18,401754,236230,1125339,1935256,2842984,825131,1410679,185538,7359828,483799,452268,9617034,2419486.0,10857750,,1626428.0,6720618,1181225,1878952,292100,91692,5358922,5312667,404063,397801,378613,,1368885,457316,193039,2952781,3010056,584673.0,1485809,54919,197831,1318310,2359382,85669,632581
2021-02-19,498887,280779,1257538,2716801,2910537,651383,1210457,233256,9845903,577516,689876,13453163,2203994.0,9621497,,1397121.0,8030195,801121,1658192,344864,97911,4808068,4013656,357959,308684,339392,,999619,547446,201080,5484770,3084644,753717.0,1588249,79130,189978,1601507,2075548,104947,446169
2021-02-22,410527,211613,966675,2379945,1985273,569185,1065258,231265,5544520,635401,355172,15263582,2229733.0,7357180,,1179210.0,10988045,813120,1380348,477073,92429,4201958,2456148,207426,224267,308233,,576315,395914,117244,2632984,2407163,520278.0,1179763,67631,261660,1382388,1182187,105595,656947
2021-02-23,457528,396568,1243843,2823287,2672719,537683,1859119,212769,7218273,472036,467758,17894344,3759580.0,13508997,,2358958.0,11815369,1019429,1866429,368093,110503,6954078,4210291,466170,312127,329711,,532089,850104,167921,3413342,3507205,639196.0,1597328,114577,329488,1673453,1061118,148042,1212578
2021-02-24,417063,202963,1537084,2390063,3121057,431206,1389110,184904,10198829,397515,350623,16487124,2050743.0,8222739,,2018977.0,9370416,769873,1607452,400898,90902,4810827,3152312,285799,414462,316047,,516798,727237,126289,2358830,1945024,622009.0,1358197,59943,235689,1464740,825524,96724,563634
2021-02-25,394967,209232,1168096,2449919,9199074,313502,1603942,188881,10381438,404527,329485,24429603,2210806.0,17706408,,1461881.0,10817075,776133,1641452,418785,120771,6268493,2699528,317136,277737,705589,,507883,387578,93915,1975063,2288703,765349.0,1096126,47764,281492,1705488,799527,122091,365287
2021-02-26,504421,178139,1934541,4092028,7097729,1000964,1502192,391252,11612603,488294,654875,18577118,3876632.0,15506582,,1850125.0,11797286,1270540,2709102,561977,186353,8697028,4312311,491208,223349,555135,,827420,678435,152440,3381504,3570702,842990.0,2204650,81416,330217,3509695,1559222,83266,573248
2021-03-01,353839,143859,1109788,2436474,4364996,591178,1129798,279476,4806969,527564,374731,12064195,2783209.0,10011171,,1508344.0,10775768,724035,1529397,312404,147320,5712079,3268149,274940,296477,295936,,614200,453330,143734,2204038,2424029,612952.0,1395711,53315,218754,1542164,813177,64063,474233
2021-03-02,427096,109199,1336992,2896907,2733630,374093,1367788,260500,4191171,443423,509593,8722382,1832702.0,8145595,,1556788.0,8787011,736721,1671477,358565,164400,5372575,4590781,234154,239474,387928,,611148,460993,101521,3653346,2283786,505265.0,1043159,45117,318803,1800835,991768,64956,490570
2021-03-03,392201,98559,1208017,2683854,3103140,532010,2754934,307224,6524582,919489,607431,11781794,2308682.0,10564407,,2443753.0,16674787,676469,1404666,491671,129607,6286860,4398045,425336,183214,481348,,1190225,440460,145772,4657887,2863412,620206.0,2005222,91125,352166,2055114,2356995,145662,478499
2021-03-04,617587,143327,1011171,2050789,2365335,468121,1536791,235545,4621071,461594,477884,13510901,2641922.0,11556015,,4008802.0,13708633,551943,1491836,500018,117831,10076668,5103476,552107,232095,620924,,874580,609212,103427,4522603,2374159,567737.0,1610789,79810,255713,1821044,1722463,165839,882353
2021-03-05,805911,191910,1141281,2849252,2610518,696917,1139049,232818,8364512,449438,480875,14700942,3913236.0,11334123,,2657877.0,17189780,772659,1454126,563705,180161,7694307,3820475,469975,328732,480591,,842467,609127,103638,4724740,2686348,642184.0,1673336,78350,348301,2416213,2238215,116558,520271
2021-03-08,702457,239867,2010270,3954915,3364364,424616,2276793,315739,12077872,725598,608152,23898892,5391906.0,13967054,,1935360.0,16256139,919512,1789764,614672,168223,7586140,5521466,869823,282872,602556,,718449,473863,129068,3799330,3353179,973064.0,2075605,75072,311366,2098050,1863993,110327,645717
2021-03-09,945890,133345,1339324,3926631,3337639,615159,1996142,420544,10063144,1993556,1003235,16797142,5386597.0,16177715,,2467820.0,16630918,970271,1874886,567625,163276,8391131,5141375,639472,315147,571930,,778653,760613,148251,4523996,3782972,836268.0,2036245,85580,447478,2447817,1679220,132242,689216
2021-03-10,1123135,121648,1013966,2337554,4708329,523445,2054239,687724,8814872,1590455,467239,9978900,5962314.0,26972220,,1645087.0,10599484,1113180,1747138,459165,158197,6903716,4061957,388290,199683,447792,,569182,613589,128908,3072056,2454844,981987.0,1264510,68180,279220,1672905,1552220,93359,450449
2021-03-11,682139,149586,1010873,2127475,6728584,378312,2339736,541412,8276756,1164825,529861,12756259,3568672.0,10061421,,1954605.0,6991762,1109043,1839705,660902,167328,5085683,3355909,391518,243945,354751,,650122,674940,154277,2553455,3000133,924491.0,1344366,41484,383583,1559521,1563321,130815,666814
2021-03-12,560959,102632,856602,1698564,3171262,346056,1557579,233203,4698552,686375,470754,8893646,3167102.0,16171808,,1136635.0,6744464,629265,1223130,449880,152496,3788074,7116120,294796,262381,274528,,520455,743780,88723,2228314,3164384,394538.0,1192564,39841,236300,1147508,1217369,55408,502640
2021-03-15,501181,93229,688563,2796301,2842975,339546,1512597,298260,11375459,743940,407073,9474473,2533650.0,11905878,,1131886.0,6158769,550220,1162786,423437,98902,4716572,5023687,318111,179755,361631,,847643,644703,142821,1921514,2270453,510092.0,1094652,39276,198559,1076887,1532299,107076,585857
2021-03-16,673727,139897,943331,2508692,2698813,360102,2736407,440322,8751529,982776,398737,9636634,2703982.0,11891472,,1937721.0,8346227,740771,1129369,291952,116514,4448633,5353445,404400,240334,330124,,1748133,513476,155524,3408768,2245723,679729.0,1196364,47199,242245,1418559,3723727,305880,1159680
2021-03-17,619085,85391,901837,2271045,2305856,296917,3793318,290256,5532540,879260,620290,10639244,2456535.0,11621774,,2079882.0,7762122,765718,1384655,863042,140216,5068179,5980056,363538,194710,496675,,2130665,466351,165332,4327041,2448739,774160.0,1750611,33094,254797,1248918,4401061,120196,1249741
2021-03-18,593750,91684,1623570,3299421,3739491,372863,3290237,426323,9658273,940784,564487,18706370,3585190.0,14548527,,2146963.0,12637041,678596,1676001,582909,149693,5929025,10132093,453649,355349,487145,,3467594,333623,247649,4690974,3138312,1085709.0,3033584,94446,241094,1908089,5602102,134711,580550
2021-03-19,1330384,475277,2679338,10841459,6236009,2170563,4996797,641295,11382749,1036307,1153723,23876709,11046420.0,24872624,,10020335.0,19496624,1538020,3502179,1143014,267434,44810280,11213761,745368,554061,952802,,4099367,1079707,293195,5217145,6109000,1551807.0,5082220,136898,452411,4479732,3399839,204563,1088091
2021-03-22,561676,197552,823644,2354167,2309745,357151,1824370,411402,5122702,858603,390304,8526048,2666997.0,8218161,,3087121.0,7663475,534531,1179145,887833,130170,6963376,3262039,401771,267737,388829,,3069144,382422,290158,1999661,2650789,467435.0,1455590,41647,322889,1313889,2372388,82915,573652
2021-03-23,530372,115855,694027,2514031,3337512,387614,1747435,354940,5585951,877530,415310,7119961,2363142.0,11485802,,1546457.0,12529393,376351,1618538,660407,128859,5176592,4903824,494714,248356,299397,,2618586,373139,231369,2585010,3066444,848973.0,1138599,47861,340370,2146019,2641518,67395,711588
2021-03-24,418152,127451,654791,2145959,2455475,379559,2021024,484987,8869878,819970,460552,7953285,2073244.0,7865475,,1368129.0,11560081,519294,2348842,524888,117927,4163401,5087933,396413,177229,283335,,1446337,411683,203915,1685208,2270733,572049.0,1287803,50771,278731,1789690,2059016,64718,458848
2021-03-25,1743067,164523,731089,2053009,2482617,335078,1331719,475499,8149164,797402,556396,11766243,2165468.0,8288225,,1961242.0,21893039,495034,1595677,614005,102366,4606931,4110168,216191,209368,220754,,968436,294873,213245,2300319,2657133,3409881.0,1094737,57024,244636,1455520,1535063,95175,422753
2021-03-26,1447200,101586,743684,2502328,2309482,310506,1423694,225313,6130602,578899,508050,9158302,1863666.0,7984626,,1862628.0,12633369,709123,2626259,408278,88886,4845873,3764427,292750,165138,284771,,848920,296910,136912,1967282,1856833,980601.0,1068697,32284,142536,1189378,1484881,118617,389289
2021-03-29,745636,79085,730469,1838146,2289355,241247,1633417,224289,7595494,415359,393468,20893753,1643511.0,8912808,,885580.0,11661208,522202,1282502,388267,88265,2966292,3271288,328478,145514,238650,,510697,342851,104414,1654666,2363532,1027529.0,880061,39587,207491,996268,1063264,99415,411307
2021-03-30,684867,82654,908707,2717233,2370698,174706,1876880,213077,6644516,446457,438206,10877907,1810348.0,11890812,,1667004.0,11123105,406495,1515165,500190,64282,4760986,4971367,247993,153835,293764,,791042,370941,122464,2897494,2187648,893712.0,1522089,42828,190886,1046394,1384711,98143,509116
2021-03-31,566359,179585,954348,2746094,2977151,323415,1750689,321821,4997934,454235,565962,8482209,2840644.0,13988562,,2965021.0,10824640,567226,1063614,488085,110466,4546826,5496840,345649,224827,330200,,773107,543045,172377,3891311,2311988,1027341.0,1798425,58262,243989,1614813,1099083,142659,583926
2021-04-01,496011,134879,751368,1949783,3641900,281634,1547922,221084,4232717,469484,466789,7429797,2270728.0,11935524,,2170660.0,10283618,465523,1166899,650472,96798,4704718,3848462,212888,214131,299577,,808710,353771,201242,3964023,2751618,669892.0,1483387,35702,178676,1383324,1068889,112604,312988
2021-04-06,707653,109563,920706,2798324,3632619,346983,1390616,336033,6142946,473828,424415,9367807,2562907.0,15506357,,4406889.0,12559940,541043,1961419,927729,128410,4521201,3178288,266118,194262,381335,,874010,281511,120009,3043182,3124199,857494.0,1229809,40378,200015,1425095,1104682,72242,597672
2021-04-07,522754,46938,695423,2121302,2561319,547917,843541,298093,5032392,406016,328198,8272860,1666685.0,10165696,,2287551.0,9687237,468568,1316907,479058,110385,3293743,3250076,251018,175819,384837,,700942,421685,107976,1889789,2120500,541346.0,1035626,35370,184045,1072485,1060476,78479,374139
2021-04-08,521307,121885,924260,2382104,3148078,438060,1402345,230768,8096361,546979,476127,9509030,2593415.0,8211446,,1802218.0,12420211,450873,1200003,623838,178666,4384169,4869807,314680,194044,417505,,643554,424949,115610,2701706,2867753,497758.0,1254714,55257,230897,1544780,1005912,54474,485319
2021-04-09,744033,135121,648130,2132963,2402907,237718,834685,260735,6472607,515145,547811,7194989,2872147.0,10290410,,1423220.0,6812023,367574,1247767,442875,102462,3851957,3542684,315631,204594,341501,,423208,245919,248339,1958539,2369418,435283.0,1385885,45482,238626,1097200,680071,69534,371249
2021-04-12,565495,90226,606025,2317818,2426187,238208,1048397,275950,7502912,481660,360005,6550192,2511369.0,8313243,,1934968.0,7551793,342460,1224443,416247,77200,3392379,4384526,222029,179137,255343,,498035,307515,125258,1789737,1718755,516779.0,984012,55994,242610,1188087,733760,55605,531743
2021-04-13,446642,126584,799486,2382118,3148647,173159,1033147,214513,6153964,568615,452213,8648556,2692546.0,11855362,,1640204.0,7571367,496956,2014654,391239,102006,3566285,3228301,237910,184283,330295,,868959,336775,100213,2034761,1938263,419478.0,1260062,37717,353688,1570293,804119,148666,700750
2021-04-14,545673,102253,831869,2569122,2522430,204450,1193472,285058,4284506,450006,352334,8763154,2789621.0,10131420,,1910582.0,10114118,476649,1095743,472052,108086,3638231,2899395,265253,127544,319132,,608486,317794,136732,1411829,4974419,380620.0,1080164,45556,222486,1811240,744745,74894,444532
2021-04-15,554362,199922,884159,2230495,3072583,263806,937702,306437,5109604,499533,375053,8665024,2033081.0,9225277,,2522930.0,6104734,599879,1157985,520602,111186,3110046,2952164,280761,132333,400801,,537877,239530,204904,1950835,2804809,719183.0,1455715,41107,242648,3275658,920182,185648,366878
2021-04-16,670692,105917,1253916,3715978,4958464,243332,2037121,285386,4713505,698655,623518,10711964,2810834.0,10222550,,6358723.0,7257249,595114,1317533,697681,98169,4412492,6387041,335718,280095,663751,,732134,406725,113204,2887568,2905150,560133.0,2904105,42528,190411,2703141,1231358,67015,660045
2021-04-19,405119,69141,895263,2274169,4757318,262912,918670,296774,6703261,525841,324974,7725277,2075802.0,7627028,,2067047.0,10876626,614237,1134416,427374,129283,3637016,3900859,243555,136310,499514,,692517,340049,105970,1971266,1763933,632657.0,1460420,53747,248606,1601060,908712,120659,395431
2021-04-20,723418,149265,970035,3143901,3928741,293820,1712352,429650,7154740,537502,407528,11450203,2482126.0,8375658,,3214074.0,9700934,497590,1755407,624325,144554,7427808,5086949,316519,262402,611063,,780154,469469,274955,2924875,2062980,782008.0,1428595,48796,233475,1968921,1049904,117351,377533
2021-04-21,526549,164398,822820,2332073,4668969,256579,1800624,419976,8230922,512209,517187,10260697,1955931.0,7281198,,1585218.0,7280471,665177,2016966,467534,137456,6181818,4196339,348997,268412,402794,,811418,444906,191927,3049148,2260736,911481.0,1327383,66723,176995,1725000,1644123,126214,848210
2021-04-22,513407,98577,717301,2828598,2774030,270223,1104441,380954,4741098,610061,643180,7429806,1887498.0,6288953,,3046470.0,8087744,532068,1491153,511102,99113,4247790,2620658,379990,176693,267035,,413318,324121,495343,3490188,3902763,506499.0,1053731,60040,185315,1563540,837185,110185,448580
2021-04-23,595682,138778,744399,2935653,3715344,257006,997022,307673,5019724,946930,476905,6751914,1938152.0,8076474,,1374870.0,7711971,454564,1243690,447490,103355,3585618,3346698,310371,131032,377828,,319529,266695,311256,2510749,2968949,561815.0,1312494,31129,220029,1577990,812625,59559,308241
2021-04-26,383789,126022,618238,2681368,2199004,189571,948496,251381,6468054,347199,361996,10044841,1751251.0,5895275,,1100924.0,5192604,593200,973469,323869,64924,3486998,3126765,307446,202558,313421,,346638,275967,228147,1795698,1524024,493132.0,758474,40425,160862,1011200,1069108,69996,235915
2021-04-27,656396,61891,947284,2129934,3353678,398935,642305,230417,5030449,350942,381020,8296967,3194815.0,7363250,,1630822.0,5350469,785210,1282300,385509,154338,5088055,2848591,573470,154959,502351,,381837,592051,141708,1478528,1574816,753870.0,826484,67690,241052,1084020,700982,91180,253096
2021-04-28,770974,176606,834896,2644806,4166723,575985,798454,240965,12839293,356769,407308,32369920,2147261.0,6443631,,1554631.0,6812448,466721,1146825,283310,124112,3801513,2291550,601621,162664,563606,,669663,340883,183061,2973025,1660706,666716.0,1248098,49017,294121,987610,653269,50202,377703
2021-04-29,511872,117279,917451,5943738,2348607,337459,1494900,297102,11688113,830294,498894,23321185,2498113.0,7744393,,1337034.0,6427830,521187,1460408,389362,159066,5593121,4471508,236952,207557,792846,,885320,356949,163805,3624291,1917209,793792.0,1031409,41963,251762,1731798,1543471,106922,412817
2021-04-30,599265,136949,1010428,4998659,3838529,344740,1111553,338657,7388037,533170,481011,15663547,3419877.0,9115233,,1865657.0,7704008,742036,2425539,462583,167343,4061085,3190805,334359,439992,594846,,584116,549663,163217,2644746,2305231,790714.0,1263687,45363,226651,2261919,1082438,167054,541210
2021-05-03,320699,74951,888333,2149415,2300564,149628,812468,131928,8483266,280045,316699,12502921,1787026.0,5067526,,1722173.0,5012566,419016,1195777,353576,89092,3754503,1924216,137051,124448,258784,,368702,321204,105961,1429644,1435439,783714.0,837023,30365,118438,961518,779106,94709,331153
2021-05-04,942337,180300,1401953,3719890,3703167,268882,1559872,260084,16869699,553511,449894,15404402,3487740.0,12293163,,2670638.0,7759583,568608,1192638,365738,134621,10665576,3812963,705571,185097,528749,,691919,709361,143967,4236541,3430206,827382.0,1709902,58858,197792,3396976,1573546,117348,937630
2021-05-05,667214,161127,1516255,3142265,2530906,267559,1631218,330468,6657056,571409,423498,10605790,4352803.0,9279808,,3001287.0,11619185,569789,1624256,397834,283937,6777604,7753312,619188,174303,529915,,598753,368277,120967,3085833,2083805,900758.0,1134754,42371,214943,2884739,1207898,73060,567865
2021-05-06,582635,137289,1357731,2742399,2618671,296221,1111585,332102,5185175,415959,482545,9772173,3737842.0,8273355,,4494131.0,9278369,1086076,1645529,647560,149007,7897068,3901662,454022,182582,489518,,565830,464190,222730,2401237,2024213,547354.0,1263904,46481,154627,4416419,1749575,73201,857746
2021-05-07,1696760,116203,841041,2075253,2178910,270722,1393615,176706,6724920,561529,315804,12515726,4563631.0,6886014,,2704883.0,9738737,566604,1159368,452262,111081,6558732,4426854,325716,188545,489834,,454020,405599,151863,2956146,1663545,575164.0,1820935,28814,194838,3095114,1568907,71413,531931
2021-05-10,869591,92581,691598,1692668,1898823,251777,1018526,333102,7111425,402640,322754,12754457,1838455.0,9592234,,2083327.0,8844794,498523,2681860,446524,118733,4410949,3149611,351520,136505,333033,,358310,484132,145055,2237649,1687179,497903.0,1266674,66124,157434,2109260,676870,101790,576581
2021-05-11,823448,137548,997423,2887043,3054070,586118,1164796,514357,6211109,462577,576282,11986517,2857699.0,10769854,,2753700.0,10416487,811828,2566420,521408,135130,7605527,3944906,514356,151143,410804,,610687,623187,192720,3686536,2977716,722497.0,1587279,100956,173703,2176774,1055203,88304,920622
2021-05-12,693442,84447,1008699,2275025,8277621,358939,1109062,436169,25456008,330142,480772,11983106,2347291.0,13598896,,3049751.0,9117039,745365,2280775,335107,131791,5214821,3031059,443357,105471,374482,,389624,513961,200333,3013951,2242139,596698.0,1096942,95605,191447,2058690,1047429,118890,709974
2021-05-13,501372,93285,886435,2155802,3530206,152560,1417327,282207,6172298,436082,350413,9050152,1883506.0,11667198,,2210289.0,8257168,480057,988012,247379,118740,5241479,3398568,357998,107466,348213,,572536,260715,140702,2984197,1858300,491363.0,992127,56414,111599,1558891,1288031,90446,482466
2021-05-14,438464,87085,991607,1911095,2938241,236630,1254941,578825,11866350,492189,512612,9000839,2535126.0,8800068,,2528029.0,13354794,748030,2134651,395995,196996,5335407,2976788,319676,157808,338927,,555089,399767,106558,3370833,1458905,623763.0,1309950,67237,262803,1364069,902189,70021,858877
2021-05-17,824420,67571,627302,1924817,3631003,135985,1107537,381844,6631110,281978,307662,7942829,1916736.0,15742514,,2605289.0,11801899,537710,2057148,356077,106898,3774957,1805798,340854,145688,221706,,369222,293338,106425,1947979,1550230,436446.0,1287079,46384,173118,1479684,721004,54442,499459
2021-05-18,576402,52488,812120,1745554,2531813,278035,1173807,191029,6766120,612312,390876,8655875,2770772.0,10349303,,3437715.0,10347601,437377,1500798,336059,104238,3590951,2840478,363435,115394,242679,,419930,510517,115213,1956598,1818487,682893.0,1454977,59921,194644,1966801,1119525,132732,483342
2021-05-19,629842,122581,958578,3701760,3713649,207980,1182500,312873,6496128,407783,545190,12306596,2640441.0,12515711,,2551284.0,10079164,441465,1293042,333489,106012,5719090,3370417,373930,173820,411472,,456934,405160,209494,1627566,1980237,351296.0,2177508,77233,211009,1701432,1060785,141886,1966667
2021-05-20,499980,57718,758275,2228094,2962660,223098,1309342,209289,5191855,359157,523626,7803978,2613210.0,10679031,,2276836.0,9398561,696860,3582111,239570,97220,4884794,4009132,441332,176146,282612,,386766,689984,184573,1759419,1758463,385667.0,1505512,57851,218512,1592235,710635,74657,1780378
2021-05-21,677856,63332,916404,2399997,2924304,218584,1436621,304315,4317396,592785,608205,13996902,2495073.0,10933087,,2402862.0,6394881,490477,2289958,356056,90735,4377260,3472403,376637,175218,332602,,398815,617763,169082,2412950,2004830,419682.0,1606481,47755,217192,2268136,831909,101024,1433032
2021-05-25,555295,54511,781972,2432344,2439622,212327,1215260,312874,7395189,704184,445357,14606725,3623553.0,8786033,,2236550.0,7619353,443441,2369742,281612,123740,4897730,3455045,431104,184271,473608,,589194,396229,104994,1860635,1804579,532360.0,1447134,91208,252107,9675307,1027760,95619,1608009
2021-05-26,515046,44044,649037,1824138,1639710,181860,840228,266059,7099913,242352,368787,11451419,3263183.0,5764783,,1206068.0,5925938,561848,2283617,258265,147310,2927137,2908400,410070,137550,467904,,447260,498046,151151,1389750,1330675,555122.0,1207961,95031,217988,5060585,714707,72305,1269218
2021-05-27,578908,391978,1032718,4454352,9042176,422663,1633744,817446,8782863,725190,695392,21536919,11117800.0,9107835,,3721676.0,9623564,1534254,1886837,681106,279039,6107465,5962306,370479,501198,693899,,1393622,1119143,243718,3958615,2650089,1121826.0,8044888,1158811,305754,5195791,1504472,209199,1970928
2021-05-28,315651,121542,719192,1865685,3238094,246457,970900,296198,3965418,400318,492302,8099277,4781915.0,6152253,,1829706.0,6706334,630081,1296389,247553,92626,3886426,3067572,273867,160385,426624,,416391,481993,93506,1709185,1338226,274194.0,1859774,76895,143205,2203635,915918,93423,913949
2021-05-31,279491,28987,509155,1377815,3085645,133429,607470,164304,1790566,222606,327649,6199576,1864686.0,3856479,,1216629.0,3854241,245920,896039,156122,58913,2550067,1478106,116140,77678,233524,,530694,180909,50864,1729476,1034961,272993.0,832411,67110,84542,1006482,713685,87040,434335
2021-06-01,456486,138293,614418,1830039,2657054,156412,1163996,331021,3915316,547280,526617,9305638,2164020.0,6375209,,2073493.0,6773323,467301,1314518,245822,142361,3700812,2922270,337878,157036,250008,,847472,487795,102152,2016697,1590959,530048.0,1274211,78407,134436,2726836,1366666,68188,1345440
2021-06-02,290081,67519,532611,1306769,2766442,488077,1217637,207475,4985471,395207,458496,7004830,2563548.0,6805031,,2337627.0,4238543,679654,1079413,375326,99992,3629912,2311774,443741,109681,243906,,606188,548223,76471,3102143,1620815,558113.0,1173747,58583,208532,2115487,1572179,69335,1184239
2021-06-03,276563,31314,704999,1488623,2145585,184141,1908125,153105,3681766,407408,356211,5867792,1627710.0,4289741,,1945656.0,5346108,544160,1280164,246483,72621,2899044,3301122,303789,116359,203777,,500169,356127,102496,2208703,1528108,495775.0,941862,51506,127854,1911231,746042,68503,1346160
2021-06-04,325720,28637,638379,1611244,2126994,339518,1551957,178395,4381679,236704,278863,7375186,1957308.0,4051080,,1837547.0,6199250,489602,733348,260793,77975,3217462,2102502,369603,134301,261972,,440620,289290,93923,2038832,1293249,464678.0,930921,53235,157579,1233294,680715,46691,1390119
2021-06-07,281349,70325,777456,1597468,2390685,255741,1111346,178175,3568720,515726,325150,6800622,1674900.0,6171440,,1753934.0,5695918,415109,969381,297318,107358,3429812,2124393,232779,175593,236732,,736860,372545,63657,2188965,1506563,345609.0,983397,61387,132781,1454281,674706,38988,1466584
2021-06-08,388625,74444,673998,2307921,2470159,242560,1282271,259908,3793714,419874,403778,7967480,2174429.0,6250846,,1541354.0,6922489,456818,1028971,439284,87105,2846345,2439652,556302,125614,382381,,711109,319001,123582,2098968,1969858,499749.0,1108397,102523,280868,2401587,1073466,45227,1841997
2021-06-09,328017,57213,843820,2341816,2455740,205266,1109590,248431,3605690,456822,331014,9498847,2870768.0,4053829,,1308835.0,5054654,412854,985686,378963,116483,2655382,2375938,424470,111122,361582,,377253,237669,100631,1652257,1882247,439363.0,1174869,69362,296265,1398225,978608,144680,2727170
2021-06-10,446088,43164,942480,2060574,2046017,182911,1300015,205954,7401758,332481,373723,9720560,3121021.0,8059032,,2802291.0,5387233,405976,1076519,362808,95936,4602073,2353825,481186,125044,352426,,473564,378962,79453,2367918,1676749,340750.0,1029357,60736,220455,1719794,874982,139336,641648
2021-06-11,475499,66369,978483,1869005,1967469,131380,941041,207365,8293867,286675,439585,13681561,1969615.0,7807335,,3626461.0,5086309,405444,707837,382663,67288,3127278,2133294,316669,169639,312578,,300756,306531,66214,1949651,2254105,554439.0,1035025,53719,286308,1425874,810861,112084,483922
2021-06-14,356227,46365,683219,1927774,1776133,195259,1093509,189665,5543175,356481,602029,7657697,1647859.0,5796902,,2238039.0,6216608,442714,1011805,405507,117693,2631681,2120560,245545,76514,249581,,321052,375344,69392,1510841,2118453,729322.0,935042,38631,370174,1300124,621779,46761,551274
2021-06-15,273718,78820,573768,2394217,1703725,176021,1248131,351411,6375207,331745,622284,7040593,1614835.0,7651775,,2322754.0,5165760,471242,758597,254651,119699,1949279,1970364,384050,154734,303473,,270823,292385,77654,1257152,1834134,712028.0,1300113,54794,255302,1232231,864055,49710,491564
2021-06-16,404785,49759,855248,3014567,2277694,301637,1348477,452602,4830298,538933,866592,10850128,1978362.0,6873193,,1968157.0,6989104,662921,993748,387088,140737,2435296,3688010,399671,162042,453313,,502042,443535,104768,2363864,2121108,643734.0,1381080,67188,264280,1674323,1046088,157122,457508
2021-06-17,492957,93137,1145412,2481877,2393429,249670,1023587,360921,6836743,507328,752584,14808632,2188596.0,7153028,,2221106.0,7216686,529614,847331,359461,123523,3805347,2867920,255184,201413,341881,,317376,601885,76805,2680663,1796279,761083.0,1428128,66262,243160,1503627,737337,229267,602744
2021-06-18,950568,356755,2462796,5421947,5761530,692857,2235417,817772,9801989,1087911,1282975,26363496,5045597.0,13499558,,3988260.0,11582830,1414137,2579994,1529280,279503,7310718,6970919,573188,237627,772326,,1003613,1146748,307687,4532159,4456895,3940352.0,3093145,549608,450798,4041007,1519703,255293,1042120
2021-06-21,467966,143092,905628,3434171,3286683,296240,1124341,279729,4379415,446280,709753,13522130,2399412.0,5875564,,1618102.0,6795080,673584,1913805,385764,88933,4064615,3436962,208070,129788,261469,,367092,350860,107949,1849942,1675128,376635.0,1243844,39002,218805,1700938,974338,90586,527345
2021-06-22,343727,55051,931574,2013006,3400967,251396,862184,279204,4407431,390014,459878,12794481,2035395.0,6214115,,1532452.0,4742175,351764,945499,338346,95505,2741123,2399406,493137,104252,301150,,317901,265714,102037,1611051,1370493,413010.0,862509,45696,241516,1862304,688635,155827,799989
2021-06-23,328818,71720,837942,1885264,4079198,319450,873245,296981,3170322,310680,406676,7698131,1882354.0,6948564,,1572899.0,5467833,342934,712140,310366,142527,3032300,2109991,235778,112339,307901,,474563,286113,156196,2333775,1267210,286139.0,1357266,47905,213612,1988946,925346,167050,455189
2021-06-24,407240,41961,661043,1655578,2420413,394176,983289,312849,2938565,286578,368542,8905848,2185250.0,6235339,,1899779.0,5782755,455637,689364,498815,100229,3555935,2585061,303326,116588,243350,,540114,349402,111497,2190799,1732409,1012489.0,2441481,77178,178346,1859508,824126,214792,748117
2021-06-25,1216270,87613,633772,1570475,1707670,178457,635959,179728,2771666,209006,327668,9177974,2003122.0,5687438,,1592535.0,5919692,365865,934698,227391,104455,2339438,2531395,198893,141904,213547,,318170,281455,104697,1747948,1208488,862290.0,1286292,67233,149796,1300880,895098,92585,540913
2021-06-28,422860,123903,547573,1807851,1423384,165866,902086,194043,3274778,277999,276172,9397556,1746337.0,5484090,,1299162.0,3968759,405200,585662,242232,117712,2592791,2891713,240495,133821,259230,,299810,329615,108521,1787498,1425006,462734.0,1164753,41739,161345,1580333,721464,103261,481224
2021-06-29,596054,92914,555109,2788324,1589632,226094,972402,225075,4217445,244876,361343,7955177,2001758.0,7232415,,2278767.0,5025307,364479,628056,328628,68329,5307343,2056317,199646,134828,283493,,284708,446118,211655,2229117,1619704,360454.0,1254595,51745,178167,1563222,650207,62818,564784
2021-06-30,646415,88371,1464840,3069566,2393813,297629,1609731,267852,6510735,443978,415975,10354563,2938012.0,8436059,,2786123.0,6865528,598184,960016,408866,121466,4613500,3197163,432572,145114,375822,,990277,616851,164375,2240571,2241512,634666.0,1636719,55996,205938,1920926,1622831,99192,592009
2021-07-01,419685,101577,852167,2595816,2437205,189915,1102680,349767,3822007,375662,450347,7223237,1890082.0,5115220,,2012527.0,6029750,486108,1071944,245456,126269,4839448,2198580,324126,162205,259781,,343140,531805,145375,1777205,1502458,606203.0,1157790,53121,190554,1566608,781617,90566,785544
2021-07-02,305370,76639,657099,2089857,1603678,171430,812888,534898,3799149,265134,364727,6460279,1666461.0,5462003,,1818546.0,4775327,542090,968260,320663,72300,4373834,2028429,293624,117566,210757,,280699,263624,111970,1645645,1129703,542583.0,946291,53120,151795,1816333,672954,60867,460450
2021-07-05,244854,49776,451255,1334081,1373519,124165,595548,468271,3203131,179151,231143,4407764,1039131.0,3688640,,1475417.0,3604554,385496,625983,230518,52312,1555329,1690180,162321,77554,163276,,182705,166098,120063,1106536,874408,365974.0,588551,34225,122017,1417268,546722,50275,382696
2021-07-06,359305,61846,704645,2451873,2193925,259659,1509146,280954,6640772,520269,347108,10378572,1729025.0,6382023,,2656329.0,5668303,372275,883374,361930,93670,1983857,3693164,283681,91815,321919,,597356,387689,260309,1839338,1592704,490669.0,1359616,75612,170679,1886160,1657214,75731,596415
2021-07-07,488481,96612,566010,1620221,1795912,335114,1304818,224514,5200834,412012,301285,10554410,2582553.0,7336553,,2949489.0,7923527,392447,757383,369410,89708,2721190,4490687,442732,112200,270661,,394861,363074,120653,2977058,3265335,578303.0,1059013,70699,286973,1293542,1299956,82145,579229
2021-07-08,503211,150833,1528265,3163295,3747138,354715,1435880,526771,5809950,560334,655695,14737454,4064517.0,9681147,,2524472.0,7089865,413832,952118,501882,105559,7205660,4375992,540241,194720,616633,,681629,417311,153090,2552706,2826081,524285.0,2073649,61171,214407,2040453,1890946,129959,737914
2021-07-09,391582,88159,997238,3940116,2792924,286888,1339528,244836,4735272,577716,512595,10589631,2336064.0,7057808,,2179848.0,4959136,402997,1202249,305853,111638,4041219,3932627,388737,174961,390231,,645337,290711,81543,1672486,2253779,612372.0,1253215,59699,176752,1941274,1999193,61685,475352
2021-07-12,270200,89315,597023,3041209,2211517,179658,1098697,250225,3321912,281318,334221,7028325,1794548.0,6727694,,1434069.0,4217449,295349,806210,274440,136226,2780632,3248098,187259,101873,254450,,370762,1103779,87127,2563255,1985870,487858.0,931422,42218,170042,1265239,1170569,54561,530539
2021-07-13,319100,75979,690273,2333015,1981995,206845,856893,343593,3965308,327944,441630,7994517,1508870.0,6544165,,1242871.0,4270644,389757,882320,438102,83990,3709882,2395746,286334,101421,250130,,322830,1035260,92575,2097464,1928010,670966.0,1090004,57474,229924,2536450,1022825,91443,360684
2021-07-14,313684,72994,534117,1624218,2214266,254582,768276,263550,3432306,350619,322544,6162226,1344226.0,4918321,,1772595.0,3568645,342799,1477452,297365,57019,4730071,1989477,220883,145479,261550,,241814,701630,66871,1760288,1420411,678867.0,696102,43985,138927,1070790,836129,58630,405050
2021-07-15,365907,87937,589900,1852286,2216987,251237,980301,222534,4521472,390000,309552,6507304,1610868.0,4622409,,12863936.0,11371265,332761,1309814,236700,71973,3983023,3016690,329377,127945,236823,,338944,742767,114521,2640604,1388086,341243.0,1322169,39275,180219,1074341,941967,65366,837726
2021-07-16,474426,88249,947479,2378716,2397331,195110,1065522,203855,4138047,469490,387234,7878992,2569600.0,7000971,,5381301.0,5938423,357700,723557,482848,87107,6162670,2596183,313944,116025,309644,,289444,612156,97313,3972466,1923468,520039.0,1500052,33770,185022,1356048,1079565,95387,655673
2021-07-19,575105,228631,1601686,4385855,3755161,212604,1660061,271637,6696745,526252,451263,13147292,2707118.0,13197311,,3562675.0,7637006,444528,1026441,376056,192735,7347119,4067435,344111,277332,815021,,468130,480557,165490,7094083,2511736,622280.0,2075326,52708,169476,1961099,1767611,153411,556143
2021-07-20,412825,131294,913141,2839162,2647199,332682,1212228,338490,4695230,403596,328991,9533118,2192510.0,8960821,,3078424.0,5054515,385289,1109298,414174,186638,4127083,3350883,312761,170768,597889,,487338,578483,214073,3895426,2334814,513206.0,1235949,60860,211379,1233299,1112940,82680,813810
2021-07-21,449568,91221,1246530,2875831,2264485,136830,1134607,368182,4143493,486692,292016,12853777,1707208.0,7491821,,2556870.0,5873724,515342,930320,354480,133964,4075117,4678216,325973,156719,657844,,438600,506715,277810,2730424,5332871,681853.0,1312139,83668,154698,1410170,1127166,66117,1838709
2021-07-22,251865,81734,589094,1271208,1555488,206433,710635,315362,4789499,490479,346448,7669098,1196525.0,8067975,,1987790.0,5590501,349833,1057644,360385,71400,3969676,2923648,240854,124458,249359,,326659,573849,97931,2219175,2462144,435597.0,1486985,60136,191970,1502558,806131,44553,557377
2021-07-23,309925,148557,621651,1486785,1734624,209451,811596,190113,3468528,690821,399902,6197526,1796964.0,6462014,,1792067.0,6238689,410872,715315,480832,53596,3456547,5627327,344260,135474,242583,,361439,464634,143203,2906668,2471929,499702.0,1103431,41829,124727,2986685,1089503,62465,444156
2021-07-26,312113,85713,475414,1324409,1494920,144573,839394,205218,3982290,444250,235437,5411904,1295907.0,4415202,,1460084.0,3329268,355071,458025,293990,56084,2373347,2823587,206250,101931,241186,,899175,437179,97092,2410697,1433898,551787.0,697210,52964,112977,2225004,715511,37985,414169
2021-07-27,365207,61597,494611,1513181,2741719,269056,1037576,208752,6262184,373091,310472,7359198,2197901.0,6127064,,1278056.0,3169058,530910,835774,405892,88644,3015539,2845684,171323,117772,273795,,442148,423667,82125,1398982,2046209,621962.0,1011298,36744,169611,1348647,904664,44190,593585
2021-07-28,323602,117103,494916,3490729,2267336,192361,595391,160800,4807823,288296,1135479,17217694,1899456.0,5221055,,1583837.0,4438896,300859,1125335,294713,60623,3588155,1960085,222477,151694,199530,,320013,275070,96932,1367855,1633467,712829.0,965513,30473,170178,1675438,716698,37585,466314
2021-07-29,304494,240233,491856,1871530,3942167,173451,677615,282867,4945711,316644,448848,12214302,1948129.0,5385808,,1287198.0,3984401,474091,816823,281028,93938,4333300,3186973,237177,156355,220380,,453217,320901,125725,1972295,1500665,810466.0,843548,31031,151702,988868,1260668,63641,491258
2021-07-30,490307,139047,768165,2677146,2977898,367707,1096073,271731,4708995,341306,501667,7536586,4216655.0,9139254,,1948705.0,5298449,1609683,2310315,313570,135300,3990289,3331215,180640,157581,301126,,343881,677946,89252,3210594,1969600,791493.0,1549953,50905,250709,1565783,966219,57512,867332
2021-08-02,408387,90323,5205191,2023831,1800973,262211,1046991,246654,5246905,281521,396323,6881800,1944487.0,8180575,,1992769.0,3999737,944422,1446586,211305,79485,4778021,2728019,209720,127829,292600,,395197,432902,100928,1467681,1303217,716010.0,1393762,35906,140676,1766784,799631,63463,590520
2021-08-03,482689,131004,2073588,2177323,2388143,262456,2859568,327164,5304475,275480,362679,6250641,1607338.0,4266686,,1456635.0,5042956,722891,1536067,241251,130022,7873359,2069037,219526,125562,512750,,357458,514070,153866,1673378,1416262,687828.0,831225,42965,220356,1187627,642482,52789,600662
2021-08-04,891268,94088,1835721,1647430,2505219,310393,1556191,301761,18209417,374399,357286,6161044,1390132.0,5423211,,2691463.0,9538135,393314,1000084,452257,88396,6575179,2209851,230154,110006,286794,,316025,385187,120500,1885503,1584403,677689.0,1448707,48765,213362,1301814,712602,146555,472810
2021-08-05,947341,85791,1213046,1937663,15176323,521811,1490844,189728,7605507,836421,289859,6496722,1857721.0,3718272,,1726836.0,5278456,454187,832873,764579,135420,5957723,2020044,563632,117830,433289,,302961,495742,191705,2591164,1624362,594628.0,1733228,55145,370805,1137538,653051,118491,2005510
2021-08-06,583472,73236,1473919,1293297,6781173,208542,1009130,164250,8117206,408829,328079,8765173,2143707.0,4771364,,1830874.0,5119512,322327,495221,346631,116907,4577269,2009769,502569,103618,345849,,369012,304929,144084,2544451,1218718,439284.0,1132432,34324,281918,1382062,595468,81395,728588
2021-08-09,384537,74720,790348,1096326,2876188,467811,824264,230923,6089413,287065,244714,6774371,1320244.0,4021429,,1686532.0,5488115,742201,625526,263328,72569,2955382,2253593,229152,144829,251442,,293111,259035,112682,2434926,1165047,404373.0,695242,29427,150173,901154,513688,64087,472011
2021-08-10,373833,102278,621341,1300082,3400191,214380,646912,293608,4538478,321932,201500,5201392,1333573.0,4011561,,1456794.0,5148251,418596,520132,332283,62511,3202098,1566928,343047,140775,344285,,325484,268139,103168,1806110,1113410,449947.0,637083,33922,182964,873229,516369,53318,411025
2021-08-11,419940,60419,723301,1807566,2720152,195513,763165,334311,4502277,301131,313028,8838849,1542881.0,5869791,,1936811.0,6406256,566929,593535,315212,77941,3352228,2025237,277124,197521,440500,,210567,307247,80887,1398767,1445962,291650.0,780929,34199,140990,976333,644887,48811,494288
2021-08-12,539373,46458,740297,2088412,2894116,124364,971005,223019,5276607,241988,362211,6408663,2042598.0,13209114,,1195417.0,4621905,414036,775967,931623,91560,2997484,2323510,305875,103519,441320,,338614,308129,124109,2167911,1512253,405098.0,1173231,23409,223432,1180934,678240,59685,499029
2021-08-13,639851,44776,615456,1699808,2526703,135453,703805,162071,4207532,310725,219610,5338983,1324959.0,6203694,,1401676.0,4361552,328159,822913,629608,89422,2354633,1598599,314740,94967,376344,,293112,195999,102162,2014397,1152899,269647.0,893991,18219,131963,1217924,659112,41268,559355
2021-08-16,360842,50092,613408,1851874,2118188,156352,849241,152029,6230464,272719,259718,6134001,1696981.0,8491250,,1192560.0,5457092,295629,847724,689421,85771,2259723,2181997,315351,103691,306798,,328104,350258,83232,2049517,1185314,329448.0,865149,28759,124998,1197747,835295,44321,310321
2021-08-17,275059,124040,863447,1464551,1841355,251082,1033666,154786,5481028,399729,247132,7199752,1668819.0,8154614,,1284223.0,5530476,347070,781464,927826,72767,3014429,2568863,314760,77137,332515,,499295,375984,64972,1800422,1522253,385979.0,795439,35196,130706,969036,733392,60906,412175
2021-08-18,396460,70452,837334,1375275,1975820,183426,1366350,203068,4606310,274454,381686,4091441,2873368.0,6849642,,1429349.0,6305896,271971,859626,607705,79246,2662105,2943011,324365,80402,313513,,663845,320974,98045,2383943,1194331,449870.0,872901,37434,120478,1297928,1325533,120861,485867
2021-08-19,563314,178511,972872,4719089,2457124,236416,1743934,318045,4748778,468638,521403,8265991,2391976.0,9772510,,1463968.0,7368657,479796,1007328,531192,82799,5481175,3930087,371937,125223,415283,,541184,406294,143429,3746270,1773882,932796.0,1235186,56216,139549,1269053,1197275,124272,488146
2021-08-20,413174,65367,732482,4242856,2566851,131868,1731505,114500,6142638,319383,286214,6319613,1508114.0,6270847,,1041453.0,5262428,306147,776623,355032,72663,4019961,2710244,321210,127658,324588,,461757,236380,78894,3755257,1172691,647232.0,1115231,50664,110835,1124807,1161894,54012,348851
2021-08-23,324089,74044,576945,1914354,1569913,116288,1640966,167604,4947253,373743,192284,4745044,1368073.0,4346660,,1542572.0,6507908,259056,485859,368917,46014,2296920,2649217,302504,112364,206495,,379537,292248,115196,2363067,1012707,451855.0,717459,33534,104827,1167717,646747,64852,369436
2021-08-24,266964,65917,573992,2512069,1653859,158314,1257941,120925,5215613,248761,255669,4969739,1056728.0,5645615,,1490970.0,8164683,280457,412114,322600,72348,3025896,2442814,314032,130818,156388,,415744,285842,172277,2012217,885275,319775.0,743225,27314,105355,1005783,786125,117795,299905
2021-08-25,315840,203536,488980,1254464,1603747,195080,812763,165573,5123342,205514,231262,5139180,1350065.0,4178896,,1735426.0,3910040,434573,777895,316888,63975,2916009,2219826,195516,179271,187908,,320632,242257,82811,1418970,834928,555378.0,658822,30433,147140,1188644,559333,114204,350464
2021-08-26,351039,48905,739191,1404408,1960640,155905,1194444,181275,3288452,280297,188410,8828675,1309666.0,4265841,,1155925.0,4615852,437932,645038,422782,48467,2526389,1839595,278716,130096,174843,,245214,385316,102862,1552572,1110818,552467.0,900518,46901,135725,1106401,621505,66915,228805
2021-08-27,247385,52987,569990,1215087,1068979,190137,743213,165339,2487835,260714,196512,6693828,1128005.0,3115172,,1446988.0,3696065,350921,525435,378329,41153,2637907,1469640,209965,157311,180075,,260080,369287,113846,1062092,986245,330865.0,810178,35265,293892,935506,458406,77421,280262
2021-08-30,276156,57100,475050,1263113,1088525,127051,1169183,158709,2472595,167074,198948,4527542,1002342.0,3025744,,1103759.0,2235051,303446,536701,277963,47041,2659332,1655412,140908,52933,202467,,325058,196581,130582,1065145,874691,345608.0,576943,24034,114366,549624,305524,42945,240483
2021-08-31,694581,96389,1245758,3787461,2858423,250988,2253954,334168,6737651,478160,561305,7683284,4690954.0,13886491,,1996378.0,7251472,524856,1495873,580437,156194,5783668,3451643,522747,224783,469239,,560408,645868,148940,2491241,2579532,1647385.0,1935027,77869,334774,2657110,844760,96166,994193
2021-09-01,499932,152295,925196,3732846,2621340,160391,1310032,230995,8375499,582052,308423,8028359,2544765.0,7961656,,1644608.0,6292194,441973,767551,382261,138662,3510833,1953107,261181,204318,261871,,279415,466619,156584,1714069,1500118,654953.0,1185320,52704,284998,1609825,664934,62436,339681
2021-09-02,264864,63571,794700,1693540,1379207,186319,808924,187137,5005796,305062,232845,5057896,1978411.0,4090215,,1590782.0,3646044,442725,748256,484092,67368,3154012,2276351,279831,100772,230579,,442393,294026,85259,1183772,1178571,483020.0,949822,38626,234100,1320346,687429,88843,487772
2021-09-03,413801,117054,688291,1880540,1854833,167522,1009621,213957,7069978,284429,229628,5587385,1581458.0,5976893,,1528769.0,3971285,282357,743858,474792,117759,2701838,2062360,205870,154747,244434,,439368,318514,101504,1478055,1184794,583666.0,1440430,37899,192883,1720447,566843,67719,315540
2021-09-06,200757,137828,650617,1531291,1192043,147867,588953,243093,4150947,361136,156673,6424293,1326057.0,3067427,,1092947.0,2902184,164241,563970,240869,85423,1841295,2398664,180079,97408,265349,,402018,447979,134094,1240656,882994,421550.0,1250348,30025,205758,1632954,446084,78625,293261
2021-09-07,280461,142119,618194,1450674,1581965,191218,1024387,211589,9618962,330590,273093,6205259,1318947.0,11395385,,1641138.0,4581716,298727,743205,361710,126538,2148742,2132096,254861,129448,237246,,288335,341448,127659,1629606,1093209,333714.0,1212642,28083,301286,1307823,591998,69630,329037
2021-09-08,409351,112014,978114,2737824,3274794,231776,1368573,227923,6940233,462378,365587,7894023,2551250.0,9394629,,6081550.0,4723174,358195,950642,445930,146735,3175172,3945920,289503,200187,270408,,478526,335531,192365,1709743,2228049,886969.0,2089428,40728,408524,2297055,1393820,78587,487759
2021-09-09,354343,107624,1138066,2620023,4477229,293507,1268472,205546,5731200,631437,226081,6868521,2037813.0,6690881,,2778164.0,5157775,382195,935456,893671,140689,2902938,3170969,411632,279649,356463,,343915,355100,214455,2063289,1450761,539498.0,1421489,37758,236441,1609241,891759,77184,262847
2021-09-10,450396,155004,895585,1493458,2733363,181185,870239,255741,3935534,468242,247440,6873800,1669453.0,12900162,,2523257.0,3864344,986449,1817130,511200,215038,4939399,2724702,261225,128854,295587,,342624,357079,144309,1515274,1133270,589344.0,1334073,37475,212697,1428002,667590,87152,409590
2021-09-13,425301,119378,860227,2131987,1864109,200706,1523795,178426,4053822,704295,344036,7597262,1625606.0,7170322,,1753618.0,4528256,435137,1084691,374506,118869,3560367,4162981,253488,243926,209413,,318826,369995,114505,1980682,1269460,580142.0,1372412,89703,175675,1494589,645719,53853,822315
2021-09-14,508525,121302,1054612,1944671,1769140,207071,1221496,314289,4672309,556796,285821,7194384,2018152.0,6916830,,1534664.0,4135908,421844,1060467,436655,135264,3407245,3736886,479004,156050,256958,,295813,335107,103361,1998628,1524505,742239.0,1526494,45940,153612,1726548,595035,99481,385239
2021-09-15,835208,109433,1232759,2460130,2382083,195737,1726674,372161,5110109,667347,355414,6353279,2809650.0,9332839,,2128876.0,5449789,868327,1215698,434400,117817,4750999,3156383,286708,121758,257948,,331926,502312,129163,2991997,1885267,482040.0,1303028,55992,200284,1598820,682473,107168,467962
2021-09-16,443625,289067,1037740,2427116,1949028,224025,1368105,359356,3584681,1970056,324436,6523193,2341255.0,5432500,,1862392.0,7894572,463102,966151,513395,116860,3769926,2955286,353565,177204,240922,,434898,591285,147118,2439839,1511347,658778.0,1802623,71918,206136,1751509,849069,119987,845491
2021-09-17,1208464,6012371,2767644,7740627,5719644,1205604,3110288,2576152,22268486,1445032,1283666,18982897,7913540.0,19213953,,5185641.0,17574135,1321159,2647590,1288456,696968,8857609,7890973,910646,532318,961222,,2260038,2745039,554245,4241961,4934618,5186694.0,5281924,382210,1868566,5776408,2548512,213543,4025157
2021-09-20,764303,739418,1997772,6134904,3889600,346678,2263689,383318,18006160,1048018,604910,18307663,3099555.0,10135208,,2368986.0,7991624,613974,1218740,711502,202336,5375017,5583554,494722,335528,614715,,1208591,474885,187321,3137628,2468968,1046545.0,2219702,80156,481846,1736562,2420419,92968,793576
2021-09-21,554986,310806,1329050,3044255,2365800,381185,1281674,322904,8594848,566219,527537,8641167,3396588.0,7835795,,1593300.0,5863885,455173,1100567,696322,116800,3273840,3127718,293941,189357,344813,,579964,412926,115868,1649024,1851459,585862.0,1434648,42241,272234,1341023,1062608,92366,746196
2021-09-22,394626,185448,863476,2127372,2429591,210438,1232081,194845,4898577,458451,301350,7997731,5045053.0,4371091,,2007282.0,4968832,764672,969505,484351,67140,2491171,3347861,316863,122122,330849,,346513,418800,132386,1949116,1246282,578508.0,1318859,41615,175289,1612259,689561,81896,837545
2021-09-23,530122,286682,854490,2281284,1810831,157763,1331540,324735,6865516,1082957,284511,6943735,2786274.0,7946665,,2239365.0,4643416,515371,1106439,485260,70082,3419183,3250192,259745,152215,240688,,321967,360523,176480,1743175,1586842,469023.0,1262254,51721,171663,1235266,790011,80736,637108
2021-09-24,921126,241055,899016,1686863,1600822,154369,909760,325952,8331718,426244,259071,8388269,2658373.0,4931377,,2189259.0,4543525,409318,848422,429729,54989,2739422,3152656,371225,147674,181038,,310867,294911,154727,1464641,1514907,596060.0,1098121,44490,201052,1437594,543146,77177,573990
2021-09-27,556021,236038,994812,2587916,2450027,266822,1303448,313589,8770617,415086,268152,10702579,3868882.0,5014048,,1719328.0,4149812,393590,628714,538156,71853,3787641,4125421,419845,221083,244767,,374060,331551,152043,1610064,1471704,1030251.0,843673,61035,302722,3569471,879267,52399,716290
2021-09-28,1104101,328276,1300485,3525382,2788071,473564,1934260,399500,9227576,586387,411077,10523422,4623073.0,6772227,,2077793.0,5864768,517826,1043522,508996,83036,7229517,6220865,557552,191702,308836,,458691,447788,136433,2046927,2398108,1041133.0,1480411,96649,342844,2034150,1022076,91349,754985
2021-09-29,660964,294475,861749,2520325,2396947,281188,1600490,307574,6448959,416086,300038,6781772,3673507.0,6296631,,1604812.0,6516035,340659,577283,436438,80102,4087691,2698406,357420,124061,217860,,432243,349517,124048,1386797,1415918,1015377.0,1093244,54146,214216,1094239,1075025,137583,666462
2021-09-30,683762,329758,1252221,3206486,2635111,421752,1558858,410072,6263932,365683,412164,7523651,5469333.0,9989810,,1825496.0,7936038,443469,988925,485699,117812,4716203,3510584,496971,168599,276451,,310367,398758,208262,5046683,2184117,1011420.0,1614024,51833,303439,1784322,906018,175647,1403358
2021-10-01,530320,446478,1022275,3023397,2198348,319540,2064447,280489,6457182,447025,503649,8422255,4381228.0,5598305,,2399982.0,7489737,448092,962589,502750,76554,4289817,4364989,433023,138275,234022,,417628,620602,151966,2041118,1766822,1069719.0,2008389,109867,335236,1563695,910130,104138,831162
2021-10-04,733630,366948,888272,1764367,1721690,250873,966428,457271,5288661,418041,286277,6977645,2917287.0,4708908,,2598010.0,5393587,405765,637098,338787,86335,4508456,3119630,370678,185056,424948,,383237,591662,164294,2088721,1417453,802521.0,1157468,65809,213805,999955,684983,61810,754891
2021-10-05,547329,335029,871770,2398835,2251305,190762,942612,340234,7720013,418860,321951,9004704,2823137.0,5606271,,2656403.0,6660963,384296,904949,361725,94263,6669926,2591501,260746,102603,220926,,383883,588289,114608,2803706,2403919,580150.0,1096523,58197,187192,952282,543451,101466,626773
2021-10-06,673014,456685,1024146,4037481,3975407,276479,1710893,359110,11647338,524490,536497,10851967,2796451.0,27201255,,3347033.0,8067958,365265,1332633,570380,76634,6362839,4142643,368695,271046,296554,,725634,620399,192145,2398851,2851529,610941.0,1433257,65592,313902,1491300,1012196,105449,741157
2021-10-07,539431,254254,1077837,2862561,3067970,308517,1418603,212606,10904200,555286,367465,15275510,3903026.0,12183317,,2211456.0,6477555,348129,996838,438219,177301,5143780,4517811,337712,161987,256453,,507328,551637,213837,1905447,2055448,499762.0,1332132,58928,325605,1179975,1019493,89146,810670
2021-10-08,503258,258110,693738,1942204,1948067,205362,1213523,400163,6645220,575531,344933,7983614,3152319.0,7846841,,1991503.0,7382161,317477,1165927,245187,83378,2744520,5255271,193310,148449,208725,,401129,309554,163829,2736708,1554844,519453.0,989993,55619,190057,1906261,925132,73097,535903
2021-10-11,414851,208890,591468,1576288,3141349,149851,1598749,219144,6455363,388967,253955,8818043,2876590.0,7031556,,2586326.0,14626574,431122,971299,255484,75891,3127710,4688160,244018,183948,163840,,337759,265715,100909,3234564,1871141,409093.0,1120693,41136,228237,1860112,564142,56294,734661
2021-10-12,409230,249115,780292,2431901,2603595,163671,1304012,286277,6209242,371723,278358,6303353,2165256.0,11559070,,2000948.0,8231792,509334,766982,423885,66124,3520288,3397974,362951,268935,191905,,455022,532032,60896,2026240,1413405,466764.0,899223,58682,171165,1374140,779256,62498,938497
2021-10-13,538446,283395,953889,2169185,2863167,253980,1014845,299784,9063005,405677,298406,12191740,2359786.0,12562036,,1918884.0,7509546,403328,676114,506060,63478,3845352,3272879,326466,185848,257801,,957637,389621,123807,2253864,2810087,614197.0,951485,82489,209861,1225841,1280551,84127,769366
2021-10-14,803779,259683,720604,2216800,2595365,197033,831858,325198,5334886,283366,330683,7062033,2441706.0,10181989,,2144470.0,6816084,464605,1151412,431593,116731,3782548,3875226,250843,181001,200262,,306158,354979,120511,1711282,2315709,526062.0,1147512,55149,243353,1420266,739485,55173,904099
2021-10-15,897675,320029,1071015,2476482,2973506,202563,1307758,419443,6334454,365634,340796,9418037,2898432.0,9202391,,2986855.0,11294890,447684,763595,463828,49818,4287043,3223187,268173,324564,261036,,595891,391991,167385,5783083,2348754,449499.0,1515476,63313,225957,1840890,980498,152511,527734
2021-10-18,530549,191000,650354,2210466,2900402,188796,1022068,192500,5134027,417451,272110,6789564,1946416.0,6120739,,1256517.0,5029526,461759,895759,424753,87898,3055280,3159249,197815,207167,171445,,491785,314052,126208,1965945,1526983,447367.0,885917,41510,166430,1091318,957300,49310,351769
2021-10-19,449098,282998,492289,2017089,3984741,245464,1013245,199242,7181788,484632,255864,4951753,2797272.0,6478640,,1283951.0,5268476,335782,625214,481725,84935,3458559,2164070,238589,296043,593729,,335909,317896,81661,2055556,1373384,705420.0,836644,57323,144525,935415,897438,54580,534572
2021-10-20,467061,226797,721642,1951333,2975899,212178,1537684,232547,4738132,468737,669437,7833347,2305777.0,6545089,,1613205.0,5421549,369025,913048,445834,76936,3457413,3012913,332196,391018,315372,,516775,375379,129418,2058294,1507617,724847.0,1024016,81479,255593,872683,2066097,101597,465862
2021-10-21,600146,195183,624934,1900695,1970574,337145,996665,260661,4736693,351170,345938,10709243,1738999.0,6202597,,1126014.0,4351883,319700,1038333,468847,65040,3521327,2341119,391657,316096,247124,,801800,356393,113952,1486128,3399345,968077.0,1319336,79943,228106,945994,1981651,54776,587107
2021-10-22,508520,232297,619141,1820061,1491925,352886,971980,263720,4298344,824066,315616,7274947,2030278.0,7832020,,1366925.0,3608876,440759,732693,502641,99844,3931953,2162956,256402,147433,252838,,445423,253017,84603,2626237,2058572,395266.0,1290616,60372,194749,929760,1087852,59201,552747
2021-10-25,348879,348196,534315,2000692,2017128,183367,1491635,264944,5861903,627663,252041,7337308,1412966.0,8624215,,1506298.0,3795479,440424,1150056,598669,76506,2581996,3560301,240136,225861,187202,,860093,448019,117796,1629033,1803154,378960.0,944151,44737,230320,733745,1773805,65022,532089
2021-10-26,384030,293774,748563,2402234,1993027,202519,1190398,168073,5123703,521313,274127,9472890,3034126.0,6910156,,2197570.0,4039962,1241858,2776146,460508,101819,3154108,2595040,214636,235994,271940,,624782,339752,104539,2057844,1670242,595064.0,924302,55797,379146,1088187,1107804,56945,504629
2021-10-27,464781,178253,557944,4044880,1798749,450145,758432,232341,4883443,319780,292458,27512703,1837210.0,6366730,,1183037.0,5048730,672295,1598624,388674,128406,3844155,2858244,239031,135383,341304,,339102,574592,90772,2025101,1321884,674971.0,1009471,36533,336176,1017547,793633,73049,394426
2021-10-28,515450,270481,608179,3299884,1673032,2412857,865069,187240,7331646,283039,207064,13528597,1531161.0,9470774,,1820864.0,6382972,447237,1061274,230503,102687,4322540,2372841,208068,159716,223870,,617080,434373,327548,1459084,1431137,567012.0,1042999,31035,253038,1819753,1442631,119406,547781
2021-10-29,666506,232902,907630,3567852,3379273,673365,1452431,379275,5885538,340702,349746,9250019,2841424.0,14141243,,1971893.0,8711270,980732,1928450,533358,84846,4314578,5260178,256292,323346,361623,,427655,1518248,159065,2008145,2257379,1228199.0,1787891,32986,283504,2641407,1222250,63645,757187
2021-11-01,469451,205924,549184,1879961,2146690,384234,968616,163741,5417478,330229,279553,8728806,1470386.0,6964640,,1163534.0,4495025,611680,1113031,298156,51085,3327980,2778156,185225,289420,208101,,324322,515810,95592,1380329,1226001,649251.0,790979,37580,247265,1222635,676132,90256,457931
2021-11-02,442894,240429,545263,3963943,2871038,381839,827849,336984,5093320,332721,267532,8361526,2079342.0,7135448,,1914002.0,4534422,1115121,2454357,532187,72690,3897957,2883037,232129,185476,206404,,446535,658850,100009,1466533,1597060,593392.0,1442843,35160,305485,1414332,891651,68244,746602
2021-11-03,556543,277374,726067,2088993,2334202,225384,1766650,260039,6337433,390404,272315,9520142,2137009.0,13658510,,6076612.0,4420344,961741,3130852,665678,102751,3384838,2530050,257846,159184,261293,,631659,1295861,189237,2623488,1550006,1091675.0,1036270,41122,321908,1330258,2504670,77818,2546360
2021-11-04,514607,343232,907538,3313692,1972173,422179,1405533,894522,18709003,506641,404654,15159427,4232425.0,8824001,,3615028.0,5314507,696696,1509764,507063,173889,4007788,5210652,329815,117013,239320,,557630,700334,113260,1823594,2172732,1358398.0,1185878,50856,285797,1445711,1202769,125602,1124844
2021-11-05,526702,576427,972631,2840841,2279876,276426,1470209,681367,9976490,363290,332123,9489772,3024053.0,9748005,,4622735.0,7496330,1023312,1743706,683173,110842,5574525,3141992,833681,369773,291473,,482804,1021522,221056,1716909,2180452,891036.0,1347564,170370,331493,2478993,1204318,80275,1321455
2021-11-08,394564,260003,556567,1965865,1919857,256294,845001,345625,6533965,276249,260851,5700175,1778045.0,5553701,,3745805.0,3833263,602512,1043732,1959362,84021,2559538,1759762,378638,200803,212732,,416660,412738,153521,2340202,899419,668487.0,991558,63344,230753,1904459,976718,108812,621013
2021-11-09,480685,235918,748669,1894943,3703576,185119,903644,323692,5651943,720754,238350,8588143,2158360.0,6418958,,2978858.0,5434697,878201,2832202,1029253,69912,6912922,2130057,213072,213360,590132,,702386,300332,104703,1767384,1126756,567441.0,954116,34009,156756,1669524,1140770,111927,530416
2021-11-10,1519004,183514,1031407,2092611,3201356,228121,847559,338226,12118088,605539,308010,6919634,2127155.0,7581151,,3654649.0,6618815,511944,1339285,572956,108223,6500098,3088772,237236,148323,294238,,365785,539355,77319,2238715,1354462,631015.0,936384,62643,294255,1662443,915458,104034,647050
2021-11-11,717180,278348,688260,1830414,1991999,377065,993417,243837,9308337,640420,249336,5840942,1705006.0,6594176,,3910680.0,6932953,895850,1283789,475189,80043,3461856,3433829,251122,188330,219997,,664481,464374,72739,2863599,861715,488290.0,2613160,68804,148490,1337704,905464,92149,687955
2021-11-12,757975,311460,618568,1985327,2247535,267883,960929,438076,4524134,509057,334985,4846393,2133503.0,12674711,,2257371.0,6090451,721441,1413662,639453,79798,3243669,2291844,420681,156008,276533,,655798,490263,103261,2529331,2238636,609082.0,1992870,43291,195966,1901429,846357,77571,588603
2021-11-15,354956,323178,476193,1743352,1711118,209445,862865,137120,5364498,412552,231573,6568912,1385979.0,8606709,,1705387.0,6672182,455308,908988,430783,62551,2533031,2203615,283503,154077,126938,,371829,340295,87942,4803222,1323699,539416.0,1347215,46432,232470,2522038,853903,48574,853856
2021-11-16,403686,299766,580782,2274925,1974335,179841,1018397,356427,5731426,534579,225928,6400562,1686910.0,8170208,,1800186.0,7928786,537387,1067840,530267,43442,2529127,2856047,271101,174056,212089,,469733,2302654,107319,3374672,1248941,367182.0,1346353,38401,188259,1543533,811395,83066,554013
2021-11-17,331775,269706,572885,1658952,2509295,242881,822593,284726,4024734,325291,340168,8505961,1755376.0,6598125,,1490470.0,4317829,744587,1958616,471519,61267,3470431,2439189,236742,197487,201595,,499583,1728572,82866,1502079,1393879,1381240.0,1388998,37128,286452,1009037,1034294,55804,721529
2021-11-18,605217,341271,643700,1950914,2286031,259818,1141842,306404,5803307,1531056,266871,7928517,1726801.0,7607565,,1297978.0,3931197,644622,1617456,817799,57506,3496905,3773730,267983,502933,285976,,473715,719185,86613,1932899,1690303,1183381.0,1192685,42038,224193,1657967,1174134,65018,608758
2021-11-19,694501,833875,1532741,4794843,4544149,358170,2007293,364046,13590045,746481,604879,21867321,5044210.0,14198467,,3066443.0,6170163,902465,2463968,819968,87614,5082650,5416901,406726,540943,585845,,968008,744876,123783,2702547,3301394,928575.0,2542424,83757,338910,2380688,2004212,61922,1618140
2021-11-22,469659,422610,673609,2072836,2693431,357035,1208270,367441,5440017,425021,415182,10295063,2649748.0,11644445,,1985053.0,4697950,771337,1522453,595817,66912,3010466,3033320,317936,288455,329333,,581422,565520,89410,2176262,1746585,972735.0,1145768,52972,249096,2940981,1222079,119109,1026153
2021-11-23,688503,424200,621514,3728209,2711486,291045,1204668,488325,6933489,365026,355206,14866248,2819708.0,10850643,,2823394.0,18995559,520931,1724591,586066,51651,5367449,2865450,332981,199758,288910,,604677,540906,110716,2381187,2095330,975332.0,1273420,60594,355183,5423016,1210550,113714,897275
2021-11-24,661656,479307,823477,2891475,3460615,218464,1403839,396746,4129604,441327,390594,16356050,2242931.0,10930448,,1718282.0,12162187,446449,2747256,596198,69119,4364470,3682508,246139,342304,397269,,731325,763857,104348,2135042,1890121,946214.0,1199998,59452,289027,7132454,2046900,97892,879662
2021-11-25,496740,243243,487256,1940143,2009929,337665,803234,229654,3412831,255472,349591,8793212,2319461.0,5537588,,1860895.0,7780276,405195,1284217,259016,45666,1934948,1530625,233446,220366,207104,,545922,358847,75035,6345603,1075091,557312.0,799414,34677,252811,4676477,845089,64101,668838
2021-11-26,1269912,1746659,2462579,9351929,5036499,455106,2597218,665984,10864848,735946,690631,22453286,4166990.0,15869433,,3003160.0,12748878,1096175,2604307,720543,133436,6048234,7674920,473102,770643,973989,,1301565,1910251,203484,4466383,3677375,886910.0,2713204,116203,357521,4846818,2657035,150746,1402013
2021-11-29,894071,769429,1365156,4154583,3396678,523651,1759480,576697,8100885,812193,486840,13389305,2932975.0,12124516,,1928698.0,10607057,764157,2329490,605859,132045,4442572,4625902,412218,570423,508179,,723619,770963,192599,4025080,2682604,940831.0,1624422,81997,421221,8920401,1471035,93597,786870
2021-11-30,1269345,924318,1831342,6405668,5823669,609479,2252523,892561,10486352,1030555,1046784,14952686,8683860.0,29812680,,3682426.0,12772722,1116295,3288384,1177059,212734,7049060,7133155,700142,471026,798285,,1189083,1050287,289909,4239535,5904555,1636719.0,4683666,271050,1566973,7583948,2367509,114398,1495917
2021-12-01,729061,722827,1184705,3233389,3425864,373340,1482489,440331,6601610,605355,480205,9992083,3027452.0,11201813,,1954210.0,10142203,726892,1996862,509557,104817,4324908,5023572,463384,293777,414089,,882074,769799,141840,2978153,3108716,761215.0,1553916,106825,396669,6882958,1985949,202543,901003
2021-12-02,757037,506926,1034946,3130377,3055218,305108,1325406,381914,5218790,605065,592283,9779658,3903762.0,15805115,,3069326.0,7270423,568516,1623300,592521,78026,6486527,4551161,472670,326412,316099,,703176,881141,161563,2502339,2562336,752547.0,1741274,68521,348259,12177870,1243580,195172,1013946
2021-12-03,782969,574437,1477409,3381666,4169355,331962,1385089,336058,4867699,718575,599102,10084663,2668739.0,12478087,,2422519.0,7502131,626558,1723037,514521,75783,5044298,4076334,432649,315415,328252,,632614,577613,102274,2542363,2543198,1050469.0,1780441,69597,285343,3540052,1167862,140130,940270
2021-12-06,584859,492343,1043497,2675906,4171772,348142,1100120,300082,4441139,629868,574661,11810118,3028322.0,11158805,,1399749.0,6942649,744924,1977592,456284,83854,4475332,3377348,341694,314135,318944,,557632,517189,111932,2611745,2472737,595583.0,1343273,60989,298163,2344874,1435998,109177,892895
2021-12-07,0,0,0,0,0,0,0,0,0,0,0,0,4138130.0,10390502,,0.0,0,0,0,0,0,0,4490188,0,0,0,,0,576096,0,0,0,0.0,0,0,0,0,0,0,0
2021-12-08,405021,662685,739784,3660057,2628899,329511,1338471,450871,5290761,692519,797284,8235012,2428398.0,8484758,,2193317.0,5582991,699357,1524638,458340,67888,6500680,3998665,399998,358097,231691,,1388135,755919,168678,1953019,1721052,1175149.0,1229100,87873,267875,3587021,1300080,128638,641658
2021-12-09,357998,263708,527951,2379735,2204413,248460,1050166,213160,4373387,543138,402541,9418780,1873073.0,7242371,,1825441.0,7205213,685094,1008270,347939,53974,4118156,4156361,355254,205996,218493,,857267,585724,123159,1557224,1302502,835708.0,800581,44329,220817,2415636,1460440,66634,501902
2021-12-10,536142,338773,574133,1881597,3617352,293699,1415043,233840,3622631,471009,304291,6477812,1883198.0,7551206,30590766.0,1583040.0,4908807,535545,1447321,363542,48480,2895863,7213204,247234,152675,216304,,663670,572931,64792,1832842,1869869,407240.0,955827,62362,228286,1679040,994932,51446,816285
2021-12-13,452571,326322,599135,2027187,5521261,216190,1086537,420138,4551553,439354,315076,5573870,1625027.0,7308480,7337816.0,1977913.0,4433339,536092,1340798,333046,72673,2691052,4680761,294119,169290,189170,,1043217,444630,104409,2071285,2151377,513981.0,1162994,52595,212472,2050103,1044182,89490,604610
2021-12-14,464072,374241,622264,2088712,2688710,319793,1116145,266390,5270343,437873,422194,7452098,1543499.0,7765629,4262934.0,2338246.0,7333079,570727,1484138,430602,93365,4051975,4265644,299078,389223,209386,,719740,802901,101439,2170117,1611120,706040.0,1105963,63223,315339,2293780,1013320,209367,832350
2021-12-15,485629,226196,611140,1980556,3056948,478916,794212,358015,4811207,444886,359701,5690290,1847852.0,7161678,3539633.0,2002503.0,4938872,827330,1745895,483466,103746,2787882,2931838,269335,228268,249315,,494043,733777,101184,2363294,1476391,780073.0,886773,53939,216584,2290580,905083,182088,888169
2021-12-16,840470,606553,1123093,3249545,3403857,676732,1364574,496468,5199461,396704,720572,10207690,2386431.0,12490509,2738873.0,2812409.0,12270429,759001,1939143,636611,117236,5398108,3421998,313925,282069,548008,,644447,668313,126617,3316468,2470449,1002375.0,1580290,70082,366493,2969631,1068099,158652,1630822
2021-12-17,840152,765808,1587901,4583909,5025504,649957,2735975,929608,9521070,790933,1242852,15850322,4156954.0,25342815,4692789.0,2848382.0,17486652,1177286,2512993,1046379,247830,8031281,7737176,740523,377530,954414,,892664,1312649,153554,2900575,4024892,1437500.0,2836145,110365,877932,8745840,1788057,132338,1482117
2021-12-20,567953,386190,1057596,3099267,3334442,243973,1455573,285715,5593559,502985,287937,7869924,1528754.0,9983301,2863016.0,2290484.0,8678597,474980,1729747,351383,93611,3929388,4786790,373763,181867,392616,,667329,427063,88484,1972026,1652721,684827.0,1436804,55992,225644,2021465,1076436,154763,795822
2021-12-21,415105,302053,741710,1922185,3143313,320296,888690,196201,5071246,364111,526871,6849378,1200745.0,7174800,1913265.0,1832667.0,8160908,586665,1060529,518638,43233,2721311,2264407,314807,212947,185853,,401563,402624,98218,1998528,1249030,800443.0,795532,34917,146723,1293848,609862,86216,577801
2021-12-22,400709,445982,446340,1833033,1448260,339872,624985,268810,2792491,358770,397366,4817389,949169.0,7431504,1777535.0,1270122.0,5631995,474254,898323,319418,40481,1895425,1839788,185738,270707,154118,,241583,300775,67979,1741575,941208,447606.0,612214,44901,153509,1656737,481084,67650,521367
2021-12-23,361901,305059,642155,1889040,2281520,186692,823550,186259,2803303,363745,244385,6767967,1327263.0,7531468,1451708.0,1286019.0,4392610,415776,1110269,325778,42820,1797660,1620249,222916,204490,175679,,286471,270091,53388,1155808,975828,568568.0,795339,30143,138770,1526755,528329,45267,411277
2021-12-27,338999,168703,333271,1405892,1480275,105880,396304,150431,2046882,160284,137020,3850776,986092.0,4586995,1086801.0,832970.0,2127744,249048,781286,261928,28082,2084503,1243078,144240,79373,129231,,245524,259242,40145,936565,908818,256434.0,482423,28086,99773,1058318,415030,81121,389135
2021-12-28,385280,198457,443746,1576927,1412889,118421,442096,110220,3776735,189309,161617,4022275,1305474.0,6769197,821921.0,1187371.0,2951522,238433,693457,239306,37931,2093132,1494742,113814,95730,233607,,247124,220819,40945,1552830,1049070,276652.0,581094,29840,127449,1055247,427760,60400,325925
2021-12-29,302495,245181,418410,1345086,1341451,189382,419820,172865,2946018,162236,170620,4457001,1161686.0,6219279,858104.0,1025582.0,3099157,490989,800246,270169,48414,2051629,2470115,167758,145765,167764,,212560,258534,60966,1046834,1004964,306691.0,687999,30864,124290,1246131,397514,132262,391307
2021-12-30,429988,233913,463769,1398905,1558821,117904,598323,208472,1294985,141258,195590,3424399,1290922.0,5245909,546963.0,1020022.0,3059800,290132,525494,188913,36061,1553893,2237979,178384,67103,168746,,166016,157615,35529,1224861,1256558,386335.0,881579,35602,95706,1317931,333679,30541,344868
2022-01-03,488053,357184,766707,2705145,2078776,274190,983398,219749,6102411,319439,306174,8813113,1283034.0,9016107,1083930.0,2627879.0,6181215,549586,773375,294874,84067,2694878,2654611,315793,208099,188048,,600136,353573,73240,1784110,1551213,388454.0,1046860,41914,180414,1961370,945730,79196,610658
2022-01-04,463148,417581,1314167,6329398,3116162,276114,1422271,348799,11598489,412024,360923,13350463,1733618.0,8616222,1844334.0,2487628.0,5371580,577815,1256789,507315,109000,3516714,4936145,418799,211082,342906,,892794,791882,145285,2757926,1344951,850818.0,1007543,93928,191557,1624407,1280483,75505,788343
2022-01-05,427520,339089,652265,4965945,2394804,271837,1828361,270209,7643549,529354,351783,10367648,1866345.0,8758537,1421773.0,1763539.0,5989798,769692,1218875,571345,65145,2594165,5106683,563721,169202,279535,,739022,676437,142998,3548739,1524033,476470.0,1177455,80662,225004,1601386,997809,158531,757397
2022-01-06,613520,445549,1509855,3288522,2427637,395728,1229513,280296,8307638,393548,473208,14599870,2005753.0,9105770,2506710.0,2479475.0,6604215,527405,1872019,635620,83249,4812438,3602804,578178,281916,343627,,683133,759193,110787,2299373,2205497,574404.0,1326484,88098,255590,1846813,888814,136068,1304436
2022-01-07,664124,356661,1188985,3055239,2903500,323137,1193638,328495,10517272,349887,426148,13200588,2140044.0,12889411,1420131.0,2145365.0,6212547,629452,1308391,670670,58243,5086148,2755179,364917,141977,292731,,587729,641117,77488,2322636,1923600,554222.0,1215325,74007,306328,2660645,775354,92455,1011102
2022-01-10,781165,259986,1117765,3143968,4347722,305088,1896744,736936,7465799,329848,388054,10011119,2686809.0,19689207,3562734.0,2441041.0,6955633,841867,2457231,709992,74179,4648159,2384947,541842,204415,270279,,492822,694705,88852,1749396,1907600,1063350.0,1305887,130797,252596,2070876,900264,74595,848378
2022-01-11,1059329,367891,988769,3244059,4861439,313009,1238359,518885,11871376,542352,470438,11994824,2001489.0,11389486,1822030.0,1723046.0,6831758,625576,1448379,1017977,77512,4556918,2488494,470291,178723,250938,,491518,597828,80939,1926513,2141555,809523.0,1286177,116231,267854,1750754,655358,90619,747730
2022-01-12,626174,520000,948294,3255778,3878207,284337,954099,443094,6722621,570268,459355,10424643,2178561.0,8532849,1981258.0,2103574.0,6707413,522669,1188588,1620909,104533,3705858,2946446,397013,151110,291902,,558820,635410,75390,3450981,1865782,927980.0,1008710,97582,255642,1934110,874152,177891,836976
2022-01-13,627250,521635,786067,3461319,2340415,265779,1380823,440282,4013611,532158,873766,12039618,2157961.0,7602807,1739018.0,2210741.0,7696239,697404,1210646,737947,86071,4254876,3906108,393345,301365,490438,,544467,818042,118576,3294824,2083432,811508.0,1252962,166686,276586,2571079,1094322,111482,960997
2022-01-14,537040,452996,938658,3896462,5418832,291277,1257658,347708,4325234,489490,444293,13552725,1913056.0,7381297,2491103.0,2238600.0,8094983,685299,2071032,1055887,65300,4245455,2448641,447683,232317,348502,,618818,952005,230036,3313758,3394621,807546.0,1778749,165436,394516,2229782,1418704,242505,818290
2022-01-17,445162,220613,602529,2538420,2340139,250887,663785,403858,3341835,357606,413753,4959428,1206455.0,6404439,1285744.0,1705979.0,3939820,778113,1016194,748444,80626,2252166,1926199,364070,304312,164317,,379272,724188,175578,1592314,1268851,407682.0,1229918,83985,284064,1375860,664755,156943,472367
2022-01-18,726872,316262,797076,3056423,3543513,430607,930784,343483,4713993,556307,400811,8904835,2152747.0,9607142,1947876.0,3306130.0,6061886,670548,1098954,973092,84571,3887762,2955090,411160,281455,234524,,717260,804102,243245,2119700,2200311,1096306.0,1669909,89918,425704,2412132,789729,90621,847990
2022-01-19,598869,428978,920062,3122687,2849403,382746,1133756,308055,10143520,501105,649847,10312033,1871602.0,13662570,2906683.0,2260007.0,6732359,735883,1545955,984893,104028,4392062,3104068,428821,352589,225302,,527696,1256594,187424,1565398,1842382,1122527.0,1395792,136344,552243,2333761,1035857,196422,848225
2022-01-20,647888,300784,746794,2711527,2510174,297479,1100542,266906,7799576,675689,644576,7580793,2161519.0,8437939,2983023.0,2194320.0,4942408,422274,1137506,655909,108969,4215588,3532959,462956,146040,197106,,418341,873136,110453,2263062,1802142,1071186.0,1225529,173681,402913,2265366,774560,223790,571188
2022-01-21,867713,747255,1274970,3653870,3368244,577450,1592557,475131,8082021,928278,938967,12526702,3557786.0,12384021,2358430.0,21235798.0,6784296,628022,1495213,677883,83869,6743375,4055043,390235,187905,474880,,735592,778198,124108,2625081,2546389,936749.0,2280108,87876,285014,2035892,1219489,140764,1188866
2022-01-24,973506,700628,1516318,5069201,4413530,755588,2185251,607413,9049452,849634,754780,16753223,3690098.0,16523969,2528612.0,9464957.0,9504246,722126,1719895,795883,141075,8484762,5020505,458594,217721,485447,,936618,845156,244989,3002743,3498066,963370.0,2251036,155853,511237,2224049,1659950,221846,1396750
2022-01-25,1063877,645149,1062009,3988007,3264976,433364,1307184,562723,9632100,660711,860767,12594659,2827857.0,10886956,2228089.0,5304058.0,6329241,1017482,1929885,783532,134122,6769409,3132631,321753,334086,330637,,650416,803027,141827,2545132,2318840,712388.0,2152028,109080,549995,2347707,1140861,175721,1052359
2022-01-26,869656,567131,992791,3956379,2686001,364292,1274554,473170,8656063,655332,637816,12466641,2531750.0,10928062,1870548.0,5327978.0,7583472,813315,1436511,438872,106212,5140071,2931917,388980,214748,352058,,540440,572155,147645,3716440,2039556,973171.0,1638047,121298,384471,2484700,985770,321029,1075098
2022-01-27,824439,414389,1431549,4080180,3124651,390341,1295354,621248,8849097,774235,431015,20304574,3443934.0,14404848,1697064.0,4498746.0,8653654,556713,1248993,590229,146769,7207332,2960980,464526,145840,440426,,582647,629912,107652,5411099,7324788,1019101.0,1765461,167498,382481,3474373,1151764,163489,1081256
2022-01-28,1132643,575741,1091697,3886558,3338588,670348,1830172,322124,6043058,831133,526901,14747257,2982108.0,11445379,1861058.0,4008319.0,5432407,483600,1529781,3403933,134784,7192865,3281757,354812,171900,391072,,665792,673112,180380,2626685,5160735,753796.0,1796990,123521,464708,2969248,988976,168625,1029920
2022-01-31,945998,352917,1140866,4198483,6044092,450355,1305196,464853,8904475,683343,528624,15872843,2715749.0,12717895,1529420.0,2868879.0,4847247,495069,1115365,1716669,130484,6192916,2650761,406778,184808,367540,,541439,515915,132299,2127964,3746289,1227920.0,2021418,104607,350529,2498127,880263,95990,1053665
2022-02-01,609224,408396,796146,2549282,3134533,287217,1033421,396978,6491735,567543,360145,14939739,2693569.0,10224151,1046869.0,2303684.0,5868440,800218,1856606,920539,81795,4784963,2186518,343328,216631,275206,,545670,506968,67539,2222889,3251301,811572.0,1438399,112718,260922,1585836,907585,90895,866994
2022-02-02,546799,636757,721742,2299153,2621827,253634,890522,422346,10557357,420278,432706,13386633,2299455.0,8404119,1065580.0,3035592.0,4014447,466157,1172390,734917,104235,5072236,2056085,263590,165354,281827,,519533,657517,182571,1873160,2335910,760962.0,1235051,120541,386621,1997643,771011,106973,805953
2022-02-03,724879,342749,889782,2723810,3325324,349203,1101439,498610,12723692,427794,432222,25079467,1936561.0,22493570,933606.0,3454248.0,6619309,845749,1479550,582934,204457,9931296,2636950,299663,126188,361628,,371901,555178,104567,1841797,2953593,1216430.0,2365611,88694,361664,2179432,710672,73076,995802
2022-02-04,702827,383458,1110644,3398709,3241573,416619,1816267,746810,10695543,593365,518399,21303671,2638066.0,12439379,1344965.0,3352630.0,6097879,451498,1505902,500018,214666,7486933,3544933,296137,155243,466715,,726914,572337,126802,1742176,2968119,1142660.0,2608518,69403,289666,2925848,1555866,75269,989921
2022-02-07,513006,358543,982591,2281258,2362057,299578,1173288,472049,6037788,571145,664060,16298114,1607502.0,9762765,942108.0,3003360.0,3869704,460779,1010951,518395,142691,6001354,2619261,284091,113314,275133,,571271,686167,126771,1549450,2721057,941195.0,1461680,54246,260301,2527050,750166,58642,611154
2022-02-08,763011,362929,1260430,2862652,2702511,312121,1229356,239935,7553811,1101412,446774,19853075,1719809.0,11509497,1329678.0,2312406.0,4254370,604018,842292,733555,160762,7405831,2866739,363733,214061,278171,,822293,593211,132332,2340657,2608648,722339.0,1494552,118212,345213,1539514,975318,81474,930377
2022-02-09,496452,259230,1098568,2336737,2169834,308933,1579360,375257,7829904,748752,343922,21499326,2306221.0,12214312,1757843.0,2779224.0,4947979,371681,939468,455950,103442,7155090,4477504,300728,196948,322419,,1350642,809290,113257,1534762,2981103,796885.0,1644081,88393,267968,1815994,1882706,83773,563076
2022-02-10,404418,323709,1071570,2198045,4524544,560296,1206489,456124,10462466,617598,619329,16980055,2118992.0,11583257,9928899.0,3610567.0,6983356,607116,1360195,513414,196277,6144436,2499973,322262,177378,354756,,841667,527693,162087,1866193,3068100,653228.0,3748849,87493,330932,1957842,809440,165715,1091918
2022-02-11,708404,458698,900653,2304933,2888939,359712,2746188,458934,9508446,888451,561278,16205921,1989506.0,14354117,2231698.0,3875842.0,7654162,1190473,1476834,713952,129283,5317281,7685106,348665,287266,330171,,1011497,478743,248391,2091780,2560394,654340.0,2551379,116579,531124,3285237,1090653,79606,1143605
2022-02-14,963584,712612,1972347,4584255,5032372,421875,2148590,724851,11305638,787597,681342,22979062,3975956.0,16524167,1988166.0,3670389.0,8651958,632069,1566707,757533,144467,7358798,6449171,468242,355278,544873,,1116044,508342,207889,2912972,4168719,1044757.0,2760118,109434,510229,2469131,1366933,133956,1292642
2022-02-15,675616,597929,1162661,4100339,2893748,311693,1474671,512983,6936784,566478,395223,13342424,2379511.0,9884177,2098636.0,3051333.0,7247371,449178,1141753,777827,88216,5389687,4255754,401133,369293,387121,,880630,587804,199144,1718442,2803587,858576.0,2214381,104645,400869,1717498,1083117,127597,708445
2022-02-16,468497,365320,680928,2203827,2248957,303015,1496583,331155,6762145,921961,306616,12364044,2384201.0,7217546,1278185.0,2188711.0,4997274,418427,1720492,538199,82997,4163100,3338076,269609,466642,300655,,510262,368522,101006,1315154,2399920,961628.0,1637099,71288,432792,1380580,769936,74829,620705
2022-02-17,712660,577053,1213653,2396894,3180088,351573,1694067,378081,15896703,1081356,413069,12682200,3018521.0,8689421,1154154.0,2143355.0,6111561,417455,1638749,691956,92678,6197260,3129408,289829,452353,403301,,518405,458514,113713,5980894,2212242,626632.0,1826865,94979,267157,1676362,733963,103750,595525
2022-02-18,642000,650650,2591102,3060736,4900077,439835,1551295,302847,12970240,759061,385819,13131951,3373190.0,13895852,1191340.0,2496317.0,6048919,393413,1608137,860298,84821,5776669,2876383,335361,279818,400809,,561680,460990,127392,2616142,3381642,1163369.0,2053589,97479,262763,1852708,1001258,80125,889212
2022-02-21,746251,619171,1806812,3912650,3395424,326958,1644574,575981,10191050,760789,399828,12280034,3755441.0,9437734,1211127.0,2215814.0,6595667,544321,1511904,572461,134979,4795209,3466863,354176,298892,530413,,656255,459452,158647,1488807,2678619,561373.0,1875255,91685,248826,1761918,1039852,150468,971656
2022-02-22,1022805,946357,1815688,5948832,4602460,556935,2078619,411703,10604228,1108642,547189,20094487,4467740.0,12092633,1348465.0,2914711.0,7226049,1422174,6343136,826708,118639,7158573,3938250,415850,351321,740863,,3119259,713403,256799,2348691,4172126,845220.0,2664909,92243,300833,2196208,4284172,161021,753513
2022-02-23,711585,797133,1586138,4250962,3610970,362708,1489901,358096,8782693,627382,604656,15793934,3396211.0,10953963,1416491.0,2106563.0,7805629,846513,2994998,917699,99083,4676213,3345429,340705,331274,1006520,,2101881,472581,180518,1667349,2939788,894013.0,1739253,91978,308589,1711470,1641699,98643,831284
2022-02-24,1532054,1823665,3493020,12186717,8314531,763051,4257916,726378,22810663,1665449,919188,44158996,8537380.0,32192169,3162235.0,9049601.0,16462996,1004680,4469739,1526900,230351,10267446,8297015,674146,504272,1130921,,2581069,1085476,710063,5578044,7678830,1534982.0,5173306,167749,506725,4275073,2892957,177912,1662084
2022-02-25,1291124,1166145,2415694,13027342,5534135,485249,2682262,575208,15181729,1063343,708743,31405810,5442656.0,18862598,2350918.0,5047160.0,15089232,679446,4087438,1105222,152379,7673936,6292551,534521,456758,813827,,2086097,744573,704588,6164458,4190271,1249157.0,3418900,122460,491253,2997798,2256748,146108,1075723
2022-02-28,1326889,1245892,2545437,10452524,4908626,644434,2667291,848563,15415084,1125350,731479,29188148,5137140.0,24419143,3855494.0,11385929.0,11956444,946112,3686815,1167787,155740,5893385,5868911,524468,631723,646812,,1593942,1077946,1979521,4512900,4094935,1248303.0,2992904,107157,877491,3729328,2270479,261161,1687074
2022-03-01,1194002,1016531,2168093,12416043,7328894,933277,2383041,385847,23860940,1546597,627307,27994686,3998495.0,14332151,3104716.0,4396678.0,13634455,733289,2915610,752569,184702,6574439,6811103,411903,376734,796780,,1258744,781186,1299905,4711761,3794964,1046967.0,3010657,134484,626948,2421410,2668369,165806,2142002
2022-03-02,1288244,1059983,2224307,10549846,5317521,774571,2638366,863644,14743848,1519528,689559,26810629,5529648.0,19271887,3994045.0,4378311.0,21157387,694204,3472800,1333981,202302,6574852,8133642,438819,471064,849157,,1769597,1113102,1304331,5228627,4216940,999771.0,2987823,121690,484696,3174415,2665692,158433,1637674
2022-03-03,870412,701188,1303383,8214532,4856065,503146,2480550,466148,8647950,1133323,693944,20150401,3335265.0,10978389,3429017.0,3516233.0,13007303,480059,2371223,935312,130326,5564941,6123312,736511,306315,478157,,1071057,795006,662658,8867366,3191208,706187.0,1956787,85998,381457,1813443,2126189,104368,1185620
2022-03-04,1319891,1344655,3037456,9592903,6233840,799587,3819567,757955,14025414,1527754,851531,35713032,5585284.0,21214985,4178287.0,3746275.0,18738570,877075,3449707,1182902,329056,9031677,9611532,645255,336980,1176171,,2143455,1080443,571226,7072413,5821601,867380.0,3624203,85483,397976,3161383,3043218,119776,1604106
2022-03-07,2345656,1672916,3848764,11367862,6619671,769606,4055547,878620,20779903,1644342,1341562,36011795,6979429.0,21381617,3999490.0,5582172.0,19025725,1065186,2846302,1464260,305121,9654113,8645172,729188,568719,1789248,,2590920,1194468,482376,6316256,5885943,988801.0,4550094,122904,571679,4599165,3024752,154477,1945741
2022-03-08,1937346,1535638,3353119,8766179,5799171,797748,3481540,800651,14080414,1755244,998767,30052317,6787751.0,19237663,3012218.0,5606368.0,18572877,1011992,3617074,1221533,234822,9871155,6732058,811461,391910,1257323,,2150321,1230797,516643,5943181,4880436,1242861.0,3811520,160459,726271,4409583,2508587,166035,1598364
2022-03-09,2380612,1560389,3086730,9119642,7073552,701625,3559897,870837,16613945,1551182,926680,27148730,7823900.0,21638325,3274640.0,5649707.0,21156011,1133420,3823311,1288450,203035,8280823,6946066,848318,427067,1126925,,2134680,1210739,626889,6075716,4482058,1186031.0,4704208,130483,891266,4227658,3037590,158091,1887687
2022-03-10,1375129,846472,2654538,6646877,4539400,505350,4329263,872362,17381190,1525550,694782,35128906,6158952.0,15180788,3042743.0,4777514.0,14533550,845991,2589752,1238554,235432,8024815,6757062,427958,295998,733159,,1493943,797383,488737,3882115,4305802,850386.0,2759502,132884,530661,2753506,1812150,120975,1260758
2022-03-11,1449373,1024051,2766564,5302560,5885146,525366,2873113,847939,13230668,1108452,668026,22804222,5777516.0,14161573,2231892.0,5035067.0,12645522,1236897,2426914,1276982,190049,7775550,6157828,457242,336930,636709,,1317423,938133,559778,3581161,3672556,943563.0,3258566,135741,604525,3044432,1610685,120548,1459175
2022-03-14,1008515,808931,1897455,5387169,3866862,361754,2514991,461723,10387825,959293,658120,28407010,4574748.0,15168488,2105044.0,3683129.0,9817250,698174,2142552,697983,144222,5618056,4719598,400216,303997,527752,,1384945,610111,222221,3465981,2563415,803210.0,2310944,114552,470163,2548086,2175942,123167,1184379
2022-03-15,1088977,651383,1233285,5126540,3373508,301842,2601157,364766,8542912,1050005,570901,19914872,3720946.0,11890668,2287266.0,2723583.0,8048445,678944,1648017,857946,130368,5843735,5067779,297284,310225,433289,,1225363,694013,264765,2716585,2521724,635023.0,2142367,100704,362746,2406079,1605287,249947,1508840
2022-03-16,1059040,1080259,1673695,5673362,4920600,474477,3188590,577773,16743034,1287333,846374,26979208,5147101.0,17684206,2669219.0,4003785.0,13019555,812891,2050868,1563224,169277,9300919,6129054,413635,410702,784599,,1616441,733570,382595,3283115,3467971,893774.0,3115941,155156,460248,3163504,2479755,282551,1539503
2022-03-17,845613,433453,1334039,5053487,4011495,444707,2207957,423845,10505852,874037,541295,17264569,3555022.0,14458308,1798879.0,3038358.0,7134899,769381,1648419,920228,153688,5104039,4486444,341158,220788,779503,,1103699,523844,568700,2714665,2279771,758430.0,1998509,75957,365553,2996426,1414860,105512,1094151
2022-03-18,1788507,1132365,2208008,7779427,5606710,2435942,4736344,1125246,13015487,1450703,1020919,23661795,6372360.0,24493551,11274374.0,12506299.0,16698672,1242827,3350787,2104306,1377268,9212466,8469566,628836,414154,988474,,3773412,1250249,744185,5414386,4643157,1626269.0,4267580,126944,891541,6261723,2557484,103566,1756818
2022-03-21,675895,348290,906831,3028435,3492017,526402,1686583,271978,6172244,559295,407000,13500809,2262236.0,6378957,2327711.0,2438403.0,5773931,582098,1288109,612652,244247,3891756,2621597,192346,211616,327068,,587779,420658,639831,1798975,2480924,525925.0,1705760,67280,277516,3472213,1077364,80186,638883
2022-03-22,850162,338912,1084671,3048727,3771365,774738,1732509,508457,9492473,645921,493098,17889007,2352727.0,8561226,2111175.0,2778180.0,6116206,353554,1128896,1297454,203689,4223911,3027640,351260,198876,387036,,643615,579452,574390,2406182,2390878,349362.0,1626654,66610,319692,3275352,1234831,63790,697665
2022-03-23,825296,319363,1109732,4179730,2786176,644595,1942435,485397,5424968,676563,379661,12200569,2807408.0,8914447,2863333.0,1960125.0,9410805,312791,1104038,1055090,135809,3827966,2832496,271400,145984,296825,,539713,324177,253214,1959841,2008752,455763.0,1620694,65787,265869,2913888,1173710,60631,922981
2022-03-24,665266,286299,967406,6074928,2862356,382384,1529917,441077,5980652,780100,546102,10071605,3198807.0,8521286,4056528.0,2212601.0,7392060,640617,1267949,1132376,118584,4438223,2963436,216986,160175,293967,,696076,570684,613331,1971447,2147765,630463.0,1723026,61004,247019,3208348,973338,63879,1087922
2022-03-25,705915,316006,811474,4778939,3660553,357214,1514673,292569,5249584,473493,704526,10869740,1984222.0,8873468,3891750.0,1668012.0,4582236,579470,1303280,966176,101953,7039445,2499241,260993,214042,340831,,371343,425044,539223,1591612,1783145,567622.0,1379779,92521,277109,1830346,1050901,51485,1035643
2022-03-28,509566,289456,974361,4578757,4370557,362171,1109020,238842,6115086,579673,416688,9880630,2846725.0,11965231,2415723.0,1860817.0,4410525,536817,1334845,784243,127339,4065945,2760387,184028,200244,362664,,468115,302281,491732,1748725,1906610,402707.0,1708571,81605,253810,1908195,1028867,82799,840558
2022-03-29,695529,443111,1242298,5458456,3725778,427873,1967947,451162,10221529,1238139,560572,19418742,3241147.0,8793235,4744336.0,2081085.0,8237015,782501,1492615,1331578,99016,5952574,4830793,564421,312877,458350,,990041,565589,690076,1772701,2523791,675036.0,1730002,90528,398171,2684231,1882430,127418,2231355
2022-03-30,694586,504273,1101203,4724905,3262342,350545,1492559,416824,8318523,1171842,561411,10276916,3257529.0,8447351,2909849.0,1803827.0,7595703,469207,1337936,979490,142220,4856802,3326372,279456,192317,285606,,748596,389408,314047,1756530,2128404,728538.0,1594768,61450,204600,1813041,1192294,79741,1344717
2022-03-31,750979,329835,1231854,6170393,3453128,511887,1468453,450338,11383528,856767,542987,14294463,2936625.0,8198110,2842160.0,1556442.0,8723945,576647,1792684,1189032,158240,4419098,4179264,303817,192455,297897,,691584,449956,254466,3776594,2947134,842178.0,2432448,76455,302943,2869173,1041006,111083,1541702
2022-04-01,557422,305390,855703,3182865,3447292,302144,1064970,390139,6055764,722245,325650,12007818,3805104.0,10197960,1692818.0,1737171.0,8646303,374033,1021719,911658,90180,3951571,2848350,246980,107245,235671,,546588,386580,223458,1744094,2022783,645359.0,1442314,105026,211552,1537744,982550,112120,1290512
2022-04-04,438600,351823,965201,3298726,5361734,444650,1100335,338959,4612974,609362,265283,8008604,3497235.0,7584417,1188349.0,1424140.0,8150043,232565,1257085,1364149,83363,4904572,2538008,234255,186262,316344,,518413,335928,390081,1236691,2372402,463802.0,1484671,50972,384572,1949430,1073896,89676,1259404
2022-04-05,403667,611853,918932,4348680,3466499,383883,1523273,377160,5523650,755503,364364,10328318,3219915.0,9148707,3026145.0,2624286.0,9717253,279104,1052672,1060167,153322,5633904,3425810,208905,411050,353656,,661321,493741,381020,1867543,1837700,414108.0,1884275,75205,331998,2047832,1149117,191842,711713
2022-04-06,889488,507322,1131462,5447516,4121766,351770,1651158,462328,7585888,819991,355660,14708099,5744709.0,11806542,2641386.0,3680741.0,15505967,361596,1330495,827897,193539,6986982,4539402,384694,226558,358231,,968665,507466,339120,2822661,3107903,558426.0,2246397,90638,378777,3404160,1425985,148587,1284769
2022-04-07,676908,578648,1135947,3733694,4389764,330310,1345977,481179,5347217,835426,480667,10017346,4290090.0,12863650,1899413.0,2590291.0,9040605,441995,1089498,760219,138938,5693168,2920342,373330,250824,339933,,570276,560474,306653,3044330,2411034,602357.0,2195972,79696,542904,2845965,1432432,83059,1311373
2022-04-08,635539,293335,795264,2888090,3522431,743758,1113844,372700,6914515,501715,357547,10219736,3199307.0,9557407,1765382.0,2086718.0,9603182,729241,2353542,1222073,109604,4034459,2477629,385295,218281,268071,,421506,544102,271039,2366258,2054134,529399.0,1593694,195161,443992,2022368,931143,128287,881935
2022-04-11,834750,360555,945463,4388030,3679535,457486,1246230,421144,4222661,462716,254144,9319572,2970273.0,7643882,1508936.0,2344274.0,7336304,494075,1438045,925470,104197,5185990,3274607,318401,198049,270764,,518316,398384,360350,1501624,1907113,515736.0,1590609,77941,307025,1589205,832769,111293,868467
2022-04-12,942036,378999,1092592,4425634,4903625,275326,1364957,647860,22376096,481530,525965,34888236,3183989.0,9079834,1568448.0,1567689.0,6775143,484333,1729706,1137102,103557,6289925,2791096,441653,157234,315357,,519502,413346,346804,1901888,3161521,1172362.0,1916039,79730,295929,2872644,995714,184287,1023031
2022-04-13,755573,363791,966191,3757594,3245883,267297,1062598,582952,6967147,436115,287237,14699189,2557048.0,13625604,1307206.0,2627315.0,8831169,355074,1231168,809915,119416,4328152,2297064,228319,265368,278514,,436576,383905,325091,1626994,2960712,527646.0,1560221,66591,249333,2753475,697927,111092,913640
2022-04-14,677070,982102,1229708,3868028,3830187,256438,1418145,470941,6502757,793645,494204,14362799,3667004.0,12164345,1901016.0,2009363.0,6406173,542452,1236708,881071,180180,5209439,3459542,324763,242043,385994,,652461,496684,176777,2568159,3774096,685029.0,1954861,90242,335128,3613123,1611383,93505,963843
2022-04-19,607029,359345,1073081,4037912,3320928,268626,1477517,516623,6021494,609746,468519,11152850,2878052.0,6302319,2040125.0,2186557.0,5337565,408861,1265879,1153625,148044,4465446,2834276,358797,115632,414469,,537057,434187,278245,1787522,3173230,836198.0,1296302,110661,320025,2293600,1133467,99166,837044
2022-04-20,563313,334221,1075426,3526602,5384855,298217,1100786,283432,9420298,419678,348339,13929821,2631067.0,8916828,1859782.0,4055642.0,5716411,329164,1499301,1151882,192418,5036468,3107995,318342,207430,309659,,385761,364412,276950,1609101,2346667,557131.0,1666290,100921,242275,2022027,824336,70396,1080971
2022-04-21,0,0,0,0,0,0,0,0,0,0,0,0,2921771.0,12342520,0.0,0.0,0,0,0,0,0,0,0,0,0,0,,0,439920,0,0,0,0.0,0,0,0,0,0,0,0
2022-04-22,0,0,1317312,4151107,3305780,0,0,0,0,0,0,0,2599834.0,9366745,0.0,0.0,0,565807,0,0,0,0,0,0,0,0,,0,388124,0,0,5263431,0.0,1660535,0,0,0,973101,0,0
2022-04-25,681753,347785,1636768,5533934,3430959,287460,1594771,422671,9670418,586052,474226,15058588,2728687.0,9307064,1872986.0,1646540.0,8133489,605274,1294292,663526,176339,4639881,4119685,240514,0,656869,,714460,430888,0,1965794,3335107,1062836.0,1730463,92434,222558,2455182,1113506,135377,923927
2022-04-26,819467,0,1411430,5507512,4331458,0,1785578,0,15047992,827354,0,14313567,3598996.0,10859520,0.0,0.0,12333136,520086,0,0,0,5119882,4784384,0,0,0,,0,589725,0,2356696,3008442,0.0,2018371,166158,395660,0,1212742,118452,0
2022-04-27,0,0,0,0,0,0,0,0,0,0,0,0,3615610.0,16779379,0.0,0.0,0,0,0,0,0,0,0,0,0,0,,0,632277,0,0,0,0.0,0,0,0,0,0,0,0
2022-04-28,687612,379272,1263652,4735610,4597094,342262,1185773,276211,8684820,944437,470087,15941470,2613834.0,11243909,1824596.0,1273069.0,11054774,332545,958491,701618,211563,5823119,5497785,333897,283821,857902,,509273,505353,230680,1832903,2865967,750044.0,1693228,88770,295856,2288889,889503,292943,1383566
2022-04-29,802122,594176,1174939,5672719,4788148,361443,1337650,441308,7864842,851244,501999,23656422,3552348.0,11100933,1873823.0,1477454.0,6017649,520986,1140366,2379473,148010,4388779,6141085,324580,258750,626396,,516061,508232,265010,1980385,2908340,1208716.0,1759425,127960,318965,4402946,824127,215652,1336456
2022-05-02,608841,564229,1264328,6898413,3200564,471317,1840187,422083,4769798,756229,477254,13801078,,9690914,0.0,0.0,8997902,495411,1592863,1066434,171964,4458181,4880723,307289,210759,364874,,531791,465624,181566,2046555,2415261,0.0,1628285,80799,313420,3026112,1156386,102423,0
2022-05-03,743302,385706,1260773,5765056,3537487,395779,1725794,509783,6688839,556364,390564,15059589,3686990.0,9059406,1478041.0,1781833.0,6857139,468421,1418734,700776,139844,6020510,3449636,288308,333504,478063,,532646,406174,263343,1368665,2792741,904348.0,1947417,104373,354426,2516755,1140555,112320,731010
2022-05-04,524861,343586,1504498,5724504,2922935,192951,1633643,258693,5028144,329246,436198,10085502,2588768.0,6762960,1888731.0,1491426.0,5407218,939437,2584540,657314,186629,3529506,2525642,357843,170637,298060,,417795,324505,226024,2713065,1923272,1514348.0,1533708,105695,304533,1929106,970928,70993,1202992
2022-05-05,935816,0,2267534,4267155,2225486,0,1964186,278092,5758591,642193,499691,15004649,3504122.0,8682536,2630439.0,1765548.0,6963238,583481,1488433,793539,236083,4392941,3077742,320638,256193,488184,,558099,441994,262812,1824730,2571197,1511715.0,1760697,94991,288479,2341253,1066733,88345,3327991
2022-05-06,0,0,0,0,0,0,0,0,0,0,0,0,5646974.0,10894578,0.0,0.0,0,0,0,0,0,0,0,0,0,0,,0,479221,0,0,0,0.0,0,0,0,0,0,0,0
2022-05-09,855795,0,1341406,3505484,3771768,0,1868370,0,4957590,585938,0,12430646,4960834.0,8322723,0.0,0.0,7881301,512462,0,0,0,7163494,2550726,0,0,0,,0,416497,0,2000121,2818656,0.0,1493160,65094,393797,0,1155025,94733,0
2022-05-10,881941,473612,1370842,4569481,6545699,281125,1990542,781890,6196406,527763,379936,10715650,3907840.0,8886845,1137387.0,1631355.0,8020684,384075,1578067,1129801,157503,6475781,2562459,297497,237468,502871,,775008,463755,550871,1915420,2187466,857773.0,1684129,68759,371080,2922390,1112745,93387,1660052
2022-05-11,0,0,2192975,4006353,9686962,0,3703499,0,6498383,0,0,13449301,3670747.0,9889370,0.0,0.0,17623756,624430,0,0,0,6842622,4564813,0,0,0,,0,413486,0,2598962,2658856,0.0,2070082,0,0,0,1242291,0,0
2022-05-12,871044,624677,1497983,4343684,5388302,318043,2884199,618636,6971637,663798,400962,15622882,3390005.0,14160995,1513523.0,2634176.0,14451221,803644,1230433,565655,124678,8125981,3339970,637227,172909,475405,,562005,452781,204947,3357869,2631400,912457.0,3124220,125976,252907,4525863,1571245,99186,1625582
2022-05-13,0,0,0,0,0,0,0,0,0,0,0,0,2894445.0,12609159,0.0,0.0,0,0,0,0,0,0,0,0,0,0,,0,468438,0,0,0,0.0,0,0,0,0,0,0,0
2022-05-16,648134,273473,955154,2439604,3566730,172763,1135401,359779,4515020,489502,358536,9085840,2550818.0,9984499,1894465.0,1449992.0,7617450,392531,1088643,469925,114624,4160037,2472225,361000,89396,349272,,555790,292739,320714,2077177,1777379,864130.0,1660354,146692,211839,2724353,702490,94632,1160075
2022-05-17,630018,397650,1592794,3691977,3130456,282620,1445814,360146,6500321,428064,293410,12170287,2367469.0,8730947,2523087.0,1847595.0,6876842,389365,843798,461346,98005,3962872,2785107,395841,162575,313011,,913872,569276,171339,1604196,1900296,513312.0,1146696,74618,456433,2113364,760147,141191,1079221
2022-05-18,782072,275718,832350,2876575,2419105,254618,1265657,352115,9758818,380268,558943,9230090,1995968.0,8554675,1774028.0,3696191.0,8355744,345739,1103800,482968,69747,4393448,2660096,283190,187933,363216,,868336,519097,115034,2493249,2641928,625160.0,1429390,71427,338053,1717593,724823,239750,2086378
2022-05-19,0,0,1588151,3904935,2747497,0,1689928,0,0,0,0,14035561,3326286.0,10066153,0.0,0.0,6025609,463523,0,0,0,4760059,3904945,0,0,0,,0,593529,0,0,3836719,0.0,1616561,0,0,0,879851,0,0
2022-05-20,1035957,457029,1421293,3392951,2625237,161579,1558143,554402,5498839,788722,510350,12131184,3588258.0,11955074,1976488.0,1921894.0,6868158,429489,1076658,545939,408681,4777934,4037406,598209,183694,516850,,670926,493613,191259,2869728,3356786,741588.0,2287389,63969,302140,2348712,1108414,163645,1893395
2022-05-23,563180,275511,793718,2494084,2202703,175359,1008391,469579,7588884,421305,291802,14551549,2291086.0,6421039,813472.0,3582452.0,5242997,385545,963299,526554,140423,3219765,2226726,363121,174707,303433,,538841,394349,212193,1510763,2007998,506828.0,1164106,65067,226655,2032519,765952,107352,941324
2022-05-24,671631,272000,730915,2581881,2582622,245764,1028206,349787,8886457,0,474455,14533165,2648963.0,8619779,1024322.0,2932981.0,8292247,485781,747072,433026,81955,3503029,2312803,294594,186837,328813,,474909,300509,163920,3321418,2034263,350651.0,1276077,44289,228179,2005942,810939,93608,1711467
2022-05-25,0,0,0,0,0,0,0,0,0,0,0,0,2935257.0,10296866,0.0,0.0,0,0,0,0,0,0,0,0,0,0,,0,399436,0,0,0,0.0,0,0,0,0,0,0,0
2022-05-26,578826,372561,938622,2285283,3149253,137039,1068788,272459,5306177,470025,354596,7968466,2270796.0,6656903,1189317.0,1034123.0,5795860,333454,722781,330030,56508,3637069,2741419,258024,132246,229685,,528086,330945,96229,1614700,1586289,635419.0,1464625,45618,174686,1729574,884473,69528,1558694
2022-05-27,0,0,0,0,0,0,0,0,0,0,0,0,2803096.0,8390946,0.0,0.0,0,0,0,0,0,0,0,0,0,0,,0,437740,0,0,0,0.0,0,0,0,0,0,0,0
2022-05-30,0,0,0,0,0,0,0,0,0,0,0,0,2434548.0,6139784,0.0,0.0,0,0,0,0,0,0,0,0,0,0,,0,257685,0,0,0,0.0,0,0,0,0,0,0,0
2022-05-31,2335439,337950,1893257,7137618,3810150,771644,1807592,1612763,15617673,756377,975343,12743581,16188660.0,15847010,5214343.0,5583461.0,12425326,811457,2290564,1978554,274729,5095389,8549353,901177,194402,1620223,,1398660,1019567,3484652,5863013,9371395,1198722.0,2383027,295072,623160,6800847,1193371,711844,3116969
2022-06-01,536496,230370,981150,3246759,3014488,304330,1608890,301148,5576037,455462,366832,9533794,3790887.0,6964658,1262015.0,1226298.0,8025692,0,1004114,552366,133446,3039483,2800907,288303,122278,484075,,883093,402036,253411,1679680,2174933,567182.0,1501084,86189,353725,3061177,1178089,97118,1513043
2022-06-02,0,0,0,0,0,0,0,0,0,0,0,0,3133072.0,6662812,0.0,0.0,0,0,0,0,0,0,0,0,0,0,,0,209859,0,0,0,0.0,0,0,0,0,0,0,0
2022-06-03,0,0,0,1534397,1503071,0,0,0,0,0,0,0,1777722.0,5757837,0.0,0.0,0,523873,0,0,0,0,0,0,0,0,,0,183575,0,0,1069966,0.0,815594,0,0,0,576842,0,0
2022-06-06,364755,202943,496756,1405360,1810759,185941,731088,217332,5903423,417329,203504,5754428,1508270.0,4355191,750012.0,887876.0,3278733,388175,498356,274981,64197,2027993,1860110,151274,85238,196867,,419646,236709,148734,1265275,1077621,195225.0,883888,29864,117586,1749282,478241,150700,713520
2022-06-07,582973,214595,738920,1871738,2620109,303765,944549,260696,5674244,551542,395300,7111395,1879828.0,5919168,1028331.0,1489824.0,3497980,823232,809119,474975,94710,3891364,1824079,261716,94267,256740,,587978,437816,218607,2079627,1502788,475841.0,1088317,63614,299267,2496989,537813,105709,1245955
2022-06-08,473052,237239,1271278,2737353,2415634,206150,1226472,350202,6187775,379443,429593,9335127,3995137.0,12059700,853502.0,1556128.0,3897643,546915,963076,458912,86732,3015472,2396213,185918,87459,320191,,711447,329671,158102,1912876,1446490,340926.0,1011625,67773,219567,2076817,603921,73931,1128749
2022-06-09,732106,316940,1064398,2487406,2223991,649789,1141726,350671,7313808,420106,409236,9284551,4973438.0,7121329,1050737.0,3511367.0,4546164,824491,1387772,609654,110582,4685964,2377373,298862,119438,360869,,495035,395682,213145,1456665,1779725,511853.0,1409253,67233,282352,2755572,700570,174336,2102220
2022-06-10,775997,473315,1817582,3729744,3461306,322355,1775652,509061,9324346,517070,580978,15495962,5302696.0,11534949,1415484.0,2601529.0,8771504,809232,1249659,653103,132600,4485972,3222045,239501,114001,389324,,635191,428641,153340,2135271,2492691,549164.0,2280235,58654,433636,3655936,886515,126362,1321328
2022-06-13,776499,456285,1481944,3596154,3889793,296572,1978341,885374,8780916,691587,480627,11736567,5058167.0,11273460,1453430.0,2133441.0,6716229,824715,1117969,702713,155183,7843314,4698245,275855,130845,408072,,1051009,399613,425142,3956902,2781459,573794.0,2006670,98194,284998,3483446,1318580,127606,2323480
2022-06-14,1062155,391871,1192019,3756926,3514211,386702,1265598,620944,6235936,426903,567858,9114076,4155954.0,9354068,1191951.0,1573090.0,6538450,800354,967093,585610,160807,5564754,3057644,367393,141310,337006,,912161,533318,206723,3291914,2539654,655150.0,1853503,91288,309189,3377897,831584,157974,1785459
2022-06-15,831136,453482,1592810,3809267,2960355,257774,1659645,598268,7027128,515262,487662,10462663,3369364.0,9671267,1121135.0,1334828.0,8559287,671651,874999,522779,223910,4684104,3421889,401812,174421,522346,,744667,581255,213674,3182040,2694220,1464448.0,2012761,111265,376232,2684088,864342,85209,1763356
2022-06-16,1138297,386895,1207497,7410335,3008124,273901,1558157,462922,5345650,556539,449835,11018534,3096243.0,9025866,1504174.0,2011111.0,22859870,766952,1315758,680679,181483,5120931,3319069,361928,140140,420223,,673970,549957,173905,4511190,2358425,1680949.0,2583866,87838,302336,2438843,842607,100987,3206835
2022-06-17,1320969,1417383,2634736,7527258,7095172,3072806,3402960,1465689,12036140,955733,1011755,21270123,8811849.0,29915265,3712332.0,3480015.0,19289470,1562357,3517543,2307510,427283,10381607,8659417,794903,339745,916347,,1140804,1614201,362668,3931091,5838205,3079922.0,5348934,181678,989991,6058986,2127352,299377,3531579
2022-06-20,326764,309403,688793,2206746,2470178,503300,822033,418388,6333413,351923,245937,0,1980776.0,7677456,704082.0,1287005.0,4841611,488692,1140258,805490,83476,2717061,1856646,266353,135951,275360,,522022,475736,194736,2106051,1255141,894890.0,1426148,44992,488619,1399794,598309,94800,1181932
2022-06-21,429834,419151,785860,3139952,6229104,339216,969834,314711,8369062,345824,373555,8089711,3441685.0,5361924,928655.0,1309265.0,6651423,1843771,2629797,372573,118936,3503450,2127892,249291,190094,312424,,511324,607068,209419,1910982,1448903,836738.0,1530655,50875,362431,2023199,639999,112740,1589970
2022-06-22,540977,468938,1064903,6065374,4196714,419458,1380068,588981,6509431,677785,336895,8483780,2979242.0,10235981,1353990.0,1245594.0,7627670,1854594,2061766,650842,81839,4127434,3001216,344846,202378,332689,,459837,462421,256531,1837638,1846718,764389.0,1714545,96913,319720,1931737,955349,241662,2062366
2022-06-23,778648,520257,1430610,6135605,3993698,502331,1828040,520125,13218258,430545,366711,28190370,3296356.0,11033396,1610183.0,1294590.0,7051376,867651,1803914,583219,172796,4380963,4503913,326599,165601,370355,,920587,491694,380567,1768484,2149187,574352.0,1883852,112451,323545,2717343,1082669,196702,1233887
2022-06-24,702379,682910,1308269,4060324,5321307,326421,1725586,412675,10524765,508593,407945,18868990,3050591.0,11084041,1328658.0,1253131.0,8739920,896521,1951987,489045,132613,3572291,4012939,524771,119412,430083,,855683,590677,177983,3442968,2073811,1172228.0,1889141,131105,439255,2690108,1384827,122205,4998204
2022-06-27,512511,447297,1069053,3108517,4001268,246097,1156996,538996,6738795,371260,409103,10112593,3195447.0,6880550,1040131.0,1567761.0,6750599,1415945,1507873,0,95892,4096699,2602482,313644,131447,382401,,493935,567308,178756,2854569,1689790,966720.0,1508998,77024,277156,2585682,913070,0,1701080
2022-06-28,877385,322061,788906,3014948,2795521,334672,1016528,416321,6764840,386304,352026,10200558,3187933.0,7338051,1120933.0,1119383.0,4642309,772051,986819,593047,136403,3802519,2304696,261194,133492,323322,,681790,581002,285524,1804973,1783549,953666.0,1528030,57579,285556,1894673,865477,123008,1238822
2022-06-29,610797,325431,881044,3776480,3447646,280027,1436429,473032,7164139,762425,371889,10311991,3686552.0,9706488,1098868.0,2850087.0,6031195,694850,1637820,577448,66693,3796495,3125816,275595,117844,296200,,622261,455493,289061,1877216,1923689,612529.0,1657919,73198,361489,1837971,1406189,240107,1756698
2022-06-30,810125,447233,1463925,7394956,3198388,431666,2801023,551970,7966905,711561,588633,17462311,4332355.0,11767569,1801156.0,3935253.0,14545241,922356,1456966,698000,140232,6580815,5239689,330127,164404,401050,,1057387,715332,221404,4354978,4416465,1370124.0,3579211,99150,362880,3845183,2514846,230363,2172940
2022-07-01,541621,561346,817938,3225657,2173516,374628,1375303,382854,6678851,465576,433607,16767255,3152555.0,7778700,1263526.0,2322295.0,11309346,610101,846220,600429,121607,5940382,3058854,378627,141551,393271,,516769,528649,261654,2991660,1691857,775858.0,2296851,52778,319490,1842400,1052751,101394,1627498
2022-07-04,293699,302019,507166,2720036,1710426,205863,899823,228846,5696547,275946,219115,6573460,1750586.0,5602057,908499.0,1513295.0,8376314,466826,656313,427795,112858,4048510,2788226,143649,92816,257065,,521314,333455,173679,1900347,1096722,482084.0,1339281,51516,220221,2449210,629835,77968,750720
2022-07-05,659231,589615,1619467,5554871,3472768,342550,2140020,649681,7769507,541925,467346,14939788,3392318.0,11348927,1892738.0,2899124.0,7884452,516950,1094274,676642,313506,5652618,4302723,287015,298236,587536,,741541,705022,708370,2205645,2489908,852069.0,2400524,79223,390303,3079089,1552480,165029,1840305
2022-07-06,1197296,358690,1463614,3460029,2354615,348413,1429700,341204,0,0,462732,12809355,3271892.0,10556499,1396242.0,1637310.0,8698324,509921,940276,0,169352,4650932,3383302,292002,238386,400283,,477130,495907,273242,2243058,2464895,596842.0,1679657,93636,392826,2503404,1017681,0,2000921
2022-07-07,593396,369130,1040280,3505882,2077345,523521,1872773,323709,9225816,549512,473211,11169777,3081351.0,12348140,1430120.0,1605649.0,7988069,567867,1121316,540441,133943,6603503,3913441,404690,210822,334638,,877294,550789,200686,1862809,1975185,850630.0,1461394,106920,332146,2494194,1455281,157943,1418160
2022-07-08,565195,389043,781334,5139891,2550293,256274,1784342,316944,10797911,672183,355694,11786040,2392480.0,8041286,1356799.0,2356134.0,8905724,767504,941143,648295,121223,5138213,3874127,278600,186662,250995,,1055583,626021,211070,2108630,1802007,478590.0,1739031,88566,284237,2445641,1834953,178283,1038613
2022-07-11,0,409744,594433,3447930,2109888,233351,1212743,248393,5648565,344822,261997,9147874,1837006.0,5959090,1507809.0,1583316.0,5231913,480776,752815,484953,103441,3445804,3197596,238477,150007,221485,,532428,419956,178951,2193174,1166604,703334.0,1562526,95610,301205,1717747,901885,120423,715653
2022-07-12,0,0,0,0,0,0,0,0,0,0,0,0,2310770.0,8559571,0.0,0.0,0,0,0,0,0,0,0,0,0,0,,0,465529,0,0,0,0.0,0,0,0,0,0,0,0
2022-07-13,479265,380304,1318057,3944250,2304607,224137,1425644,363655,4959298,347567,570799,8667029,2309896.0,7646071,1426634.0,1233465.0,5293631,1048021,1715575,322189,122634,3279992,4001175,259671,161917,319716,,547630,565668,230867,1159359,2205325,840085.0,1723324,70412,327514,2135260,821090,137803,1360288
2022-07-14,625121,641460,1755542,4371252,2446842,248121,1556778,558992,6468309,429442,527005,14089656,3122196.0,10093506,1018096.0,1576362.0,5667047,589468,1094782,353716,119154,3625316,3820841,366749,122086,444829,,552685,455163,189313,2018485,1689438,723893.0,1958580,77050,316200,2112487,904417,161837,1090847
2022-07-15,660236,508393,1026423,4081379,2561043,271263,1766983,376529,9641316,536809,412007,12815063,3252226.0,9093023,1387845.0,1652348.0,8426482,738442,1129827,459420,142368,4341447,4988165,342699,142362,360121,,772942,425221,165948,2561174,2271317,696309.0,2190983,54392,353246,2539093,1425117,136060,848667
2022-07-18,359066,288832,678300,3498960,1774354,218613,966822,384377,6466739,332036,258579,10890379,1784168.0,7702913,1131294.0,1645071.0,7660126,709025,970152,338254,158936,3465209,2724224,300238,128844,193728,,0,459574,148910,2295583,1499414,565715.0,1618170,43022,291322,1397908,946695,79483,1352707
2022-07-19,869024,488533,836608,4642688,3225844,295685,1382168,376223,8766373,402664,344011,10573499,2581247.0,8406137,1470319.0,1109219.0,8294139,688880,1106484,707417,117851,4160898,3477506,343397,149496,295384,,576617,418926,155145,2553486,2226023,676767.0,2222614,65822,360665,2124772,1164283,163442,1287869
2022-07-20,603905,433208,811605,4895949,2622082,217390,1193454,386821,7505135,605037,339120,12759356,3001727.0,8686283,1446127.0,1341087.0,7338757,720180,1055662,531228,103505,4456393,2748669,266044,143928,289573,,598024,453306,177890,1783490,2193259,745283.0,1891704,71089,252016,2090517,1211232,133028,1605095
2022-07-21,358453,362780,1008480,3837275,3192496,189294,1072416,445853,8930368,492873,278957,15730355,2450527.0,10557482,1243018.0,1171297.0,11892289,968521,1839909,450741,114424,5419002,2404588,507442,100340,376845,,605438,490418,288928,1511566,4308757,687498.0,1384930,137402,295881,2078494,1119780,72774,1344234
2022-07-22,529734,354439,819311,2737231,1615281,318073,939952,360516,6358520,446503,339625,11210534,2269316.0,14477196,738303.0,1510589.0,10052990,502263,992147,423590,85257,3410432,1977983,264268,84632,263423,,372226,409176,129798,1584364,3513697,742496.0,1569133,113121,279226,3821139,737584,81574,1524043
2022-07-25,295123,350201,694241,3343016,1418004,198274,1002253,378243,4324632,470405,294119,8028501,1627571.0,7429260,905387.0,1191620.0,7480334,476409,844829,337775,95949,2674612,2161496,257209,100750,232972,,666363,429215,189144,1435411,1859914,880029.0,1279381,110823,234227,1810705,1680360,156918,837328
2022-07-26,573987,206831,640263,3152851,1383446,211308,1270931,306920,4414946,316959,336852,10356708,2470860.0,7278770,1071328.0,1960450.0,5391635,374745,994745,304101,69581,2955424,2622172,177006,172131,248604,,335926,410111,147251,1771819,1464338,746265.0,1293851,53930,171536,2033017,870635,166020,1591363
2022-07-27,1358617,245638,582838,4230247,1962430,290902,825396,265122,4339182,697447,374959,20400279,2515684.0,10665757,908254.0,1382325.0,8256817,631706,1393227,289518,66857,3290702,3433910,177462,240332,190387,,333165,578547,292424,2736497,1555021,698448.0,1095432,94346,238145,3032888,931454,166152,991518
2022-07-28,683581,540875,801069,3003476,2410070,247055,1131025,233815,5181046,576026,445607,15054028,2204964.0,7046143,1256625.0,3699168.0,4079007,3275236,6159206,324480,116407,3890157,3058351,215536,179184,371470,,669364,463159,92550,2170515,1976980,601996.0,1138536,51328,212856,2806468,985513,259837,1516740
2022-07-29,954280,424501,1162686,3394141,2585670,370425,1183673,561816,4434227,649854,560727,9719546,3303106.0,10254830,998685.0,1763354.0,8826504,2965882,3633412,540284,157465,7019235,3086825,362217,237868,470443,,552371,579589,156297,2099576,2585552,677408.0,1524533,121131,365300,2905615,1079154,130630,1906848
2022-08-01,616274,459625,800439,2654685,1741557,245221,889242,300297,4300426,266023,386793,9197173,2552390.0,6600068,1216741.0,1811818.0,4015726,1723277,1792438,382430,114954,3881328,2240864,228882,153723,277948,,267288,521398,182005,1720698,1716363,488345.0,1111550,64320,252234,1763226,1042802,74147,1065562
2022-08-02,473777,389605,652286,2640176,2388667,195571,1238271,300375,3812675,399011,360879,6519488,2210570.0,6657333,944791.0,1774126.0,6029935,1114955,2430992,397663,94078,3259900,2267997,241542,90565,277327,,457554,278730,154167,1292565,1767968,695679.0,1223930,89746,443199,2189405,1226804,64899,1881428
2022-08-03,533326,303356,688556,1687512,2004701,281120,3479341,245139,8215576,453290,320182,8039908,2074568.0,7739774,769173.0,989288.0,5010340,968480,2750564,265690,135932,5207484,3019430,194277,90319,278756,,455640,460923,151086,1864194,1606270,2097012.0,1238404,73891,547969,3076532,1004948,85819,1206707
2022-08-04,528099,0,662437,2186010,3383752,0,1768831,0,6231691,459025,0,9383881,2644930.0,6320318,0.0,0.0,3475927,645041,0,375594,0,6761829,3128523,259263,72467,225826,,0,375996,186292,1606523,1921712,0.0,961643,46318,303600,0,1155393,49770,0
2022-08-05,483964,356935,1797860,2225354,6106060,371021,1460610,329138,4907912,436458,298051,6658176,5086321.0,6019741,904417.0,2468665.0,3710141,827977,1694491,240531,146015,4718586,2081223,266857,99687,252778,,441276,480431,643358,2304867,1583494,912873.0,1181279,73781,247126,2479748,628748,69194,2077531
2022-08-08,347828,290082,868388,1887595,5017442,290760,969376,201263,5899688,348331,231845,6484202,2719404.0,4940892,812819.0,2162909.0,6469849,543793,1539323,344995,72705,3476091,2157053,246614,135298,288909,,327880,478052,446935,1602078,1099572,821522.0,891536,49226,174048,1381311,678735,83947,712057
2022-08-09,588217,205961,646159,1718058,3255300,214784,1044979,395008,4463054,855864,256001,4778154,2376456.0,6142038,630084.0,1377178.0,5720381,701030,1290507,335333,112467,5359668,1540043,209890,72833,403446,,436336,399767,282720,1439378,1642753,693058.0,1514535,42131,168756,1321372,614326,39502,972737
2022-08-10,495610,221803,752127,2174922,2240622,205896,932542,413621,4009993,599124,379756,7714471,2440062.0,6670865,730866.0,2382068.0,7119910,909642,1839111,364875,107744,4037083,1477512,268872,66023,387666,,698547,293769,123125,1879461,1529311,625474.0,1448253,61664,198877,1735752,694655,48793,1276603
2022-08-11,311230,237226,466553,3063478,2319226,195899,824938,385354,2872554,479114,454478,6173146,1710596.0,6767231,937109.0,1589336.0,8063004,624436,1067840,438249,84175,3201866,1334795,284884,118551,214731,,620734,381641,147887,2592188,1562266,428373.0,2125667,85284,245439,1370066,613452,55051,1125996
2022-08-12,451156,260655,823797,2529555,4532250,197169,908982,342873,5800927,553009,600419,8193539,2420308.0,6020426,1446992.0,1652983.0,6959571,371728,1545766,467656,129451,3591403,1661009,209796,89516,289411,,745764,295961,108064,1690896,1693578,546872.0,1779207,67467,285719,1588716,785771,52225,851491
2022-08-15,223310,95842,838328,1935247,2133153,179545,648587,325645,3455450,325366,314879,5628293,1299229.0,3386720,746793.0,1625172.0,3047244,430937,676189,661885,132831,1756666,1231335,98327,88802,188127,,699306,204951,115891,1438785,1276947,381846.0,1090284,51185,140309,1056727,693036,50900,744677
2022-08-16,381856,172780,758340,2024200,2410144,192979,882430,289034,4477101,497751,315385,5706031,2269417.0,6945674,917282.0,1091893.0,7260162,597628,1475175,452514,127219,2381868,1399574,143029,97683,256242,,576998,384469,184408,1905368,1607662,383500.0,1079902,63167,281782,1364948,559821,54861,1113296
2022-08-17,486867,283996,863497,3325862,1827257,179528,1123389,295393,3525245,699786,216711,7844503,1871203.0,5543189,1453150.0,1315599.0,6692566,704916,1811263,672282,100563,4730080,1939799,200588,73367,263853,,548086,341335,178077,1439365,1358581,398599.0,1352544,63897,353817,1729441,726836,91033,1491517
2022-08-18,437516,157072,550668,2369236,1734162,194831,801264,362715,2819296,288444,235869,6872297,1907255.0,4967963,841437.0,1033646.0,6090591,522000,1403055,523839,59063,3418194,1451857,176381,70453,246391,,435442,243337,115889,1262037,1288473,439437.0,1200216,68921,297368,1419592,464479,61319,1927089
2022-08-19,570552,403751,1217091,2794272,2960907,243244,1726184,282760,4854209,501598,406198,10849544,2954855.0,8115750,1105942.0,1245661.0,4542510,467861,1256242,431539,100656,4421322,3083542,260294,134032,356048,,707704,387107,123541,1499259,2056307,562207.0,1870517,135118,274418,3028687,750015,89863,1683417
2022-08-22,934988,228305,894539,4407077,2183149,245033,1712957,363452,5117560,662317,265564,7253829,3084181.0,7741824,1534742.0,1158643.0,6792336,690688,3967116,533682,83884,4790402,2742003,213570,75619,241135,,862186,241129,108360,1119140,1979794,773532.0,1931875,72595,186988,1975328,1190120,108622,1060506
2022-08-23,646467,157103,580853,2591664,2310282,220056,1383035,195091,5989384,568866,233709,9556365,3073426.0,5566234,1073997.0,812358.0,3733368,506224,2049229,408582,80486,3286502,2197419,329762,97554,270812,,642321,299674,108718,1389215,1457977,622239.0,1201366,67364,270526,1629617,856180,87685,1413199
2022-08-24,405098,150285,477414,1704974,1691847,385962,966562,303912,3534446,422486,233559,7979604,2171159.0,3902187,1120963.0,848633.0,4960090,888624,1944034,361799,79030,2481537,2228760,218150,81866,199101,,447094,301419,122037,1316344,1404717,727965.0,1125416,48414,298162,1556061,594068,49299,851137
2022-08-25,350210,134129,541728,1672804,2142222,395863,734876,165075,3122371,613093,257305,5371612,1852867.0,3981091,1845289.0,766448.0,3329666,393954,1047151,406719,98957,3015722,1778662,177072,67657,255737,,358138,216519,127393,1124648,1629838,491004.0,1003647,37159,249162,1531435,488051,55295,1248988
2022-08-26,633008,360609,894469,2928714,2385448,359356,1575240,216744,4009317,1117996,350054,6773632,2394840.0,9597996,829305.0,1048323.0,5902139,549739,2048547,504030,98531,4034138,2788422,205941,105677,492665,,1100837,298690,133294,3266147,2408481,543536.0,1456141,65600,311151,3475178,1325939,83037,1446991
2022-08-29,605025,300522,830076,3065116,4422188,345085,1128919,161763,3946978,567166,233026,5951411,2275052.0,4912571,0.0,958017.0,4693040,419976,965943,317848,66538,4602142,1969692,0,72402,203684,,985945,220364,110779,0,1920603,454398.0,0,65734,151748,1992458,704840,106734,790626
2022-08-30,521746,246110,668926,2637160,3280969,0,1004060,336302,4802762,449705,252299,9503694,2240741.0,5602761,1003997.0,936270.0,7548596,347550,1495039,510105,67786,4190874,2416581,239317,69936,255933,,1198691,307156,138843,3737388,1945783,544434.0,1288156,43611,240266,1841244,1055228,68905,1078015
2022-08-31,648649,468068,1018517,2959389,4171490,374688,1477983,507106,6456681,557191,440376,7873666,2827090.0,10820679,1529378.0,2306543.0,9646483,760008,2075350,857135,150758,4384266,2579501,357870,142867,610343,,1010869,566243,213155,5673539,3555668,765782.0,1921406,78104,434636,3951877,1251472,75332,1203852
2022-09-01,631030,299366,990477,2569270,2478227,245839,1208840,289218,4416577,286721,256444,8479512,3228919.0,7307600,1015944.0,2523956.0,5226555,497323,1220949,527776,107912,4114920,1943324,270101,163050,495559,,646196,340721,222740,2749397,2442804,564274.0,1604606,52714,263726,2473127,812479,94901,1664121
2022-09-02,618112,316045,1083883,3227662,2664322,175713,1267300,390709,8515749,562370,298255,9938059,2743264.0,6808152,899835.0,1850427.0,7309479,529402,1385761,546543,150321,4328006,3231350,226068,154240,504769,,1058792,296724,163688,2090134,2293049,698880.0,1928133,54220,248577,1925943,1392840,84223,1282834
2022-09-05,539463,273992,865306,3884015,1587137,200425,1731330,343613,6085467,623913,288303,11197994,2356027.0,5385136,1088109.0,1874245.0,7322946,389888,977034,556692,100259,2942863,3874435,139043,79180,329464,,1169821,220634,198925,2619194,1757054,438702.0,1580919,31789,238561,1654503,1108204,100022,983089
2022-09-06,490248,320837,633042,2469505,1930233,195524,1607465,357147,7014101,372278,258455,9194142,1982525.0,5219656,829751.0,1708295.0,4236319,437326,857309,376039,84256,3458929,2218159,120002,97859,266126,,1138388,313377,122347,2017055,2401493,370315.0,1457187,46323,314427,1516778,1148858,63830,1045597
2022-09-07,811122,247100,1399765,2721625,2429549,172249,1083337,263453,5727255,389454,304302,11249328,1993636.0,5542173,637637.0,6997708.0,8340469,384863,941394,417368,126332,3647776,1848813,137422,165032,456623,,682615,248465,75876,9450960,1504017,404549.0,1590396,40368,254770,1317190,817314,76742,1626932
2022-09-08,739308,372682,1001614,2402485,3547177,269824,1076804,381701,11752672,502946,334751,18432601,2677653.0,7193604,851059.0,2982931.0,4625210,1042938,1275628,631359,162080,3215557,2837453,239617,120228,499822,,788756,346932,88723,2610590,1764423,474693.0,1676613,55463,482741,2343279,1131469,130623,1589558
2022-09-09,625105,410372,1075376,2353026,2320655,176480,1288559,307671,9913697,425099,271217,12474008,2517875.0,14001554,890823.0,2528658.0,4708718,784745,1494268,394371,153774,3820636,2197430,170940,109921,459148,,824132,422291,119547,1667260,1569812,384496.0,1394785,50031,240664,1913611,853184,102895,1295210
2022-09-12,565222,308210,1551658,3804363,1970486,282284,1712412,303679,8170027,547940,254492,12116664,2831032.0,8307423,1033191.0,2247011.0,4231210,591374,1549560,375781,130688,4317734,3448989,132310,96178,433280,,980583,328088,104883,1178614,1767818,436218.0,1342034,41785,207523,2514602,1153285,88498,1438165
2022-09-13,706808,345680,1192561,2807249,0,263884,1105326,397578,6338536,515436,283186,11060750,2251242.0,7224769,1401157.0,2214820.0,4625068,908100,1119474,444079,177009,4348870,3070445,226941,346140,697807,,904786,486812,134949,3374745,2421251,800400.0,1427780,80410,498535,3161221,1013320,79564,1302765
2022-09-14,584568,291249,890373,3083464,2076536,206965,1236289,306412,6232832,528029,343752,9076547,1932906.0,6854697,1126718.0,2250993.0,5251524,811015,1173452,424520,147305,3488177,2925812,188202,189729,605074,,998318,359317,125009,2506805,1687401,913443.0,1553703,74475,367723,3899060,1038184,140259,1787057
2022-09-15,880409,368715,1033142,3420523,2221686,217512,953732,467849,8819618,471304,353917,13949593,2366472.0,8194000,1010746.0,2849620.0,6106453,521388,1047448,411541,101717,3772149,2127022,270250,312474,433049,,796001,412283,99957,2203509,2202440,599821.0,1518734,56917,230990,2889915,806818,198532,1256896
2022-09-16,2593823,878140,1895260,5497824,4445433,584728,2297547,812210,9348024,1132358,749139,20538411,10731230.0,14685896,3121257.0,19786926.0,13179191,1430627,1721305,1112966,210731,6460322,5775034,529999,448000,772903,,6168811,745153,319255,3645248,3990975,1575410.0,3818323,179320,573615,7510597,3475980,264168,2055639
2022-09-19,536222,235726,636252,2451615,1301283,147135,857539,353804,4224785,346308,334270,7241546,3464707.0,6286423,1195193.0,1946496.0,3631316,579516,1423149,430204,74088,2536479,1470842,186699,144572,384136,,869817,244907,126807,839327,1545793,749937.0,1239974,92368,226237,2081215,1057411,76533,653948
2022-09-20,718571,325800,899618,2719784,1691902,318196,1112949,486214,9438621,434718,307759,8392094,3249852.0,6623950,1171494.0,2302250.0,6221759,714368,1582322,719693,130971,2980182,1811591,228977,246791,472783,,1668415,361591,210726,1241713,1548416,827428.0,1725993,97094,272237,3148987,1207387,132809,1373447
2022-09-21,566910,292046,625428,1747654,1500256,274241,764182,361920,5773620,418691,236215,9398940,3442021.0,5078142,1169243.0,1621188.0,5597930,465585,1332040,410747,141850,3570192,1367175,160383,209342,286603,,879097,384026,536328,1457776,1367144,844262.0,1576010,57242,351967,2311705,1217124,95693,1250728
2022-09-22,641834,303719,941711,2487342,2016895,301218,1008044,252546,8223239,391788,318184,16358469,2911726.0,6929191,870371.0,2390591.0,3419407,739489,2585380,433321,198832,3324557,1930789,218298,124629,354432,,849067,362569,212457,1311593,1613458,912312.0,1556066,90886,303822,2829217,916806,127147,1733172
2022-09-23,855598,693104,1240007,5401195,2994304,418811,1859501,456640,9559064,1031825,496170,15245531,4208132.0,7708401,1436593.0,2216678.0,6312871,826075,2383357,615028,154078,5233968,2821988,307895,263883,456802,,905718,546477,166831,1595390,3057026,1377481.0,1935233,80609,572621,4280291,1274006,164097,1849794
2022-09-26,698729,374148,940979,2280095,3191043,343267,1293187,427069,3967153,845143,245515,9090399,3106008.0,8916717,1207349.0,1948105.0,5965911,521289,1206401,561426,131587,4000769,2205489,253163,185712,395987,,640134,341476,167622,1522200,2674157,932992.0,1367774,104795,395326,2804667,1108307,109416,2184874
2022-09-27,850482,377507,1060461,3000536,2427323,547361,1268460,401497,7006296,722449,509594,15219822,3163740.0,7412921,1393338.0,1975504.0,8742856,526421,1401499,615567,105618,5183301,2423870,358767,143068,382007,,721354,423889,125026,2222954,2218864,877732.0,1437391,75866,276879,3124620,1253447,166442,1893697
2022-09-28,1020820,609142,1734543,4627324,2961208,386396,1543235,466898,9459157,825776,522602,24709992,3535518.0,8451504,1708046.0,1843504.0,6204666,552103,1443185,638258,150460,5250468,2749282,402036,271089,577029,,1153274,493503,176697,1983545,2555441,1504539.0,2055877,99635,301828,4881195,1343591,151285,2284366
2022-09-29,989289,423716,1240381,3629948,2650625,274844,2356566,247800,6425943,877980,445879,13505184,3480548.0,6998501,1572496.0,2055035.0,8151870,640013,1636708,553984,145462,5025904,4101909,306983,120678,626244,,4535627,547398,145814,1783787,1945526,979650.0,1854808,81118,405721,3897753,3027096,258158,2407044
2022-09-30,1464885,409803,1197367,2634013,3141744,297997,1693045,427437,5519581,697822,455154,10709219,3733771.0,12460510,1419584.0,1963266.0,11055987,747544,1820493,535922,214626,5113697,3648879,306230,128327,471790,5079137.0,2901144,422288,176578,1940621,2328560,1393855.0,2017869,123865,345589,4205825,1495848,172012,1579860
2022-10-03,901404,292732,689088,2257882,1670533,289576,1062248,342056,4441400,545430,263962,13941136,2554244.0,5814357,1133271.0,1598402.0,5126964,1122761,1041383,488129,104921,2994447,2511294,171017,108194,351114,2403446.0,1326515,407360,122003,1404647,1443879,984714.0,1410361,123694,237085,2957064,1194046,117450,1493877
2022-10-04,759899,513243,1113865,2815387,3181766,327443,1105266,368476,4569446,541394,462890,12496377,3344790.0,10210497,1448444.0,2460719.0,4881089,1111261,1544216,604041,125045,6485047,2920928,264007,138817,541435,1599630.0,1381474,541981,346919,2948050,2493951,548572.0,1873322,143086,366901,3083132,1515857,142267,1350273
2022-10-05,775574,258284,569424,2384098,2265672,206950,1540008,270011,3739375,965641,337321,10868838,2166362.0,5147082,1116829.0,2030401.0,3994450,684957,1420189,475973,74288,6823637,2697461,203278,68034,353092,1321304.0,1032478,278881,145061,1952046,1418315,501444.0,1342958,83602,303652,2583810,1401551,130726,1422627
2022-10-06,685234,203146,952841,1693445,1771630,235387,913379,226383,2860882,413515,315853,8334226,1648088.0,5076668,946293.0,1718757.0,4774124,486296,1205668,523151,93400,3961066,2066809,363216,86513,405177,2217065.0,905903,498771,140663,1573954,1564883,514242.0,1384661,67182,278996,2642090,1149929,115948,1266902
2022-10-07,1009111,241162,735563,1811165,2345429,241440,745376,278982,2819040,829969,261907,7882187,3582297.0,5917199,1159991.0,2432740.0,4237716,667811,1353932,565394,75154,3647402,2278524,237379,72014,305436,880174.0,622419,378953,122365,1207827,2100531,392057.0,1553165,71187,211195,2451228,766278,95553,1536399
2022-10-10,687813,313455,660515,4969378,2130813,200380,1402943,324715,5139152,762999,220162,10330624,4450755.0,4819154,1176469.0,2052580.0,5589096,923144,1998654,490911,104284,2910846,2177491,223993,82093,368959,846094.0,767438,511403,226020,2037799,1748809,613379.0,1366474,45696,243244,3629421,1376765,208335,1471884
2022-10-11,535213,335167,734062,5247994,1846434,221693,1175295,931035,5639575,377622,272662,10278114,2045124.0,4656221,1363797.0,1512149.0,5514835,660867,1477863,377902,97134,4474705,2670358,151965,146731,516891,1123986.0,874894,1136533,158407,1481973,1869620,476584.0,1465510,88730,603262,2666203,1048051,112486,2063347
2022-10-12,627688,323507,703562,3324529,2945408,242622,1188223,939081,4418970,415196,296264,9289863,2535605.0,5728196,1585992.0,3259787.0,7220935,809390,1554783,481690,243621,3663731,1939609,211107,145342,434535,9901667.0,667342,621191,214447,2217513,1706767,992408.0,1424724,57221,255357,3603383,1010085,181259,1562142
2022-10-13,970729,599154,1030787,3126131,2456442,206472,1410582,489186,6667777,674339,503536,18140608,2913885.0,7624040,1685827.0,2767910.0,8234581,1031968,2123921,632673,324501,5589328,2368282,262339,163480,386015,428569.0,872790,561358,176583,3366873,2321850,739624.0,2395055,64531,436631,4403068,1377090,178820,2151495
2022-10-14,716323,349018,945541,2665717,2431375,209326,1123755,348219,5715831,466319,468145,20234820,2682906.0,7321687,1498844.0,2287059.0,8195437,888608,2208800,476568,122197,4527967,2157075,276124,137414,364458,429830.0,543730,565834,181791,2634721,2472316,846373.0,1819480,78186,434531,4554672,915770,200727,1504788
2022-10-17,611802,235991,667539,1987259,1569333,171442,957252,250371,3707912,408930,346280,11973260,2202582.0,4913812,1360107.0,1472568.0,5529263,750971,1995783,461730,103495,2761376,1776863,147998,170463,273647,339747.0,549362,500089,131925,1176798,1607392,546725.0,1102005,53022,252098,3116018,1477944,171546,1348269
2022-10-18,517632,287108,612647,2490901,1826716,200562,1347975,307065,6129133,390430,358972,13475346,2875156.0,5171356,1521615.0,1389940.0,5270514,673923,2011838,323379,93447,4591551,2913706,182663,154163,327781,409208.0,462529,330744,106577,2317472,1895585,919608.0,1516608,74930,286307,3279075,1047470,154805,1642304
2022-10-19,441897,186341,651768,1781458,1593739,199229,924802,355240,4427811,331802,298473,11245593,1620961.0,5266379,1460365.0,1502049.0,6999807,1728057,4563786,265445,82838,2609239,1794682,343216,107711,269126,370590.0,574911,321807,135791,5110209,1205052,659699.0,1059909,419339,231449,2942821,765707,146561,1147340
2022-10-20,602305,181808,782548,2030400,1649427,190272,1016645,533996,5300990,485259,761547,5764132,2578755.0,6076393,1505609.0,2424351.0,3531666,800100,2458495,279490,105454,3464276,2004413,403288,102758,328640,310989.0,446391,392207,182162,1607687,1501407,801162.0,1160256,194324,247393,2249818,830148,151832,979904
2022-10-21,2343672,587081,1014248,3170028,2516317,295010,1618320,476020,5013290,427517,659782,15737461,3170091.0,8812616,1223624.0,1745541.0,5280100,931259,1855730,558975,261097,4384840,3061172,371351,134325,1084976,501026.0,688024,529499,279487,2286464,3401786,1047639.0,1798159,276241,300497,3584157,1258099,77241,1709161
2022-10-24,1023030,324612,874213,2586843,1678037,215752,1458093,257748,6390417,678996,312602,10989972,2034210.0,5894474,883335.0,1340831.0,6871072,767329,1754185,577802,105734,3628279,2501917,174785,140489,420960,550487.0,702702,353477,113508,1564989,2260207,621065.0,1351186,156263,243679,2603635,982257,151956,1307393
2022-10-25,2593953,272159,826195,3308342,1733522,214223,1075479,313136,4620602,486172,289672,10904268,2583951.0,5738070,856987.0,2185935.0,5119493,738858,1582859,293184,81692,3474589,2382138,254817,236019,394588,460671.0,493113,293311,122772,1852542,4124051,668101.0,1279041,101942,293454,4215117,853827,133588,1442617
2022-10-26,1319846,219990,676393,3944074,1766250,464419,995479,149587,5028667,418484,318661,14405725,1996645.0,5943060,957846.0,1938430.0,3224491,626889,2244303,425619,147634,3675868,2716922,185783,197631,284270,269652.0,459618,302198,149860,1273922,2694153,474283.0,1126686,69660,455743,3094888,844878,87939,1843851
2022-10-27,1202931,329431,911519,2698211,1653514,420220,899804,220457,5928511,402335,373102,20602859,3596016.0,5786078,1489749.0,1280938.0,4821102,909097,1286549,496955,105632,5105630,2247948,268888,198991,368066,433145.0,618173,354477,79857,1219955,2103197,421538.0,1371811,77342,356340,3177803,870180,160564,1245235
2022-10-28,906780,498175,820050,2133275,1793762,494399,922600,217344,3818421,313217,341399,9506676,2587345.0,10738067,1140310.0,1505695.0,3651145,2330939,1957208,583780,134776,3657085,2818548,246286,207484,314540,560826.0,689205,418154,79103,947402,2299724,338884.0,1205247,58136,259414,2893915,1595024,117822,967840
2022-10-31,644178,281111,804069,1991798,1294848,322576,863920,256060,5049868,330624,305403,10031583,1687512.0,7635744,978678.0,1595822.0,5131549,2472811,3635605,462918,73331,2863165,1472138,305326,168043,260391,588243.0,647711,503182,84642,1114062,1487248,442503.0,973961,83502,319268,2865503,805520,86056,1472040
2022-11-01,723528,269186,714016,2022800,1462477,229533,902999,262052,5307967,423884,389826,7278279,1852364.0,4925599,1154218.0,1917870.0,4474738,1453588,1630586,305498,68285,3006328,1617080,220766,153768,253299,452231.0,618050,377296,82739,1029889,1425473,381587.0,1192887,96330,231546,2790191,933241,53226,1711690
2022-11-02,860172,197712,837546,1656138,1476862,339957,1157247,224875,5240192,444074,273078,6777249,3088800.0,6249643,1169412.0,2370681.0,2872134,1132146,1822794,455268,83497,2591137,1935690,205211,145557,270983,489465.0,529063,388669,108600,902526,1629157,551579.0,1345903,79403,237395,3665342,742898,125789,2298193
2022-11-03,933785,228232,734559,1785945,1458818,232829,2132408,245602,4897012,640736,306753,6467970,2162597.0,4507689,1147354.0,1665762.0,3103242,1241172,1378230,521813,156506,3247470,2531028,224430,105517,247709,452700.0,867439,320891,68007,1028415,1424973,579817.0,1198964,70830,374955,2610781,1125988,90232,2797674
2022-11-04,4104049,549952,953977,3477866,2096827,397263,1569808,264587,5916168,968483,446087,9840712,2748104.0,8304901,1121596.0,1599785.0,5794441,692399,1785472,433489,180389,4338129,2986616,244544,171037,330007,361874.0,763086,503532,261537,1356257,2275111,531207.0,1564941,82104,293221,4896112,1692303,96460,1618608
2022-11-07,1316309,234101,985835,2409048,1850537,259615,1351929,268423,6805889,692884,446450,7553470,2674382.0,5356680,1010592.0,1632463.0,4864185,821169,1642235,534014,87820,3936650,1982248,185129,92475,319445,333079.0,790628,449170,157140,1284823,1677225,695312.0,1213440,42509,273201,2140915,1081547,71520,1114323
2022-11-08,1825055,429729,642612,2286638,5620757,198733,1326961,425779,4104389,586165,281767,6350854,2524752.0,4353129,1436791.0,2443511.0,4890698,509343,1220400,728593,103051,5964328,2214419,246315,135267,399397,246929.0,696449,611055,91942,1465308,1389565,613348.0,949522,93968,273880,2388541,957613,97928,983590
2022-11-09,1819798,436152,696967,2399984,5763390,226907,1161232,703264,17078656,701133,270928,10202874,2496380.0,5926172,1166796.0,2055968.0,5874511,640609,1082795,507802,103770,3434683,1656985,226296,120679,321829,239631.0,632150,402578,165071,1588722,1444027,1391185.0,1142640,67844,204325,1996350,762043,130326,1223285
2022-11-10,1358143,1374280,2376587,0,0,453108,1726552,578808,0,1386727,546793,12473082,5414254.0,16926958,2079163.0,3950795.0,7793841,990030,1768015,996677,193470,8045971,4408393,532073,245576,520850,366895.0,1246970,883699,354211,2901570,5244934,1337035.0,2572164,138171,599012,6580674,1395137,115102,2559269
2022-11-11,1358362,740881,1570501,4347291,4270279,546046,1457198,849267,8501541,622928,822759,14581534,4105288.0,14515873,2263631.0,2325633.0,7617537,1030825,3083195,708678,174279,6536118,3448590,304073,203276,469341,424886.0,1668596,522391,332354,2423546,3527859,1315088.0,1821428,116395,399567,4499713,1527622,193982,3344472
2022-11-14,1010308,449997,1222427,3171903,2890597,285254,934839,289286,7688460,472779,298824,7329376,2899582.0,8047206,1912765.0,1602523.0,7201997,560482,1506210,423616,159824,10984540,1863787,398241,116507,367194,193391.0,520021,326828,392534,2452503,2086947,618367.0,1596701,106063,254810,2285330,984648,91490,2173394
2022-11-15,1055741,688043,1345312,3333244,3906364,270492,1169537,621641,9025300,897838,349430,10517381,2787170.0,7942318,1675827.0,2447641.0,5694759,824540,1341365,581262,122849,9044493,1814287,316812,175364,310679,340962.0,738786,493547,242754,1876915,2336220,676374.0,1800227,116914,439734,3553941,1014477,113312,2180141
2022-11-16,757179,615520,1015861,2741384,2573663,342073,1654373,387239,5310328,751816,439339,8055010,3078790.0,7371827,2017201.0,4451390.0,4724318,659906,1726036,651456,152923,7520057,5855377,260107,141630,390378,408578.0,1389378,512969,223505,1770933,2124046,723250.0,1633670,133465,352078,2811795,1562330,75498,1473706
2022-11-17,521373,364229,904601,2469408,1647556,255793,938764,351868,6092270,686885,252975,5452795,2120678.0,5559931,1750873.0,2718184.0,4075138,685293,1049454,388767,88597,5074346,2955510,233889,422067,283570,310967.0,579823,376799,197008,2159462,1855337,423743.0,3820919,77654,281198,2173748,886739,82850,1444685
2022-11-18,1106151,761011,1444425,3735973,3460506,321567,1502840,497286,5283749,655700,560504,13274434,3662282.0,13541326,2415455.0,3295991.0,8099226,741785,1632655,547204,183441,5301449,4348709,287163,248502,523722,242920.0,728119,502622,128552,2150265,3732507,800305.0,3343699,87105,373135,2695107,1155420,81466,1915294
2022-11-21,629747,451030,622826,2029774,1821316,281357,686990,331525,5311342,292986,197467,6870303,2147513.0,6735346,949755.0,1736362.0,2883660,512986,868887,628091,98491,2857518,1389921,416781,105086,193674,239185.0,450476,450345,184182,1014781,1735889,461446.0,1709757,57481,314923,2211123,627606,61672,1357204
2022-11-22,513158,452587,747912,2869362,2067401,217368,770553,320504,4400718,382656,258331,5604590,1699972.0,5421311,917584.0,1819171.0,4706128,851436,1460406,281271,198585,3791434,1597248,556057,123280,205878,352650.0,481155,279149,284775,1304682,1426931,412062.0,1296715,85760,346146,2121807,747163,54307,879175
2022-11-23,425774,539146,636122,2000156,1862807,263125,780003,297950,3610698,311057,214203,6322090,2074942.0,6121969,1201099.0,2680793.0,3780669,628128,1299404,295805,104843,3763204,1565578,230299,155879,241156,361428.0,520320,212440,130408,1521224,1814147,780097.0,1193916,59529,247341,2215715,1025402,51188,840582
2022-11-24,357085,253810,788197,1928731,1744348,224739,849772,240843,5862712,234280,181999,5644328,1726190.0,5886830,821965.0,2415799.0,3798264,246683,928092,326688,65680,2135675,1181204,229287,79260,242174,139609.0,530903,174127,106345,1204505,970766,324217.0,635109,45964,162670,2681721,840947,82486,961422
2022-11-25,478674,577700,866998,0,0,167913,933054,267328,5003138,197798,223215,7963727,2022528.0,5319970,965493.0,2192188.0,3365143,559668,867238,285596,71137,2247473,1251984,154342,82836,253568,177693.0,328442,369548,76544,1648661,1395009,373353.0,1222111,42461,167568,1634340,844322,52553,698451
2022-11-28,552970,675235,970797,2239466,1872633,203309,1222091,1498241,3676601,261212,248424,5924357,2073268.0,6396648,1021131.0,1959527.0,3362419,553236,1696643,505360,107128,4719939,1822227,219823,95276,375525,246088.0,404893,409904,124810,1796706,1614733,638389.0,1611157,46724,264597,2033360,864492,47756,902156
2022-11-29,634258,299797,1085146,2147838,1668243,216469,1274432,1017136,3506953,398480,245935,4868105,2063715.0,6383330,896677.0,1838469.0,3059528,450414,1192488,295554,108935,3370721,2166881,220832,92242,366599,184455.0,539164,405888,81098,2047972,1794557,440884.0,1366675,56087,236107,2186970,827514,49866,1549614
2022-11-30,737949,357597,1864095,3429311,4165305,763133,2224421,995925,5924370,807235,992670,8038077,4525034.0,12655136,2056205.0,3571376.0,7472340,1366227,3563384,783258,306639,6773874,4058987,386932,244354,712894,1875288.0,1524347,668632,318267,3407905,2808744,2134236.0,2568502,128771,517961,3894150,1515956,81600,1780565
2022-12-01,621297,331099,899019,2872543,1927690,268408,1084490,324625,6498391,440484,385679,9702468,1960949.0,7256149,1100521.0,2333811.0,4480731,597534,1157900,454454,122378,5052979,1819216,251639,117894,366022,394158.0,804117,443462,167969,1617825,1585864,480201.0,1388906,66183,428857,3557516,822371,109455,1691258
2022-12-02,604971,368043,1114498,2509795,2184541,207258,921996,361305,4411503,370238,361106,6972588,2762302.0,6963284,1815831.0,1775618.0,4275395,715267,1318459,292092,105640,3371374,1784916,198822,102726,407585,202643.0,620493,381357,140322,1225091,1641936,456143.0,1488241,54946,521209,2419777,945911,79312,1298198
2022-12-05,561951,264256,651682,2111883,3062782,191903,870971,373525,4309662,337860,303099,8574648,1584837.0,4899076,954271.0,2537537.0,3790807,786325,1207762,454521,73228,2949250,2148286,146141,125568,219246,314934.0,607227,374677,112179,1026520,1074092,365075.0,1233170,44028,358593,1829217,1066281,89027,871234
2022-12-06,583092,274986,1030150,1944656,1862121,219793,766946,319024,3712583,231601,227216,7514624,2037768.0,4981425,1299009.0,1550162.0,3901136,1504472,1556939,517015,133472,3388362,1529196,171241,95739,565178,256994.0,587589,368689,125302,1305517,1853687,599727.0,1340594,56782,246354,2177551,905360,61210,1045343
2022-12-07,485959,547866,1213896,2396424,1997961,221723,1024766,457425,4529126,254623,290374,6879955,2119122.0,5495082,1048372.0,2099621.0,3689220,934191,1181028,449187,101840,3544356,1582496,180831,120984,494934,254065.0,548404,462062,121359,954056,2174728,430958.0,1434717,48743,334445,2820722,1048041,98091,1131869
2022-12-08,458121,283301,793668,1802377,2064612,251248,2234059,400001,2590696,404646,227591,5573833,2549242.0,5914137,857335.0,1551703.0,3082799,402101,1406277,287713,118218,2866124,1804621,207833,98943,327626,463136.0,638363,380181,129527,935415,1347419,385285.0,1089630,46465,287865,2479165,1154909,60530,563690
2022-12-09,519137,311540,865589,1683741,1885140,150060,1020500,646796,7068177,540043,225022,6945486,2041364.0,8631242,1042136.0,2617326.0,3214680,474491,959823,286664,87166,2949228,2692302,406011,98512,411274,290889.0,570257,346271,124866,1069524,1513004,519009.0,1274430,97667,242672,2014708,1229440,82800,768622
2022-12-12,386176,260182,733893,2078818,1868196,230936,836876,390688,4189204,290398,365728,4997210,2176414.0,5764155,867140.0,2546862.0,2663506,385257,2189071,559541,90716,2983754,1797201,340569,115234,315907,240855.0,390348,282444,151638,782170,1501035,376134.0,1376947,60731,329416,1975285,1111445,68316,1009975
2022-12-13,797534,375469,1076314,3193409,2341650,257353,1321576,942901,5535830,473130,404910,8755542,3044040.0,7128069,1010048.0,3580741.0,3910863,537838,1210050,526405,116491,5572110,2463128,421269,131541,476771,256470.0,850573,367756,173007,1637840,2609418,466089.0,1890766,86640,341446,0,1408240,202336,1920981
2022-12-14,541099,276009,969573,2543304,3136941,250961,1131896,797818,4239748,370942,302973,6248735,2008290.0,10388966,716909.0,1897586.0,5671851,368684,1022034,410341,97629,3352705,2312355,442773,79230,405173,200140.0,704327,389637,172445,1820350,1936654,433502.0,1605669,40372,300404,2394503,1117850,168697,820712
2022-12-15,981327,498262,1594215,3877945,3413536,295389,1648528,533067,5661562,555616,351620,13152769,5349459.0,8763357,1958036.0,2858110.0,5441708,796166,1819606,489383,137272,5643962,3837595,348365,139814,669296,513009.0,1161452,387565,142968,1625589,3096262,856468.0,2567796,63684,324570,5306734,1946162,77928,1569771
2022-12-16,1549332,1052225,2387673,6157075,9213424,659189,2832220,910079,17372826,737636,962630,18360826,7870201.0,18597369,2790813.0,3308121.0,14976521,1726197,2949232,1590946,259752,9907863,5172715,825183,404697,886475,3615659.0,2121739,878979,231768,2732077,7309960,1267020.0,3466192,160938,779464,18873568,4119125,153595,2037484
2022-12-19,462728,153536,688093,1894993,2310033,170112,908154,392716,4684197,382810,319595,5155022,4583791.0,5417818,895992.0,1563525.0,3435626,371679,792597,488255,81621,2643667,1503334,237884,114381,237737,453553.0,921948,328868,316052,797858,1465374,417173.0,1108827,42205,292316,2806278,2519851,72426,654950
2022-12-20,561316,161442,586654,2031572,2745130,237844,915769,748961,16705478,240119,285089,14956743,2931570.0,4976733,920728.0,1621865.0,2918139,376911,775422,398205,104662,2772084,1788337,212539,101010,230428,428456.0,774721,229267,278464,1281186,1421535,728505.0,1063824,72068,253484,2119274,1637275,48934,567008
2022-12-21,885425,176268,634649,1501316,2421742,210348,764068,511129,6820132,247861,224308,8155800,1950355.0,4934820,701899.0,2036296.0,2688633,290276,638079,440611,107717,2532143,1292377,187891,102628,300990,333290.0,564799,247084,152375,596119,1163670,410363.0,863572,42058,236632,2416971,1078014,79619,726627
2022-12-22,366134,183351,558340,1370649,1991801,160516,1129869,395593,3433580,278724,249626,7529879,1988815.0,4219393,882534.0,1607245.0,2406596,395685,669917,342288,108184,2562306,1950310,186678,69249,227551,322635.0,1086660,171045,171174,1080735,1240491,316765.0,834797,40756,189542,1619543,2215964,103941,594082
2022-12-23,279834,171504,338205,1321140,1465833,117754,432251,276130,3404408,228553,122943,3388365,1228483.0,3729422,627340.0,1095269.0,1770180,339667,589050,215182,74552,1687872,961726,144799,48787,182908,204385.0,528562,195274,86921,751083,857236,244812.0,569670,37826,152203,1430167,963065,44389,690526
2022-12-27,224479,116506,309934,1181785,1296816,79492,358295,159769,1879182,138394,113661,3160258,971165.0,2048325,514962.0,1250024.0,1925502,264334,426619,155575,51040,1716508,744145,167750,46346,113755,250908.0,348247,181037,85688,394321,577563,146243.0,406724,41535,117327,1075941,523550,31926,528630
2022-12-28,279425,114260,359995,1048904,1327402,102518,642514,214766,2493617,247691,170080,3598372,1340742.0,2615531,660063.0,973351.0,2136588,219306,611003,276259,65204,1688736,1293906,156949,53830,152004,307152.0,456312,308120,103665,568317,651863,247138.0,544622,50857,171116,1475076,751895,75874,399546
2022-12-29,388380,123711,430226,1039546,1303740,141456,466540,229077,2774721,199898,131966,3979910,1236137.0,3387405,651140.0,917781.0,3974707,277552,576939,248807,48007,1923089,1006366,91464,48136,133667,187746.0,530063,279356,77087,965815,859679,251649.0,637451,61308,106051,1639725,645867,63575,581961
2022-12-30,251398,117865,406135,797598,1085279,77993,532248,178637,1383459,134193,144814,3179716,1082890.0,4255660,426185.0,516249.0,2034096,310473,470234,188618,50399,1207237,867268,111058,49344,129361,116065.0,322330,128231,94572,588538,749367,276976.0,579335,44839,143880,1233295,365926,21166,377387
2023-01-02,278889,216815,513902,1967041,1400857,92823,789996,197576,2644694,320845,245692,5904673,1398838.0,3033033,704632.0,1297063.0,2888855,286299,463128,230801,81154,1321427,1836012,103985,76491,188048,189008.0,621933,223653,161375,803972,923508,208956.0,837714,82165,102884,1560896,959150,40479,765275
2023-01-03,437757,252262,747880,3344995,2241087,197109,862444,1035830,8197935,361813,245925,8306776,2467185.0,6455401,862133.0,2180401.0,5438009,804664,1225804,246432,103318,3275655,1630673,216630,109595,230117,465823.0,522563,352703,167973,2662063,1462210,551588.0,1426478,77620,257216,2425812,898911,60994,961485
2023-01-04,870762,346523,1561576,4240717,3050559,208241,1054287,476281,7546665,481271,368250,14036108,2961554.0,7028871,836833.0,2245459.0,6979526,774117,1017885,299995,117444,4613734,2715145,382212,143617,601906,448572.0,591639,436294,169681,4830029,1651526,455208.0,1523962,70308,228594,2986086,1302364,240045,939380
2023-01-05,421267,201044,753061,3592362,2330820,213097,960298,539051,5016295,301252,274672,10433214,2231119.0,8873239,924435.0,1724350.0,6537929,589163,830844,497433,85248,2157835,1793620,289040,100670,302098,310572.0,551544,251759,173373,2422286,1223774,322494.0,1056652,76012,234322,1762585,1123776,265336,1499780
2023-01-06,518333,276289,829185,2592280,2108143,163458,944058,398264,3198849,389507,431088,9616404,2982476.0,6477491,1126056.0,1586157.0,3651409,479839,1218562,525121,71295,2887203,2127422,261041,95738,305895,325291.0,516510,404475,274016,2319999,1347636,543758.0,1263457,86760,206469,1925775,951945,134747,823257
2023-01-09,773636,308588,1123011,2790442,4945513,158875,959129,411120,3970385,329214,451254,8536936,2495217.0,7501703,832812.0,2406126.0,4755055,622764,1039474,769975,110028,4553046,2399636,299609,125383,376522,480397.0,715804,337300,245653,2281672,2172304,524500.0,1323198,87364,228166,3234241,1020922,127765,1214101
2023-01-10,494204,349636,837089,3082636,5039098,157288,1263650,348496,3619473,422686,460605,6334552,1990963.0,6544697,1093948.0,2243737.0,4632373,860665,1904297,400084,127722,2781843,2376716,269791,118516,285073,469619.0,837682,348467,197302,1427990,1363833,443320.0,843410,71107,270879,2233487,1011636,131249,1338845
2023-01-11,808600,298573,922664,2839224,5435157,405797,1303118,518633,3902491,527866,368892,7080438,2543603.0,7839825,782757.0,3866162.0,2930734,929564,1370538,392612,188116,3718988,2116073,500297,121818,361533,521883.0,770697,344498,183524,2370702,1720861,667399.0,1164125,125217,486035,4683424,1014307,394318,1027574
2023-01-12,559425,438210,1016058,3007680,3386501,176872,1550323,696568,5656156,674338,330418,7619292,2425977.0,6964026,1143981.0,2729276.0,4401168,610771,1599064,585735,206787,3668918,2712212,414599,157667,280449,559626.0,1091503,459668,180618,2776814,1880775,450630.0,1128810,88926,519277,4365393,1168055,296093,1498555
2023-01-13,483063,439582,1076232,2501604,3875890,214040,1701596,389903,4009255,503896,418033,9428713,2381082.0,6769147,2355199.0,1759409.0,4232695,454253,1101087,388806,205378,4155255,3072434,327394,186087,277169,0.0,1463442,467186,177793,2227719,1774166,0.0,1278327,88158,388554,2412418,2377610,129066,0
2023-01-16,541393,199073,937047,2923417,1479439,152187,481523,158859,3057129,207057,165709,6139378,1838299.0,4573332,968662.0,1898470.0,2143653,446021,1082979,329126,122476,1892101,1466111,124900,86199,199322,479892.0,365898,168540,148339,1335771,952506,261500.0,796311,73989,160120,1997082,857558,98875,916056
2023-01-17,500540,368601,806713,2438711,2365118,188936,1224348,353493,5700237,402245,284172,9266647,3078264.0,5737019,1377961.0,1860697.0,4202505,677459,1017306,588397,114447,3433582,1582531,300927,142244,259288,573345.0,654265,239010,179483,1655155,1482660,379733.0,1381539,71957,268787,3286377,1452762,190851,1704590
2023-01-18,432707,297280,736325,4019550,2443283,216279,826430,530594,7033525,932979,325609,8855482,3133924.0,7385838,1145144.0,1834365.0,3549571,702103,921975,496928,196091,2792592,1245010,415485,109537,265206,366354.0,479352,321259,190356,1715551,1656208,480912.0,1082084,55559,243450,3425208,784868,172761,1160605
2023-01-19,655332,452583,1044193,3023788,2593212,290302,1434384,448691,6613175,935188,324905,9530764,3739418.0,6823948,1370237.0,2543731.0,4269492,647006,1260151,512012,124877,3554279,2152459,475061,231183,290773,452507.0,707319,363535,214604,1478970,2203122,560055.0,1714825,52060,302061,2645379,1132216,128302,1385575
2023-01-20,552986,312908,1283882,3496093,2173507,162315,1219938,241738,3764945,542953,392137,8561500,2793634.0,8221177,950940.0,4025472.0,4632479,440791,925718,467148,85964,4040476,2128467,287722,129249,329384,500706.0,473480,349638,295659,1917700,1802253,571370.0,1284462,56707,272377,2840463,1283760,124080,1131475
2023-01-23,373064,155047,713294,1208110,1670144,163400,779097,262538,3935414,388097,288114,5341974,1447162.0,4173901,952360.0,1757090.0,1985448,349383,932154,287158,109042,2771863,1724442,186491,125398,259032,279689.0,390634,220593,200316,1157399,1099041,717834.0,839297,76445,1416050,1653255,756741,182775,904260
2023-01-24,306602,190392,737719,1823231,1698502,183301,781646,242110,3531306,461885,296540,5781917,2292493.0,5909233,1542085.0,2129823.0,4710419,365093,994716,404310,81099,2756523,2031321,158359,191427,235297,389089.0,674767,233791,251328,994321,1327348,499227.0,829307,119518,566133,1803761,1233427,132625,890942
2023-01-25,499916,237997,685940,1259946,1634294,144817,816744,245646,4411663,329755,242915,11874918,1926688.0,4894611,1676870.0,1898990.0,5868764,489479,1789284,340250,79677,2377500,1309779,179413,142774,179992,412194.0,846090,348421,396889,2323617,1259402,409774.0,661439,84558,545992,1817613,814333,101771,883978
2023-01-26,500694,341750,867024,2412368,1774988,233277,956741,346802,5961683,616595,455894,9457563,2733274.0,5472692,1517093.0,1821788.0,5369799,665197,1870405,448721,95490,6200818,1733510,280500,157974,231199,465346.0,694716,323728,313611,1873499,3430189,279560.0,913761,203469,431797,2465636,758255,133620,1033305
2023-01-27,0,0,0,0,0,0,0,0,0,0,0,0,3007833.0,4898194,0.0,0.0,0,0,0,0,0,0,0,0,0,0,0.0,0,465491,0,0,0,0.0,0,0,0,0,0,0,0
2023-01-30,619650,240275,933703,1739897,1996770,223616,1404194,252370,7152366,495915,378967,6856758,3391732.0,4526242,843824.0,2783675.0,3887842,935379,990530,441306,104449,4475768,2593538,213229,159620,198673,579698.0,611552,334099,304472,1465440,2334266,756168.0,893622,80435,298131,2286972,1087960,92004,823488
2023-01-31,477837,360982,959032,2101716,2169496,193071,1503395,302144,7890559,393333,424485,7382450,3200061.0,4774607,992621.0,2359628.0,4219277,969248,1157001,402410,98817,3441477,2386354,237645,166396,265721,564704.0,848288,364128,762763,3283055,2031207,867723.0,1150999,83565,334029,2577521,860562,101847,1119989
2023-02-01,397945,310738,914701,1938360,2263612,178140,1585474,200109,6250324,364154,575322,8527714,2869676.0,5926171,1125270.0,2103243.0,4429389,501028,839455,325456,457791,3580022,2608230,644977,177925,604286,574512.0,862085,342629,370454,1750818,2197111,641524.0,1073862,77226,330861,1941545,902010,324991,797094
2023-02-02,997227,443839,1109547,3629090,2305919,364239,1947245,488582,10631592,738462,573046,47541873,4758801.0,6641575,2379004.0,3076526.0,5822407,762435,1428279,396487,297623,9618599,4335198,471010,155454,296063,875608.0,1071681,436926,316794,1847923,2845182,1904926.0,1712687,159474,464891,4915830,1728308,318369,1554901
2023-02-03,632795,296921,919007,2471023,1972317,186456,1797070,298576,6775069,807119,479926,15935309,2731046.0,9937000,1228522.0,2337501.0,5324028,756160,922093,516446,162387,6095241,3214000,350838,181932,387743,548902.0,1052167,419984,193891,1874558,1918758,870624.0,1303133,112972,342522,3427119,1171379,148268,974878
2023-02-06,484332,281714,854768,1736226,3451097,164891,962405,260263,4129298,526571,228305,9137764,2220929.0,5322006,863479.0,2390349.0,4995268,836362,969254,483534,144573,3289965,1925947,208592,153119,293491,473779.0,685689,309535,163433,1205050,1484608,548360.0,1032436,106115,298336,2214122,708628,68138,1058479
2023-02-07,374460,364316,798192,1605203,2633760,230376,937028,422800,3743314,784653,449448,6676906,1812957.0,5548409,757620.0,5586237.0,6458813,690598,1042345,378220,149088,3138321,1661559,273960,148171,274382,261116.0,620213,407813,138291,1564587,1596841,504212.0,1489430,69876,212576,1964344,786431,96196,853379
2023-02-08,506921,365611,815994,1719398,5781853,248654,907809,274290,4283212,378684,384210,9447917,2816533.0,5533851,1117715.0,3004782.0,5998455,897861,1330350,463601,203854,2631588,1721447,401869,107528,267964,402401.0,776728,514047,179611,1355382,1530868,648614.0,1177517,76598,249341,2056774,1259412,131600,944446
2023-02-09,426865,275989,1370423,1727351,7460309,298178,1272174,454094,5271680,348252,438020,6674936,2207244.0,6192422,1392690.0,2355505.0,4591480,1617040,4477805,405832,173466,3326515,2361035,326488,109993,248895,375664.0,690107,536974,191686,1373093,1312550,480500.0,4102016,76559,416902,2202635,935853,144366,1031421
2023-02-10,3554497,310222,946255,3290765,3386953,167400,1088196,395630,5230473,431185,310916,11291653,3443563.0,4756074,1182002.0,2579651.0,4109167,702874,1752903,360791,96089,3480465,2045968,264580,134010,260933,359651.0,969071,348303,257033,1504922,1638535,483321.0,2134958,62679,521905,2378929,969113,121042,1619254
2023-02-13,701558,237698,554298,1455638,1795029,233503,788382,226302,2697733,227099,197070,5556598,1739405.0,4377964,788298.0,1287868.0,2559192,783283,758224,417022,77035,1974112,1207531,197663,144875,188181,224309.0,469470,289814,231402,1218271,984624,604242.0,780987,71492,211994,1798857,490935,86729,1290542
2023-02-14,603333,280259,883009,2205821,2443717,176938,977868,411695,3275770,327380,248805,9340518,2821355.0,8092363,896673.0,1897895.0,4188950,487740,858963,351646,69998,3225824,1602344,261406,558687,210388,271234.0,605769,275752,186705,1699026,1254696,443478.0,1132545,64513,220617,2872573,840804,91326,1621100
2023-02-15,454815,382124,750997,1813500,2517653,178531,839076,615543,5418214,258669,262734,7289623,1675384.0,7398080,958822.0,1572829.0,2644172,552939,624604,362779,88014,3211414,1530975,175068,367581,216477,210834.0,597419,287441,194897,1968598,1110499,516771.0,1515198,51728,248424,2484371,563530,105501,1039668
2023-02-16,747280,576672,874337,2214033,2313617,196200,932204,417569,23317118,390536,273992,19965197,1883205.0,5432812,1322533.0,2089978.0,3500047,419533,882442,368977,108826,3660103,2101550,259556,192751,225800,249481.0,728162,319402,251674,1500081,1292208,603292.0,1007953,63017,374803,3924074,923758,91297,1336143
2023-02-17,559312,592840,2587672,2164661,1912140,248561,1523028,332518,9169562,495312,340049,12121921,3251222.0,8414901,1085544.0,2034866.0,5060835,680394,1306373,328817,84359,4342803,5170528,315789,179262,299543,316663.0,744840,364374,206598,1587671,1749234,660877.0,1456118,70154,414431,2721196,1054391,70936,1062500
2023-02-20,335599,149279,796616,2271284,986745,120141,587365,148897,7429750,200358,164687,6743150,1407480.0,3053163,444517.0,1073270.0,2497989,401002,647058,217844,71331,2042465,1619956,108651,147691,146834,157896.0,542164,153331,353929,855363,615044,301088.0,594858,34401,179718,1025701,611878,83674,582159
2023-02-21,658813,284515,831286,2003891,1662729,166255,797867,289631,6646587,359101,475402,5266856,1870066.0,4860170,560917.0,2045519.0,4755581,785102,1211669,439793,65427,2550873,1779722,157995,93337,328654,180455.0,623850,407316,286504,2202143,1530426,351357.0,921292,90555,229453,1997318,845515,121297,885151
2023-02-22,516296,273108,1020524,2447350,1488227,230138,787095,472806,8216043,376889,752529,7780115,1568071.0,6582369,826355.0,1820972.0,3144818,3147613,3899234,479018,103499,2898788,1935831,213972,111797,365320,267829.0,537658,285547,434704,1313482,1132309,464093.0,957683,51903,311396,2351332,816015,247029,807081
2023-02-23,379362,232899,813311,2039899,1873376,159144,805804,337883,4794123,207692,525713,5192731,1749943.0,6793571,690589.0,2256349.0,4942900,1499741,3177132,311968,127708,2620537,2167050,160671,105314,1160246,232184.0,538909,406182,273283,898127,1021388,597859.0,933421,54272,286302,1828518,798895,285248,900310
2023-02-24,1189339,1418264,2405874,15255950,5309442,467880,2055368,926109,33366021,734992,996480,9848800,5663616.0,18118862,2317374.0,2594914.0,8411982,1158077,2556640,805983,291360,7650499,5234674,525624,285620,980353,536045.0,1072307,971190,278772,2669296,5340632,1134401.0,3946863,116217,607698,6278310,1743109,265805,1482585
2023-02-27,632995,290461,1086435,4646830,2168680,227494,801424,220577,8392883,412977,310650,5650243,1763595.0,7353397,1306371.0,1348214.0,3202506,528873,1064182,382647,81617,3215448,1552245,218757,169241,438382,346989.0,448864,445425,175396,918897,1252955,690081.0,954536,39204,301082,2263526,581890,124709,1491852
2023-02-28,1919688,235207,1972905,4673550,8452781,386060,1186020,540884,10608634,364094,576681,9980680,2207613.0,9488768,1347663.0,2407500.0,5960144,1088355,2340762,572810,200598,4165699,2395280,375895,256649,634501,426939.0,820953,681779,303541,2789522,1728280,971328.0,1546800,111652,460212,4366070,933181,130582,2189487
2023-03-01,668141,321879,1209852,3534679,2980050,606790,1213269,378385,6412587,390359,331580,8590829,2405287.0,6367279,1078099.0,3120978.0,6245155,874931,1747629,379041,110379,3066828,2058806,310320,133690,439617,273861.0,568020,449666,216561,3173839,1242357,419736.0,1160724,68490,304603,6112128,921144,93811,847707
2023-03-02,551551,232776,816459,2886750,2530685,285892,839282,267193,6391038,305039,268034,7502204,2156819.0,4920701,889273.0,1725364.0,4394939,467184,1469021,452547,99663,4763901,1635655,474000,107746,391949,356562.0,522900,483083,132584,1412464,1434347,377437.0,987149,59712,294513,3793089,921369,120816,1393466
2023-03-03,550231,202750,867566,2411864,1779945,297227,1383102,302435,7592307,605778,316680,6419297,2841202.0,5643108,1670329.0,2423838.0,4264537,755867,1384358,331049,84173,3022923,2941485,277150,86327,272807,519714.0,1782545,231558,117206,1964418,1819425,539772.0,1076253,40047,318936,2957669,4372767,155567,789645
2023-03-06,465041,194049,813076,3025485,1459995,229159,645344,338452,6787071,442182,238749,6916607,1573805.0,5993878,1419725.0,1937895.0,3247859,598897,1557415,541924,105438,3119140,1543597,212133,82170,353723,395790.0,1800311,405261,311043,1274286,2208607,418833.0,751355,46697,343852,3562572,1807270,134018,898418
2023-03-07,537004,192007,762402,2279063,2098090,175848,824731,527494,5087771,523846,298271,7318085,2072321.0,6465754,1100912.0,1952438.0,4809492,774634,1453482,954467,110179,3477626,1336673,348990,97622,279290,347210.0,1172494,448569,233825,1714852,1234479,717725.0,1058064,47204,387887,10205871,738584,144842,2351442
2023-03-08,1360544,313674,962896,2605483,2955610,205132,928097,753964,4801447,1325115,420575,6998563,3135079.0,5819536,905739.0,1480755.0,3943180,356056,1250358,690549,95120,4076955,1804184,251246,102176,298031,407705.0,770582,426830,297140,1912404,1359747,498738.0,1720525,68730,1051575,4515350,890326,139988,1599471
2023-03-09,937873,173671,1091237,1659878,1486828,228059,2224785,615847,5405797,578644,265740,4831998,3959869.0,4012327,804785.0,2005290.0,4058376,540078,1271805,551411,284764,2159095,1935647,184089,77880,302948,520674.0,685337,294988,242815,1342541,1025204,396251.0,1365518,74637,433643,8395490,1144051,117456,1205557
2023-03-10,777860,235018,1844925,2745125,2234812,189111,1638110,383702,16442736,683847,437198,35032851,3122760.0,7814135,2850291.0,2195638.0,4975858,679503,1624857,582596,156397,4674071,2665376,189155,108271,330562,603948.0,773675,534976,177628,1591829,1522059,537143.0,1487332,54216,281975,7789977,1168787,132228,1427338
2023-03-13,759185,471972,2559151,5650106,3238876,301839,1719463,537200,40292614,782551,406012,34947205,4065887.0,11635170,2190852.0,2907852.0,7365242,893230,1755297,708253,190820,4856103,4137051,295658,160417,583036,666452.0,1148624,520435,300508,1737144,2765499,740212.0,2206899,89640,464519,8239395,1872646,165363,1607626
2023-03-14,620522,366433,1438271,3057144,1693347,204578,1738945,823738,18443046,598408,398120,18529040,2520967.0,8567152,1365541.0,2125518.0,8145114,626819,1212730,465880,189157,3351234,2859137,244105,116634,513846,767053.0,1080691,683517,242526,2775838,1783373,617208.0,1593475,78599,357136,6052043,2235326,232570,1449631
2023-03-15,980547,703045,2380466,5292272,2984296,285940,2138658,793754,24806022,886073,600691,31934640,4039334.0,12890543,1923108.0,3711019.0,17452962,773407,1978104,742059,232773,6513412,4519645,408504,174050,731217,618461.0,2264386,606794,351264,3637931,2876509,797985.0,2516705,129079,460975,7341443,2568113,158586,1340054
2023-03-16,744969,400198,1846413,3649612,2795575,335891,1608880,435329,17564495,855545,617756,30759616,3220572.0,10908549,1536153.0,8934641.0,14850129,1023827,1300227,620110,214118,5132007,4593018,326461,136363,455374,423757.0,2018336,577199,544012,2611270,2807670,747383.0,2031435,99125,520143,8754787,2056988,188362,1288726
2023-03-17,1315600,1222718,3253455,7187730,6773765,559228,4501926,1314698,21910398,1118983,961553,30500661,8152510.0,21644352,4083959.0,6269726.0,19105491,6889202,3073504,1080115,344105,9094887,9158469,710283,316676,1268093,1214764.0,1859119,972737,1611614,4396781,5400835,1920428.0,4578830,118507,1127636,15019700,3555214,263530,1417936
2023-03-20,706785,343008,1993817,2617632,2304644,173251,1152161,461550,20095276,488188,691874,41683233,2586315.0,8931537,1221972.0,3259452.0,7984559,980523,1226182,393328,174647,4200912,2625711,275010,126793,520484,375139.0,1035933,339075,449918,2301553,1971293,714394.0,1450323,55609,403139,5629118,1411845,140701,1466210
2023-03-21,820787,329295,1269560,2125911,2006943,245593,937647,380619,16344871,391250,504925,22579889,2276798.0,6509311,952765.0,3621669.0,5557875,530860,1284717,606817,132406,3535246,2673789,301331,117763,375820,399084.0,780110,371528,333417,2866763,1529457,499151.0,1423746,59963,316042,5702269,1075058,87922,1535698
2023-03-22,868624,199901,933652,2583035,1909871,289104,886724,363249,9737219,327109,337117,16660558,1834663.0,9147253,916905.0,2027903.0,6862017,394482,619636,470885,113364,3482453,1921978,236853,86196,224065,411365.0,962460,321655,192807,2326642,1244009,646864.0,1232664,41611,292556,7774144,675625,120199,1805188
2023-03-23,476884,245252,920827,1969936,1586844,271933,804672,530204,9324254,519179,500966,16945466,2531925.0,5772627,961981.0,7887331.0,6398748,503982,948768,423845,99968,4201395,1650894,272928,86974,229377,281331.0,915689,366662,328160,2050401,1610398,451781.0,1171187,48385,459623,5685972,1164750,99276,1058234
2023-03-24,507931,362651,1208889,3399315,2400463,245796,1434754,732294,23646204,425812,606867,88041869,2559331.0,7698108,1874261.0,2550848.0,6544236,490514,1438276,934955,162842,5218313,3513012,405259,116818,316584,425194.0,1125576,393179,307090,3194075,2014219,571147.0,1650259,75369,494969,8980023,2189438,123067,894989
2023-03-27,532515,262538,925804,1869193,1576063,197292,859592,406868,10649320,318738,312669,32872300,2129901.0,5168929,1220350.0,1966438.0,6123663,465573,1062858,555074,183537,2806047,2052688,420533,111160,207977,344569.0,887116,306103,354655,2037842,1257060,424379.0,1031831,87343,265280,5831985,939130,55023,795469
2023-03-28,450626,141986,560269,2075893,1747012,173883,679684,438746,5965435,232273,223820,18940446,1481669.0,4832300,938755.0,1961117.0,5349919,354913,730396,472294,134117,4066547,1355205,270868,89652,186379,146398.0,632176,389964,221139,1350119,858486,647426.0,804037,70068,321883,11331539,653728,50702,775028
2023-03-29,620042,245220,841150,2738089,1871787,305368,960170,475046,6187171,275129,292432,12545666,1882874.0,5593195,1130345.0,3805927.0,7295142,388277,742810,680924,96525,7349848,3853734,243755,86626,195809,394331.0,732215,241220,262217,1645229,1565811,999205.0,1221549,80124,275802,11202592,709072,79400,779357
2023-03-30,803082,217795,732476,2023444,1504546,262123,886548,564329,7784503,423348,421288,14015671,2656149.0,5661542,831846.0,3407659.0,6418996,381588,1032571,537051,142100,6405669,2582982,155542,111401,206154,347775.0,692098,280944,178290,1836928,1347212,760495.0,1124328,40962,276131,7680229,838235,104421,963565
2023-03-31,1123711,495121,1079394,2672648,2435611,387192,1132092,933717,6129903,384000,451942,14747991,2963645.0,9603582,1510800.0,3165767.0,7288488,1398100,1507507,792669,212589,5115362,3241795,312825,191194,366534,332958.0,748673,589847,312618,1686843,2102556,735122.0,1537226,213119,340850,6622423,941735,94564,976630
2023-04-03,529152,320667,589498,2135125,1211744,306833,691778,467502,6835328,655021,371503,12953773,2214860.0,6513324,1782870.0,4947275.0,5089136,514268,1031541,371746,106555,3116385,3464723,333309,133248,225406,238364.0,559117,341312,222100,1617113,1158686,859348.0,874281,100939,311817,5482960,650366,108164,630830
2023-04-04,380832,215382,654291,3071438,1401576,196739,1032944,348203,5778696,797620,295588,10248517,1674320.0,5660602,982215.0,2689814.0,6038929,435168,832248,808013,86719,3010763,2396840,263801,133480,211943,272589.0,694283,300479,249216,1596226,1487650,651063.0,919746,85602,337481,5783933,761320,127315,816511
2023-04-05,549005,240994,640723,2460655,1761863,702000,1344540,395401,6491471,633422,297386,9507118,2159068.0,14237073,2503555.0,2460626.0,6943826,367098,950329,641564,96146,3306928,3362207,230536,127951,169522,331991.0,717582,348953,763453,1605326,1274820,592710.0,1714312,78561,357248,4597528,1040282,309439,803634
2023-04-06,489070,250605,921716,1631329,1632485,347155,1060245,359398,4935458,355867,301404,8251227,1916212.0,9803406,1280455.0,2294938.0,3956296,491545,1323769,468644,101064,3140716,2319896,213831,107230,233919,160040.0,429899,365130,324877,2064081,1555113,589343.0,1654215,69495,512708,4753140,666094,117992,733775
2023-04-11,444676,172561,780956,2743389,1503249,257463,1157523,327469,3622814,394499,339785,7622293,1816879.0,10691509,1337449.0,2490982.0,3920043,360817,1328076,533566,99571,3162255,2427777,228153,110739,262537,205350.0,686479,592508,294255,1596722,1506335,755089.0,1285336,52486,439578,4830464,888146,132879,657133
2023-04-12,401576,238411,825553,4617068,1997111,252316,1028050,329521,5576073,267087,407323,7399326,1379731.0,6801846,2486194.0,2318093.0,4763168,702564,1838985,466317,130864,3665880,1983591,944381,104098,197645,267911.0,681834,487563,185234,1574906,1311915,725344.0,913835,67282,303102,5333729,739954,86906,740236
2023-04-13,471779,189184,677352,2775176,2155595,309206,849011,322996,2880518,306804,223003,6201815,1679346.0,5879483,1279612.0,2155641.0,4169087,469273,1364603,375728,95621,3646419,1779787,618055,99641,261163,201078.0,694612,424275,181634,1199360,1533135,822590.0,1011747,65557,440533,3204547,845270,111042,375334
2023-04-14,517591,281032,853866,2174461,1610197,198769,846092,321886,9663442,445280,334968,17128905,2103748.0,5689250,1395789.0,2450534.0,7666344,849731,1513623,433834,96890,3346926,2400954,433465,120823,298725,205994.0,963370,385920,175099,1707049,1377925,826193.0,1048371,59597,430402,4926598,1200297,77459,668540
2023-04-17,396314,259899,898560,2043348,1316059,252386,1061528,507441,5830506,360472,314664,11374007,2010486.0,5743779,1081267.0,1596629.0,6056610,485725,0,575472,151037,2472660,2327453,292305,151578,328739,335952.0,914677,234615,182732,1490313,961272,548191.0,742557,67105,230503,3100685,910994,83863,520578
2023-04-18,354224,307115,692836,1994182,1425467,254201,980641,683268,8099743,323656,300029,11195754,2051373.0,5191313,883300.0,2805120.0,4992387,456207,1253425,417172,138787,2873824,2710343,314989,288030,275510,262772.0,673358,491064,175144,1663675,1328433,511436.0,857946,69797,257242,3632848,552555,75895,510219
2023-04-19,332014,213119,892368,1653060,1138702,280607,677742,643448,8417335,272908,238552,7578472,1381061.0,4791696,1196900.0,1758821.0,4360801,683985,1157514,613667,82594,2971791,2085092,319948,112744,333852,207570.0,539029,502435,144536,1458346,1366305,569192.0,605944,55659,468889,3353501,788416,132384,612752
2023-04-20,353022,320810,728911,2293513,1721820,272213,2036663,581909,7803193,605304,367730,11807406,1336252.0,6310003,2000204.0,1974794.0,4779866,850334,1527791,368174,127987,5736564,4028108,515144,106176,222013,384768.0,2019586,570990,171388,1183834,2109023,618786.0,1021735,375610,293647,3961513,1997934,145218,813915
2023-04-21,389122,484301,914812,3692139,3055498,285413,1280574,491051,4767997,439082,417327,8880319,2126093.0,9730439,1155078.0,1967646.0,6567331,797796,2008032,631098,141156,4855214,4229716,466199,146009,299740,317729.0,994956,697583,291081,1820168,4674777,1018449.0,1464688,206005,367836,2687739,1221422,85430,786708
2023-04-24,334237,276971,454255,1686317,1495949,189942,637324,462921,3734327,341280,224661,7666257,1250434.0,7392312,995383.0,1887294.0,4370304,649006,999229,655650,129429,2194643,1951192,186761,67722,235632,157787.0,616417,341464,254064,1218676,1847711,922074.0,699541,111287,226986,2006034,726508,81428,527122
2023-04-25,284600,188745,736400,2101418,1248397,226823,755354,419489,6737896,393451,396221,12953974,2714124.0,8055601,2000843.0,1685022.0,5517273,406966,1206817,383131,87836,3143484,2010841,362877,139785,263654,177181.0,1027387,462308,228229,1459415,2187806,777863.0,1039957,150429,357772,1885963,922940,155029,616937
2023-04-26,433311,392889,862584,2759381,2014761,281890,850341,502637,7068605,364807,360625,11967483,3038561.0,6752874,1540822.0,1650474.0,5552851,374571,940225,658316,90877,4503115,2143895,304876,245977,246525,230911.0,1013316,562867,462276,1597679,1923309,1012851.0,1247063,113270,469523,7162336,938219,114276,598033
2023-04-27,381914,261769,1113016,6330055,1691781,275396,856419,372830,5787399,675468,1415024,16342630,2120468.0,5650982,1920950.0,2187102.0,5347002,361591,1025442,450481,94258,7818599,2705371,314678,106733,195569,263064.0,877771,384311,294264,3391354,1666469,486626.0,1172609,84192,299687,2277260,672927,239455,533633
2023-04-28,430838,232376,1058088,5055709,2760911,248037,1486350,460884,11133983,643637,777966,14256188,2754063.0,11728856,1604422.0,2504412.0,4745290,627454,1225628,423147,193955,4826477,4484728,366345,114674,356445,332324.0,1932900,445482,337868,1787598,1914689,497790.0,1499857,74803,432291,3546817,1131953,200670,663894
2023-05-02,414730,359487,1242854,3430852,2573922,219392,1200497,456216,7746512,411870,396945,11158395,2529716.0,11066708,1687605.0,2796619.0,5366594,467460,1450615,379081,131613,5056399,3619970,251060,136823,278558,355503.0,959093,508287,193524,1683459,1517203,696534.0,1235099,67521,338839,4221443,1130096,191577,727569
2023-05-03,445174,322862,797850,2474592,1689854,343047,956955,410127,4830320,395709,349473,7464559,2741926.0,6196780,2066719.0,2450848.0,4633069,270974,810274,493615,132478,3893196,4057074,353227,72744,219860,536553.0,744825,430529,158894,1219675,1379347,597225.0,1051465,111792,302629,3639202,1152809,143190,996793
2023-05-04,528644,584717,1338857,1889133,1927430,290235,0,411864,9363523,417077,526595,12751097,3051242.0,6046100,1287042.0,2116385.0,5332073,435240,1696204,556345,179304,4716359,4895234,325867,168308,306187,377643.0,694327,1042598,0,2279156,1851910,705673.0,943242,116291,336772,5449284,1516414,132318,2055902
2023-05-05,1445543,435440,1319628,4802955,2041353,286272,1697673,426901,6525766,421120,445437,9575491,2271665.0,5373653,1127148.0,2315195.0,4310317,549316,1295005,479688,113177,3188659,3347560,263738,132481,430437,388325.0,973846,602139,324993,1520579,1551542,571855.0,1044591,63296,343843,3474487,1370677,310540,1087367
2023-05-08,422696,208358,536381,1566925,1587358,128818,1304780,263921,3000853,260971,227276,5631996,1397621.0,3499112,916444.0,1834647.0,2569535,340933,798641,324032,72645,2067954,2022023,376446,104315,255580,275774.0,669121,292936,116702,924815,1148374,401536.0,626640,58952,245814,2319739,1062007,169956,603739
2023-05-09,502087,162121,786028,1365104,1654069,176051,1131409,473374,4357315,548976,294588,5512156,1513309.0,5178252,3847693.0,2594289.0,5572634,624595,3890620,446811,179378,2289481,2778602,324656,96897,289439,254158.0,570237,625298,200714,2101462,1147784,1195889.0,906860,115411,264739,3522725,1169650,142511,1026824
2023-05-10,360586,220543,967965,2024943,2078000,234548,1063634,570149,5244733,829601,364647,8024064,1526089.0,4953125,1745021.0,2086659.0,7225458,627204,3553455,547570,133197,3528437,2685946,333380,96452,335161,242344.0,469781,461067,185228,1453985,1265485,2939339.0,1148237,50229,231989,4687264,1584916,126864,728662
2023-05-11,372423,257688,811335,1320574,8999701,175362,1877228,399720,4410818,445764,294320,8099805,1616772.0,7095894,1224810.0,2133963.0,6056735,502428,1589092,321746,106607,2958649,2752091,463779,169671,270819,243515.0,1128331,357293,226104,1239323,1608641,1236891.0,817712,98247,239404,2899523,2018445,119962,597590
2023-05-12,363249,292739,1096935,1457453,4215771,242788,2049038,0,5135652,512833,354685,7201661,1939487.0,6454335,0.0,0.0,5442355,356733,998661,461199,171817,3288989,2180549,317136,120575,301071,0.0,906980,536264,365176,1934625,1337177,0.0,858985,89471,187906,0,1116810,246658,0
2023-05-15,280866,93662,792248,1682621,4194448,137143,1002346,349780,3941229,210033,327476,5390217,1302917.0,5459153,944095.0,4571145.0,5377600,358122,816983,805867,78038,2051794,1655858,153700,72594,201497,241680.0,809060,345683,204649,1046644,1544996,725651.0,888362,84315,266826,2758691,766701,141913,582946
2023-05-16,457413,233222,699867,1644767,2431079,168493,896963,392402,7155232,309149,433875,8163970,1360479.0,7226394,1152333.0,4278954.0,5491272,424206,1007294,627324,104119,3275712,2505551,238935,120917,289387,227637.0,916421,312505,135234,934237,1264021,1175709.0,1227503,68455,285487,3208068,1474334,191836,1128299
2023-05-17,309000,297281,684838,1455103,2184267,229752,739114,417527,31412696,261914,431295,10779180,1374610.0,6340302,1177935.0,2839515.0,6987607,529265,1832492,384510,84765,2302952,2414124,244315,129311,273065,260589.0,546708,448587,113291,1230252,1812844,1329326.0,2032231,96458,439619,3142910,949819,189704,691379
2023-05-18,271522,239170,595848,1333337,1484439,175899,1041933,292025,12000302,337998,311645,11097278,1400146.0,4936338,1067956.0,2040924.0,13471753,478129,1003885,357752,59218,3138377,3489030,154244,165962,204992,289506.0,991117,247705,92001,1397571,1301436,1083691.0,1197827,54642,238886,3414141,1347543,153653,458955
2023-05-19,1160214,660068,1160486,2942357,2603063,230788,1379891,472832,11568890,382150,524084,10831980,2841571.0,9035701,1854341.0,2604102.0,9018791,308422,1238899,572966,132499,4429790,4060785,469732,170226,537990,458710.0,1099330,566939,149810,2089813,2395595,1023641.0,2239570,83010,309956,4863191,1164541,150745,779029
2023-05-22,493289,187382,685361,1596784,1390032,227544,730024,436093,7626135,272889,297429,7362728,1504403.0,5108344,991986.0,1532182.0,5736341,299605,797008,326332,118475,2397983,1878847,231712,124331,328534,333841.0,773705,329033,114210,1592273,1193650,494179.0,993807,99440,219492,3609171,506576,153696,509553
2023-05-23,437584,134811,602556,1162457,1883043,348550,822410,364060,5243963,206019,255500,7421548,1456681.0,5501849,1038426.0,1594170.0,4894610,470353,981311,308393,109162,2172638,1754573,332918,124382,291103,237142.0,1295470,677543,417638,1370582,1575134,427375.0,1300373,68622,245408,7403430,722437,103256,743878
2023-05-24,463719,240401,1017206,2540971,2083674,329138,1161218,379726,6022519,428795,321072,7566506,1712746.0,5348911,1896700.0,1902148.0,7763199,462774,1506434,451246,128235,4983098,2779971,247324,123148,306120,323666.0,899730,508556,396354,1282550,1393897,615378.0,1457352,104087,289425,3840684,926901,137023,809622
2023-05-25,359477,203865,675952,2520277,2648807,164417,792753,270707,5853318,342456,387972,7421989,1442525.0,11292230,1333573.0,1689424.0,5534179,301548,1829463,229650,86569,5842060,1966352,394941,82867,204337,220270.0,428642,603868,163817,2165904,1197205,620059.0,920997,83390,295039,3048654,635347,94812,832279
2023-05-26,268448,322265,835009,2081577,1974691,223404,984483,299672,6673616,445543,337145,6402968,1777407.0,6685052,1032453.0,1775473.0,4672134,660019,1186569,394509,112758,4347613,2199584,282491,106026,235945,201763.0,468847,311881,212850,2065169,1295970,551809.0,1024963,84460,313452,2631679,711021,137282,880520
2023-05-29,137828,93731,567842,830499,688645,90902,379423,130143,2719095,178004,90158,3362420,1041343.0,1997704,481697.0,626479.0,1515429,0,378721,115544,50210,1569598,1509671,72969,24710,101485,140355.0,302360,154674,52048,720594,587103,174354.0,390163,35033,120344,1738108,343415,72317,346583
2023-05-30,262885,176583,811412,1721728,1621276,189613,668215,353253,5269341,226660,251099,8098978,1939896.0,6379871,1043169.0,2492105.0,4574774,385434,1193221,324195,91160,4029584,1836543,227607,78799,282392,163556.0,482486,346764,96537,1372885,1226314,502683.0,1046604,75108,254256,2268410,930901,113869,522842
2023-05-31,889028,205984,5864485,7824643,4095150,1175025,2892934,1025664,10852554,790645,993497,18850570,11964430.0,15950400,5333308.0,4788358.0,9867667,1032659,2001747,1236393,360078,7135245,9349162,748660,501960,2101104,855104.0,1966371,1212323,516365,4511537,6647786,1461103.0,3126518,259412,955203,16456760,3211416,1818695,1345304
2023-06-01,385629,152036,1070235,1575872,2065942,212295,808360,321961,6615845,316862,334085,5646730,1659498.0,5657933,1031578.0,2170002.0,3713696,378593,966763,255299,269010,3350276,1760173,175245,135577,277558,254524.0,681528,370964,165328,1366469,1423028,554815.0,940756,63245,274797,5210996,895801,152932,1201631
2023-06-02,605368,290855,1263330,3599448,2111109,254071,1351058,359633,7238886,479937,364521,9026298,2173769.0,31892560,1376571.0,1792144.0,4385027,285599,1375201,314647,171667,3906589,3128986,300198,137382,322465,247854.0,1126714,531069,136142,1309647,2076560,523137.0,1134390,92688,257725,6222015,1443204,160914,1190743
2023-06-05,313505,187081,794831,1380535,1440425,201315,763837,207182,6908296,296782,318081,7065659,1205183.0,18370341,887181.0,1435142.0,3332987,285421,1052978,266337,138854,3017459,1675542,244431,97987,281422,244396.0,819176,354209,155884,981076,1135145,381721.0,804600,62108,358841,3481460,808944,79824,1217244
2023-06-06,268788,123904,615057,986209,1234632,211642,660014,222367,7478333,162569,240084,5845654,1288122.0,10192223,1461643.0,1406367.0,3969679,410416,925082,347665,145120,2459933,1293109,266838,123275,216614,229895.0,542914,284669,123363,997234,1084558,445628.0,615452,86888,315094,2186854,1082189,97278,1430579
2023-06-07,313970,161320,651750,1402235,1121647,238670,820752,245926,0,197956,269658,5913551,1776863.0,11830878,1704010.0,1832585.0,6723077,510933,890508,435788,174170,3811549,2140621,260357,109475,274142,183837.0,641230,624050,170095,1165887,1399744,590978.0,935681,110878,310070,2915976,724179,167197,1569665
2023-06-08,226504,89554,480574,1792735,1150651,208269,950418,185363,6258470,421276,384157,7803990,1236005.0,11991209,1633402.0,1699628.0,3459194,403068,787219,679175,106759,2855532,2603334,164977,75593,178558,156671.0,701388,582076,102563,1405203,1112638,625653.0,846630,59263,438073,2274893,1620140,100547,978235
2023-06-09,318429,163867,536522,2415411,2279219,164824,566274,789351,7252514,317025,431965,6840401,1522881.0,10183194,952800.0,1105347.0,3596107,627409,803964,392637,176092,3076369,1472053,132862,139886,327886,183817.0,574028,373103,216287,1608179,1272350,729475.0,785891,52048,635957,3252623,567826,268188,1141310
2023-06-12,603048,235930,719476,2019330,2271079,209932,1031189,430964,8361229,249537,370898,7069759,1376701.0,8431220,1344384.0,1598669.0,3497480,435007,1047287,292830,102912,3508823,1922110,270946,135083,218734,173532.0,823542,401251,297754,912247,1505392,694252.0,1085983,64924,526514,3033921,1685207,208929,891847
2023-06-13,590946,192577,699990,2065842,2230734,368222,1426285,391699,9869158,400511,473308,8198336,1980058.0,9425542,1588115.0,3460228.0,3921272,448347,1139258,554843,103633,3621914,2562255,269668,147432,230495,333155.0,952279,301579,182081,1922292,1844192,678018.0,1735419,55326,435990,3109044,1195355,165148,1525374
2023-06-14,387750,106053,832159,1823197,2156381,212091,937730,248744,10575128,328587,393248,11448955,2074224.0,10313935,2069618.0,1648572.0,5298770,512109,781305,402751,117869,3170727,3412044,326525,115727,317217,459165.0,1051605,343412,126410,1371899,1456848,816629.0,1353507,51339,516313,4018381,1202237,176651,1665074
2023-06-15,443798,165883,573453,2223693,1460625,202340,808875,724521,9642592,260854,335912,18416643,2220080.0,8627748,1347441.0,2799196.0,4484220,451284,734858,356030,93509,3254251,2180019,418719,135181,204482,494162.0,708578,388319,131723,1608502,1370522,727100.0,1356253,76595,692128,3615921,1111094,157238,2131175
2023-06-16,977999,835487,2048036,10602631,4699066,694732,2595431,1291619,18123586,780794,1322085,33381496,6328208.0,23524880,6144911.0,6114519.0,13507507,1876923,4205728,2348762,346955,10504677,9064187,785982,434907,923378,733760.0,1028508,885568,491177,6921806,7926057,1744877.0,7998455,332226,924964,10194750,2109800,292785,3452504
2023-06-19,246230,201506,601467,4149201,1237057,381190,580786,385923,5662434,171293,308049,9103061,,4574528,1457205.0,1274782.0,3373094,388663,802468,342120,74371,2142006,1454192,657835,251133,171243,160645.0,652356,333651,193160,959397,958851,872339.0,1031740,575864,287018,2083074,633341,72440,824078
2023-06-20,289555,198004,501162,6292711,1726998,177749,790336,1587264,6727417,372606,245603,6644224,1673426.0,5772877,1765184.0,1586695.0,2842412,356138,696247,569113,110195,2532770,1844673,387218,143119,215874,228620.0,953059,728828,161438,1028289,1279698,881904.0,1332909,181925,393103,2586271,1084320,339997,672170
2023-06-21,633352,180695,559974,3299931,1910343,178586,685772,528823,6859393,319253,406059,9553765,3305221.0,5414278,1860858.0,1701127.0,2617483,442095,717948,400358,91087,2256533,2441517,438558,96900,202986,203835.0,773234,609481,101870,1153207,1267384,771943.0,1022977,135852,282894,3241341,1190808,222530,588056
2023-06-22,627617,215346,801326,3150024,1827228,181527,668475,385585,8412246,244054,271592,8236890,1921996.0,8373512,1680730.0,1499750.0,3280339,402118,1096074,442137,103248,2876076,2615289,512781,122285,249053,278410.0,1369921,435113,155096,917886,1102267,803154.0,953429,198318,490268,2703007,1097968,290089,1057520
2023-06-23,496170,315961,767283,2469257,1945610,238369,762651,341585,16922453,342049,368668,8832020,1970329.0,7552959,1281383.0,34211648.0,5110546,485097,1512403,317860,103051,4686376,2021890,277763,110422,239872,309855.0,932124,738501,153849,1179407,1397283,984790.0,2449388,95067,473588,2850332,767830,213290,1155923
2023-06-26,319652,187839,532054,1596422,1586562,217731,751429,543101,8945944,285849,408197,10225013,1812008.0,6407184,1175792.0,12731838.0,3518011,334287,1231995,300166,77173,3158957,2108434,255508,138109,202281,256845.0,779314,463720,461695,1292167,1291476,769548.0,1312767,83703,268678,2734646,700035,112609,841759
2023-06-27,456463,177822,640049,1748476,1746402,220922,922281,404503,6586602,249907,339024,7925071,2197942.0,6457680,1142004.0,8301501.0,2655071,1184757,1399958,287987,108775,3417990,2047053,603984,96961,247674,283316.0,1090214,537473,260577,1052935,1169297,779336.0,1065494,174513,248807,2337252,1617634,129104,892341
2023-06-28,340374,182796,575057,3194091,2863584,165399,734547,388528,4706809,242357,248860,6994538,1739606.0,8299496,1948893.0,8883283.0,3182142,501227,1922208,225908,70266,3440192,1666174,419786,90964,258245,253078.0,1034922,438630,136537,1035331,1203918,862632.0,2094689,104079,419220,0,828957,112785,1837633
2023-06-29,379203,156848,474146,1778200,1686807,145272,786284,457393,5395229,210749,209522,6746246,1470995.0,4255420,1164971.0,6241963.0,3361132,228877,1086067,358174,65459,2844320,1359574,384773,52241,188875,379901.0,754271,510034,112047,1235631,1130806,612617.0,2239915,57998,345879,2567640,788476,90356,1064221
2023-06-30,854659,285000,1240090,2776594,3000434,364127,1442529,904065,6876873,316268,482958,9063276,3367458.0,8948340,2122675.0,5931680.0,6669983,464723,1788554,542287,145244,5940039,2983542,476786,124774,514413,322740.0,919931,574783,189998,2088956,2145623,1096185.0,2318768,114417,573604,4601095,811331,116820,985219
2023-07-03,378147,272263,781369,1638099,2012831,188998,573512,412461,4774640,896141,204450,6557700,2171854.0,5296654,969704.0,4468981.0,3370300,285715,1416466,190337,80242,2767029,1667671,282196,100705,187302,284376.0,795841,373871,134712,1398042,1395857,854651.0,1499077,90300,307227,2701686,655582,95997,1066804
2023-07-04,297684,96673,541902,1282756,890173,80811,547810,287557,4798289,286799,299701,5465354,1600346.0,2894424,734745.0,3305223.0,1887112,171041,543461,379286,51047,1854495,1704565,209519,64982,181811,180288.0,616228,265085,131217,845681,473107,417875.0,853741,43509,228917,4102202,358922,128481,749035
2023-07-05,448742,234526,1514675,2395469,1569842,116617,732634,322143,11385939,598521,330564,7959524,2383115.0,5451812,1462454.0,5782881.0,4158053,281659,862742,586018,103463,2543316,2170925,417179,131751,238844,237927.0,652227,508212,123604,1133162,1056465,551906.0,1156017,79690,309739,3568216,659389,88889,1138643
2023-07-06,695458,345075,1276407,2622145,3480529,194730,1237008,564905,6337029,397132,406422,12961112,3263783.0,7979228,2092267.0,4730195.0,4308724,307302,1484764,429602,114688,4321771,2696415,365852,179061,308879,294268.0,827714,535668,144806,1707977,1843332,696749.0,1424185,106641,384277,5938641,1023389,147017,1178754
2023-07-07,395587,273178,1013258,5475678,2234574,150367,1179553,396166,6128136,299655,402772,7164009,1936984.0,8953209,1687852.0,4139750.0,4593980,176700,949815,331179,83058,3388212,2193616,263926,214358,263219,247272.0,759249,382988,126456,1259774,1454128,731579.0,1251523,71443,202124,3256674,621622,0,994783
2023-07-10,233518,194169,799211,2579261,3943634,123136,673649,305977,8877159,247559,174790,7730865,1238276.0,4608945,1094180.0,2174222.0,3730949,286586,624955,340894,71544,2051547,1165077,189520,133802,194829,220788.0,513771,404031,188525,1421534,1108675,640339.0,1036665,55647,229280,2100267,478414,113801,603691
2023-07-11,316083,134577,725257,1815976,2179455,164990,1037629,180892,13454389,171231,257206,8579677,,3801989,2780686.0,2293925.0,3819758,275446,823185,378050,69973,2961111,1577401,195063,77431,144243,273215.0,533606,267525,132564,1350619,1062702,459218.0,1130790,41092,230957,3263921,751299,98473,1058460
2023-07-12,315723,286725,887375,4213286,2689260,150429,729269,272550,7310835,805368,387461,11757569,2197249.0,5813214,1493343.0,2730538.0,3310711,548869,1224986,376582,88714,4673023,2075037,308598,82043,205732,270861.0,733405,330621,173590,1645548,1732777,561763.0,1497509,93973,370617,5307198,693224,131458,3285411
2023-07-13,302440,302466,669657,3545634,2107415,158648,663645,299070,9404370,327570,339853,11582603,1902105.0,6118972,1497054.0,2612518.0,2731478,515672,828424,317399,61944,3369551,2193914,204108,93428,151617,199183.0,848916,411864,189860,1157297,1894956,595048.0,1335566,95176,276022,3333961,837240,117236,969372
2023-07-14,325197,218805,723554,2471954,1807382,122370,807744,728222,7381386,176742,266495,16265110,1835858.0,7562941,1174374.0,2352617.0,2249948,425844,888934,274230,70390,2335947,1403461,231676,99232,177573,150511.0,498487,336787,94865,892206,1190513,444491.0,1111371,72237,188876,2125763,721229,91634,840514
2023-07-17,334867,115394,565647,1452690,963689,128238,515501,354303,4996889,218438,162741,11874562,1210311.0,4322702,735680.0,1626528.0,2324516,307980,535583,220011,48602,2599627,1318088,151567,54504,169494,200851.0,449784,350204,112594,858343,900061,411933.0,648203,53965,155725,2326452,656897,60859,929848
2023-07-18,372678,115576,439443,2570111,2134803,92801,574491,732299,7458787,282686,152633,10269051,1659581.0,8295973,740998.0,1790122.0,2136358,353645,882597,382777,52716,1444793,1476416,183363,62143,124466,197994.0,448757,308126,167806,940613,999195,813845.0,701015,65263,166302,3156822,621094,117017,1316243
2023-07-19,377982,184249,601897,2035118,2096572,195903,789611,745727,6534095,369069,214002,11920024,1278260.0,4879185,2156464.0,2329275.0,2855120,309961,848822,339536,50026,2916561,1739005,310875,88225,265564,190588.0,619086,299743,135428,1228994,1590066,790583.0,938058,68382,181160,7175889,596337,306470,1075823
2023-07-20,468351,266692,958233,2220243,2116863,224004,716073,557992,6623958,197793,243370,12501262,1840910.0,5915859,1302694.0,1874840.0,0,460455,3152274,457486,86097,3732148,1984640,265398,73772,243338,145196.0,499077,303956,108173,979848,1852413,554388.0,1135077,87381,269687,5519066,674981,235372,1283197
2023-07-21,399078,366769,816800,1989814,2771741,247821,919523,348000,8653574,246859,302298,10710460,1802279.0,5937434,1894700.0,3994001.0,3325432,565895,1826575,402685,99207,2913384,2682292,601950,69224,235900,278759.0,446536,410150,124818,1082325,3826234,1189100.0,1234554,238035,280004,3991659,712217,92039,1286362
2023-07-24,410072,193173,644831,1101497,1726040,189966,724210,308675,6549490,357702,247498,7149614,1600977.0,5220900,1049618.0,2419425.0,3136221,487572,1301048,0,68146,2993298,1834338,520178,91284,146197,255335.0,519256,492294,123839,1008846,1662527,723847.0,761189,155917,242853,2642703,568850,103133,1002680
2023-07-25,1044160,393768,471251,1349869,4506875,322838,536559,322511,4083955,218397,313675,12754616,1656525.0,3506338,768317.0,3471217.0,2048619,564944,594973,403478,64621,2271506,1363722,454012,501652,158276,273189.0,604145,468912,159118,1146059,1365577,1384748.0,644680,193463,266363,2742693,432137,66751,1146526
2023-07-26,526309,446977,734886,1730165,1517424,234382,851730,328528,7067516,245265,455598,19706518,2142776.0,9165225,1137483.0,2679805.0,3253548,437843,1445610,388584,102416,2834897,3825392,432065,460991,297531,604215.0,885443,309468,129817,3047894,1580287,577916.0,1045831,87215,295918,2251997,1288234,104207,825826
2023-07-27,513092,594544,1018233,2342304,2278171,171455,1121262,430839,12411943,322322,546242,20315989,3454788.0,8956149,2316710.0,2554786.0,4018162,368922,1715283,478536,121921,5886577,4881783,457336,357545,368122,479049.0,761327,390475,284101,2347348,2472884,567084.0,1480774,163799,357940,3273136,3727790,189736,980111
2023-07-28,430363,463341,864205,5795212,1658843,245192,923900,339469,6230218,330530,512562,12648377,1692402.0,6821535,2010876.0,1331373.0,5558131,370583,925799,298058,91163,3331541,2522824,331021,176529,239765,358413.0,625151,393106,169259,2866607,1585862,481362.0,1377245,85761,218076,3018321,1272264,105476,799542
2023-07-31,443003,185854,815426,2647177,2773568,175179,702976,339926,4078555,272584,395771,6285377,1822691.0,7295256,1247926.0,5419961.0,4935719,418943,947031,379195,97597,3900253,1939953,360846,156405,324194,266562.0,560962,459583,307209,1634978,1252514,692790.0,1227683,77707,187412,3294704,825244,69309,713135
2023-08-01,294019,560190,767944,1818204,1562342,157076,2990049,265714,4482200,429617,389417,7948559,4796486.0,5625493,2330109.0,3025603.0,3530041,556923,1184453,342696,81119,2847098,3075871,312289,213529,243010,315612.0,660402,424509,255008,1415167,1376922,721997.0,1978397,66590,280937,2819835,1198884,42317,896468
2023-08-02,421723,339375,981017,1989606,1832027,186420,1149388,557112,6119565,250275,328071,11953229,3544637.0,10377311,2015880.0,3097511.0,4074917,615421,1356052,322670,74587,3325140,1997851,312469,253151,264565,353797.0,614211,530953,217672,2178430,1516669,2333641.0,1703933,74794,729282,3515008,996744,54532,1053789
2023-08-03,519231,225718,875791,2466362,1573880,339916,1393689,570565,7516539,290528,379573,8455372,1912157.0,12105531,1579111.0,3202693.0,5969340,413247,1111711,291453,89741,14841361,2051658,671283,171822,204228,320772.0,553952,355026,211132,1672809,1247001,974628.0,1060970,88445,287968,3196481,1058532,81720,1828504
2023-08-04,317692,184124,756104,1686745,1260065,267673,793499,871835,20835636,215683,290141,7669188,1642620.0,7514956,1934331.0,2778905.0,4200470,288130,947460,311041,57176,6896523,1571767,367405,120390,188929,183600.0,379094,591778,221966,1302462,1182959,740023.0,990973,72585,281325,4566384,712629,59498,1068978
2023-08-07,342355,148367,627689,1114441,1655500,169992,730943,421237,14047508,191236,230789,5783635,1305047.0,4762011,1628594.0,13530065.0,4267554,415396,622315,280780,56358,4697092,1545919,176280,68026,151284,282975.0,495119,366628,240043,1291920,1072537,453626.0,699428,70961,156949,2456501,628673,62439,692651
2023-08-08,366696,270021,839930,1999143,3707953,203069,954339,636665,15828410,285183,310616,14085618,2146671.0,7708826,1237208.0,3942922.0,5310715,425483,886766,361196,94834,4218969,2394838,239601,91266,216887,574078.0,1819985,525116,170609,1304853,1329467,700777.0,1157200,89693,249071,1653570,1332594,44846,0
2023-08-09,201912,212066,744595,1549370,1751506,162922,673365,549479,6465559,430817,155813,7922249,1282294.0,7159406,1105305.0,5218551.0,8581260,437010,1020995,358352,153193,5055167,1733233,202008,101379,208220,318196.0,850838,729037,180479,2004836,1351673,453116.0,912151,52440,159351,2747951,995143,56046,1000947
2023-08-10,382527,267893,2285649,1548437,1875102,186369,755306,491087,5028270,244891,238059,8602903,1548295.0,10052993,1689745.0,6390633.0,5422029,341378,1933626,539994,242423,3921614,1903057,312320,164934,468276,290921.0,580182,575166,304359,2970349,1705300,729364.0,4133360,70523,181704,4272997,801209,61981,1007108
2023-08-11,367398,318824,1018093,1504723,1478473,155788,1086414,379363,6135585,561991,247799,7873584,1353045.0,5659657,1382173.0,5030181.0,3739345,258581,1461960,542797,110802,3850901,2450747,313354,112357,252672,225376.0,721569,431223,188862,1658134,1579908,681633.0,1650124,53392,200224,3102488,860512,118758,790789
2023-08-14,214656,119198,617108,2023059,1148931,89147,675959,343471,3556028,311425,161510,4251810,1206157.0,3759806,1144223.0,1995939.0,3432501,608177,997794,459366,65902,2772817,1957208,184227,80966,141339,197450.0,538262,350542,150645,1152375,1752236,341556.0,1189013,34153,109120,1884162,759363,70733,880862
2023-08-15,390398,168550,696328,1780475,1104788,127876,588318,310426,2471654,204473,190267,6343633,1105349.0,3632063,1278433.0,3277322.0,3252954,453755,735295,308942,43442,4013798,1639229,165893,92375,156570,166457.0,1013111,367803,133874,1312058,1730154,374157.0,1122321,51447,205293,2071782,742683,85603,793111
2023-08-16,463149,173234,492159,1059789,2016502,154143,806087,283369,2497555,177749,148045,4738226,962327.0,4105901,769533.0,2192370.0,3335246,306098,701578,550043,54302,2271774,1558031,158720,85122,214678,148680.0,604226,438294,270004,948030,1847879,344404.0,848423,37030,137711,1331201,724580,68379,860796
2023-08-17,520001,184200,648351,1144456,1280422,156315,521139,301180,3729318,198016,359779,6593593,1524555.0,3962584,1143061.0,1876689.0,5860843,441706,1146493,456924,82208,3496572,1978472,203416,94877,315166,200210.0,528636,398619,190516,927584,2270763,381388.0,1082088,47322,213694,1956381,740700,71511,698438
2023-08-18,449752,312356,723473,1785253,2365030,217509,852110,428527,4763362,225774,278297,8230173,2104730.0,5260853,1334136.0,3328432.0,4249350,310129,1013649,511944,96832,4566699,2654962,195673,97053,248519,466102.0,1266728,480128,149875,1333331,2249024,608645.0,1488881,78284,223938,2521783,780826,57400,845107
2023-08-21,326322,179986,509134,1295311,968058,105578,737171,329720,4637041,785896,212985,5381217,1341616.0,3462164,966105.0,3941948.0,2775875,413577,897216,278584,68658,2401805,1734287,157474,114941,181859,154361.0,451931,564474,157665,1445983,1765635,507562.0,989605,59832,201323,2783984,707216,66951,689965
2023-08-22,581193,187518,548023,1901096,979709,127366,753422,205852,3377805,268496,253124,5692820,1088639.0,3164582,1446304.0,2721780.0,3293914,273461,639307,275536,102467,3212770,1279950,185707,77450,209621,182070.0,437828,446645,164586,854395,2158827,404285.0,1097317,51132,279267,2057648,612467,40346,562906
2023-08-23,1209752,134523,625157,1527219,1246252,109439,867740,341239,6263346,218423,272097,6201942,1530892.0,4938336,805633.0,5024484.0,3118904,433397,625587,271540,62310,4416678,1797299,161213,68140,278415,288345.0,389105,286627,112680,1359095,1778313,364980.0,942142,57326,180625,2006070,983592,72905,440602
2023-08-24,464329,126809,562222,1610118,1682071,113659,923341,277402,3690846,217656,248054,5637990,1515642.0,4800530,1770121.0,2384861.0,2841366,226714,519720,276491,63357,4437610,1921427,158296,86380,249200,151933.0,475173,298781,115276,1075544,2507936,287552.0,1089743,49299,278466,1941515,996484,59150,717288
2023-08-25,457454,265531,609525,1438136,1325606,149646,798291,282157,4193871,252968,311691,6348517,1572422.0,4494363,954378.0,2215094.0,3038000,328974,657201,345061,64271,2810828,1411722,163460,103883,199795,165064.0,335817,322975,119882,770414,1962694,550633.0,1010282,40685,264453,1831303,675721,56518,588133
2023-08-28,215101,167185,600789,1233708,1098333,69379,786265,187968,4399214,118775,233041,7625196,1432578.0,3891274,1355003.0,2721620.0,2280405,137280,461662,202552,37952,2743023,1847514,139910,73926,175069,136725.0,359517,209139,95449,726161,1979610,416716.0,858925,30533,116041,2696780,706145,80811,425308
2023-08-29,387805,165291,816799,1597410,1450797,129817,790004,300314,5985359,187115,278141,6914005,1480615.0,4031742,1140301.0,2161177.0,3441250,245791,713855,387420,98131,3136712,2263590,245645,83192,217985,201601.0,577120,278566,93060,1141847,1439200,498783.0,1235851,31587,357074,3179259,671752,132585,823995
2023-08-30,298728,135365,579954,1921958,1002672,136672,657780,502497,3468359,200513,210527,7141296,1107982.0,2992889,1197651.0,3674333.0,4770347,251371,733341,479275,58243,2904974,1981494,222924,198002,202177,243046.0,382394,249651,108907,4752469,1071581,312038.0,1257023,48019,239164,2249431,539060,90613,593167
2023-08-31,569162,205758,880313,2687245,2091559,330967,3723071,976726,5805166,375353,491836,10373284,3176649.0,8722403,1750163.0,2874251.0,7815985,814710,1397808,758164,170573,4216972,7356061,702928,292132,514934,417224.0,688037,1418694,190292,3217094,2624659,1018527.0,1660331,200925,399725,8854046,884339,184571,1564030
2023-09-01,368557,220948,616800,1687756,1701732,177069,1654934,306080,3448072,335805,273420,7027934,1970723.0,4513698,1584623.0,1641474.0,2724972,215045,681173,354750,62493,2987561,3407902,258754,117213,204218,476292.0,1340506,448492,99413,1589313,1167492,594576.0,1276350,64907,172368,3992652,3267610,76137,621100
2023-09-04,265820,90596,556969,901800,704556,115815,810296,264675,2660078,265855,217604,3736972,1884442.0,3021921,440436.0,2121037.0,1828302,178915,357842,226479,31503,2228350,1721615,292487,48811,138084,170763.0,539544,284946,73833,2596922,1007925,477945.0,678173,31069,126150,1910784,863489,36663,419535
2023-09-05,456479,208097,620859,1621356,1042458,136893,1159550,243519,18268130,263475,271068,13550109,2833926.0,4770321,695468.0,4937053.0,3115960,380768,1268881,297727,79307,2754629,1915375,428342,68943,222510,388852.0,613432,564545,89752,2595430,1243918,637290.0,909669,40871,212256,1776855,1175479,73035,884151
2023-09-06,337923,144689,703888,2029855,1191879,159926,767661,378972,11218766,190831,324413,12771001,1592463.0,4877154,1204207.0,3609985.0,3296783,796496,963855,293520,78352,2702404,1868524,329427,82278,198188,321633.0,370398,522259,122842,1824793,1221614,336660.0,1001929,59171,384780,3118474,888122,79886,624952
2023-09-07,623186,176454,495859,2076832,1453861,139988,823869,364892,8005603,265935,364439,7485411,1439578.0,6489908,1284634.0,2811472.0,3979615,472611,736132,502340,102652,3926363,2146909,208708,184240,227970,223764.0,606533,633637,122758,1627286,1823504,792874.0,1216437,78863,394290,2800243,1031029,47753,747907
2023-09-08,517208,308578,852769,3284207,2070344,146920,853582,480780,6385895,207441,388101,8708500,1952045.0,6101797,1041360.0,3026365.0,4432597,562081,1002727,349569,110439,3120239,2258116,332855,153681,214495,237333.0,699132,573023,107495,1434660,1901315,587499.0,1465265,84662,400422,1806950,1412605,45061,1061731
2023-09-11,512119,458744,809814,2382235,1933344,144972,753697,393008,6855524,266616,309283,9915740,1446315.0,7241665,1043242.0,3109741.0,4176364,727570,880551,345152,107009,3286849,2417449,327621,854357,290407,218326.0,473493,411037,180640,1657411,2018050,542471.0,1203026,119004,404144,3109026,885846,59513,796692
2023-09-12,459670,292643,826444,2156009,1105592,253628,867437,480284,5628212,240087,202242,7546325,1661855.0,4051332,822651.0,3427039.0,4755876,640238,781629,473561,103464,2757594,2676363,412054,1085379,207182,316513.0,663419,447636,148897,2625205,2242265,451428.0,986014,139276,232075,2878138,950199,51426,871678
2023-09-13,853644,199733,917305,1865246,4606583,146634,1311841,318115,5720741,297753,251218,13120375,2026972.0,4549448,1019236.0,3100526.0,4896414,729833,620385,443219,111792,2952750,3529751,276589,752803,203496,384459.0,852042,438041,104790,2474511,1297295,434345.0,1260274,104939,364328,3131941,1427988,53919,727859
2023-09-14,558708,240600,1407572,2543428,2854323,237781,1143242,281816,5853134,390196,406943,11950931,,7913192,1058082.0,4764004.0,5464906,445184,1447023,809596,194496,3436624,3030009,290943,588348,275571,719509.0,889829,373855,152726,2006214,2121969,728218.0,1573747,90797,409901,4823898,1176126,83373,1417710
2023-09-15,1194236,628273,1972211,7345054,5068755,421477,2789275,1079017,9193877,883025,962669,21385343,4771119.0,23105717,5896708.0,7825668.0,13114812,1163066,3537635,1205482,275833,8388439,4884518,686015,388076,1152414,819190.0,1564965,1246072,378561,3490973,6523152,2296946.0,5325642,144144,701069,22522110,1563880,175866,1878850
2023-09-18,325995,127388,581184,1383695,1202392,257716,733530,275988,8329950,246813,234227,11141952,1601021.0,4191651,1087281.0,2711741.0,3611320,331079,1239859,320360,73571,4293465,2471988,221425,281171,258873,359593.0,1490179,380015,181592,1686291,977043,447589.0,806069,58526,246417,2236380,974079,48426,656784
2023-09-19,491223,108725,649069,1302138,1055190,373889,690350,242196,3831278,177422,421556,5125569,6629180.0,3137376,832974.0,2086815.0,4992530,395190,955628,332735,70595,3226984,1749962,243681,522282,275054,784850.0,976073,399793,147655,1362811,1028401,613450.0,908349,114725,310025,3159427,1352344,33843,1493984
2023-09-20,470967,179570,832218,1523672,1223613,466969,984055,235659,6128031,210838,313471,4965113,2437200.0,4560984,858838.0,2438059.0,4233188,438570,1320393,299781,157955,3003908,2661750,216062,246559,274779,486217.0,1172097,443821,93178,1691195,1301634,518505.0,936370,100101,368719,3304418,1128243,59757,1201012
2023-09-21,548435,214407,752622,5549559,3229778,408121,917832,330154,6266399,197658,363653,6490013,2252218.0,5505191,1119072.0,3434440.0,3589634,264525,1005747,333734,132657,3837394,1703195,336471,323503,333896,523429.0,683232,521253,145722,1580268,2594968,714794.0,1457225,84034,381667,5039219,733331,66790,1234229
2023-09-22,479318,268764,1046380,2528189,1922767,286234,748231,375183,11389446,350756,272620,8042574,2238018.0,5788313,1210255.0,2877038.0,4080397,392044,1408712,384260,84918,2973922,2017943,277474,288236,289252,472697.0,605037,299040,219508,1902041,2257078,1502146.0,1440069,63463,249663,3163455,1715339,62440,3201879
2023-09-25,440418,227551,838677,2459960,3541715,224825,932098,293820,5540923,528126,233053,8148227,2480326.0,7524728,897408.0,1929473.0,4932840,314964,1384393,345836,74706,3063558,2525595,251890,185649,284337,346705.0,553224,296480,191797,2240443,1963796,1237752.0,1186673,87219,355373,3611233,917304,77189,1294612
2023-09-26,450629,228930,849471,2155228,2427687,385985,841843,235533,5090908,1283767,318178,10296972,2233801.0,6940863,1123748.0,3656956.0,4378770,340905,1268239,312926,73345,2921270,2379936,360898,246322,303041,506163.0,1680000,554472,183293,2671220,2614966,1567321.0,1255382,69191,324202,4013008,1124876,77923,1262056
2023-09-27,444208,210018,933442,1754601,1687807,227386,797228,290794,4702204,695476,324110,17294009,2042633.0,6634694,1880948.0,3366998.0,5099867,318138,1540492,258158,102866,2772086,1770969,176976,231645,296985,478131.0,614950,522674,111569,1858725,1871640,929979.0,2046396,64690,346962,3735374,1114804,64860,1937973
2023-09-28,501685,208799,680448,1822917,2516264,162153,961264,301228,4342279,1199023,415608,7701704,2338037.0,4955408,1513712.0,3604341.0,4897567,259791,957293,330197,114036,2952183,2121972,166255,510020,227404,572613.0,1145797,419903,105310,1493341,1440517,1203488.0,1225583,52478,266646,3363779,637211,122848,1356490
2023-09-29,1039061,232099,1331119,1995399,2443116,279410,985996,360788,37223802,406922,458491,12008438,2468101.0,7472604,1418024.0,3399614.0,10261555,544011,1192183,446747,166504,4039057,2242431,248790,370902,511354,463788.0,678334,629453,333032,2103023,1826653,802322.0,1569182,71500,305673,3835017,999260,73028,2099573
2023-10-02,473416,238276,937778,2531880,1824295,202802,734361,228932,9709198,346772,300131,7838058,2142238.0,4728401,821125.0,2660299.0,4744617,284955,1884917,298523,80943,2893950,1800099,209282,258844,299244,255367.0,539427,512342,203349,2264868,1546211,738909.0,1035118,68017,204879,2704758,597856,100126,1624392
2023-10-03,415385,236404,714829,1451608,2712839,320382,698279,192103,6253617,359542,243052,10000262,2226856.0,4761296,1543594.0,3257625.0,8065576,324415,1022618,362923,80248,2719530,1708507,164243,160713,177178,329217.0,492776,319233,147212,4686266,1213513,616025.0,1119396,45555,178311,2371561,687105,108787,1702983
2023-10-04,339492,210551,919410,2028974,1982779,400668,958144,464074,7778531,312442,279044,12936211,2366697.0,6254273,1555949.0,2767319.0,6783835,817941,1148235,676777,82180,6525228,2371506,153381,129432,254608,309426.0,510865,383635,269351,3459742,1502474,521336.0,1209107,65754,316094,3151904,684218,88294,1665908
2023-10-05,817310,140113,720576,1645567,1959463,202163,595090,262078,3984968,131863,261860,6051557,1679349.0,4211693,1165990.0,1993549.0,3316807,332061,809344,458312,54560,4221161,1629229,131888,135663,207728,272044.0,376662,290017,120457,1641405,1138484,473991.0,1130369,56936,233545,1911472,539346,46441,1523226
2023-10-06,533804,228423,864116,1916315,2379227,391505,1008126,346728,5389082,321960,346435,0,2296886.0,6784318,1332923.0,4287041.0,5247328,375659,865707,421007,86915,3534105,3411439,184649,178508,284819,297685.0,619814,357688,134407,2679175,1559814,917379.0,0,0,386180,2918730,593669,59179,2447564
2023-10-09,717684,164203,715025,2508339,1785977,147228,561847,229854,3507078,357319,340486,4888971,,5835190,1966612.0,3133429.0,5402327,551874,883340,391379,87921,2917633,1704444,126794,231343,218369,314420.0,511151,529103,354007,1903629,1209911,609498.0,837448,43659,295186,2244864,637989,36299,1468420
2023-10-10,549881,265616,757307,3030121,1927429,215119,976581,322272,4114766,324823,432654,8171934,2050033.0,4868047,2758665.0,2755741.0,5239913,318139,1595787,470413,86783,3338153,2336447,265175,214144,256462,459568.0,1296991,527119,190109,2932864,1585756,551283.0,1324653,64541,282700,2482941,1066235,53736,1522606
2023-10-11,482923,431322,679838,2757318,2498262,259526,1170848,255152,3964567,331145,481701,6693871,1732200.0,5711412,1664040.0,3131564.0,4822647,3880520,7781240,340103,116902,3193758,2216892,215446,227547,288396,815784.0,826075,446041,236179,2509883,1395145,575925.0,1258359,58358,367584,2330837,1110431,46444,1151779
2023-10-12,406610,144199,554978,1944224,1860564,214755,565383,204543,3692440,330669,281315,6493184,1494857.0,4053372,1165999.0,2859819.0,5808764,1222430,2731829,283238,87622,3068375,1425955,171866,158268,202768,399611.0,535199,453915,291164,2821234,1142381,598624.0,1010886,67662,375965,1869640,709829,58992,1092646
2023-10-13,399154,407759,926608,2030992,2161659,254519,699594,250080,5054202,299708,401288,9308097,2563132.0,4929421,1772718.0,4409887.0,4321464,918523,1687446,350595,96223,3161457,2178624,508694,181399,281884,459461.0,623768,816463,357073,2278291,1944996,605079.0,1311077,512897,222012,2010354,1084959,62260,1236509
2023-10-16,373243,190520,673124,1970902,1875681,201830,588877,281375,10841878,253017,389949,7459663,1771320.0,3496500,1441050.0,1960081.0,3236754,825218,1727981,296064,94133,3046142,1684499,246714,191640,197702,254449.0,482626,325604,256956,1542636,1465985,354017.0,851512,243347,197965,1734495,530138,67626,1498859
2023-10-17,269614,183058,574089,1769259,3277689,111493,530411,835102,4472017,365155,378654,5944025,1577758.0,3537835,1642844.0,1949870.0,3972744,676121,1409491,321196,62438,3237020,1555144,256656,160228,186664,217472.0,693969,500324,159671,2418835,1355294,396860.0,866079,237810,175763,1392439,634769,66660,767447
2023-10-18,838420,198941,569710,1690570,1890849,163334,673253,262157,3853633,342218,258726,15199161,2003537.0,5476001,1380270.0,2580515.0,4404433,461628,1248640,240304,73392,3356876,1671117,287328,150890,203088,355974.0,402855,327811,94017,1561866,1896412,559214.0,1772980,202688,181909,2797439,724664,84451,1530913
2023-10-19,452874,302611,711621,1925491,2087063,238940,1024417,381246,3645119,564830,526161,11043303,2287488.0,6596339,1642435.0,2298497.0,4360242,535825,1355777,255327,122000,4939148,2859429,873444,185491,240429,419676.0,935064,641243,247203,1886767,3324993,706309.0,997148,306954,279555,4352454,1135541,77243,904912
2023-10-20,632942,574828,1248107,2802177,3473777,422166,1475074,479989,5443517,471927,552484,14830609,2558230.0,8093775,2009239.0,5062484.0,5941451,652949,1783129,463530,193857,5625466,4497505,398487,235015,455651,466606.0,1649253,638543,172408,2519786,2974706,815139.0,2003253,249571,357997,3115795,1349009,137919,1411489
2023-10-23,369994,245548,693144,1846678,3399493,210303,948082,219683,3984402,302890,264238,8282044,1684903.0,5194020,1090946.0,4420974.0,3134555,935863,842266,249253,74423,3665980,3481693,397802,135004,331309,382432.0,1610696,373527,124042,1391184,1393686,598145.0,1238021,133794,495003,2946807,2080562,143960,981778
2023-10-24,575146,401398,596340,1685567,1744641,263674,712251,210877,3977054,207884,395822,11453871,1563703.0,5462943,1474780.0,5033041.0,3810562,678898,737438,266840,74393,3183726,2104956,307026,586869,210284,471066.0,657812,713737,159193,3087379,1593729,678522.0,1085431,223992,395885,2484920,730358,106616,1294889
2023-10-25,430288,241322,650614,1762477,2168945,478197,985250,171040,5639873,264709,231747,33795850,2174910.0,7127789,1355035.0,3548256.0,4671671,640023,861057,293873,79691,3049076,2615103,405271,311282,238542,543251.0,748206,600742,139446,2387716,1216003,677308.0,1566727,193414,393330,1883955,1105684,146152,1629095
2023-10-26,511175,285523,733679,2512689,1998107,358629,1754600,192131,8069399,388890,254762,15358912,3025064.0,5790902,1768688.0,39849532.0,4587871,447270,860199,299490,70430,6481865,8028344,239575,276139,268898,656878.0,1121435,427402,360547,2358287,1596137,801369.0,3032359,119784,395768,2203963,1510021,122277,1655975
2023-10-27,393507,305067,869238,1843868,2178421,297844,1019881,226011,6722664,422800,250219,10886521,2202579.0,4752514,1373572.0,22561484.0,3691417,446706,865910,350613,140764,3273883,5563262,403213,334972,256368,562688.0,1053957,745245,181909,1492198,1346960,658691.0,1589625,133032,478630,2477480,1018285,100521,815182
2023-10-30,271503,151527,540777,1919279,1665930,192640,990222,129062,3574631,268222,202547,9708426,1845708.0,3545436,1061909.0,20751845.0,3316610,355343,855696,248354,62391,7339062,3801648,634965,245700,264236,443560.0,828676,1142731,133386,1563109,1096970,443382.0,1024545,120639,280951,2474815,716404,39261,929271
2023-10-31,381826,274108,736100,4732471,2048730,272551,906042,284629,4690957,438558,289086,7581581,2084146.0,5412088,1572033.0,10397445.0,4297326,441828,1846592,345004,108755,5822969,4005904,697850,199261,225025,401291.0,821502,1660822,137228,1971729,1283699,1165367.0,1080670,204156,343156,3110254,860578,92630,1444111
2023-11-01,290827,162045,564566,3002868,2358066,313985,959228,245922,4707771,289265,286665,6983121,1873758.0,5230829,1571452.0,8110034.0,3877790,456708,1267436,224842,129872,3848759,3838016,285221,188831,273849,339500.0,572762,539212,189100,2165472,1122663,794736.0,932681,117110,296940,2289357,804244,146359,1788313
2023-11-02,539240,263799,957036,2510476,2145758,242945,1234813,217998,5576355,430988,250265,10520772,2270236.0,13096419,1211103.0,8052379.0,5527240,910153,2267542,299562,144013,5386761,3882307,320178,203086,337063,613434.0,1281140,565194,172112,1781772,1857108,1275174.0,1504438,137903,273372,4893776,1250561,99696,4612055
2023-11-03,637877,340650,1315904,2219155,2447512,190787,1764602,274927,8302024,476460,380906,10258774,2856003.0,5763271,1347651.0,12616161.0,5441719,575495,1595159,256089,236823,4832547,4028205,372566,174351,513107,761339.0,1731140,553592,261584,1924661,1791555,2104385.0,1335839,109247,347730,8017690,1251789,91655,3538570
2023-11-06,353001,155403,562358,2280985,1545359,225816,928780,286111,5914019,349225,221408,5362844,1857485.0,4796811,1192926.0,8100250.0,4136267,556898,972889,336004,113237,3423176,2340378,316728,142493,262130,0.0,504758,398024,104280,1307574,1106875,687213.0,908392,102228,250960,3981263,600458,77096,1709378
2023-11-07,479414,237742,796867,1689444,1698581,166319,799182,367453,6107899,582633,555129,7368904,1851973.0,4097081,3046863.0,5781162.0,5397012,447182,1202002,413697,82971,4388611,2498745,362659,190826,265356,251323.0,612689,542320,101060,1263920,1574112,610813.0,939947,79340,466426,2679561,569956,77106,992548
2023-11-08,924845,146796,698449,2746354,6516971,186838,984549,275009,36525051,819817,270035,6169784,5434483.0,4937103,1974543.0,8476571.0,8440540,592200,1852054,410489,120959,3508807,2257548,319693,129352,342291,236758.0,454891,340660,178507,1940523,1951854,1152996.0,1417312,45505,331343,2443610,532806,117041,1334728
2023-11-09,649812,509498,812078,3578940,3221061,222958,638498,599014,7608529,288320,271009,6251364,2660653.0,5881744,1762895.0,7929738.0,4724990,334568,998537,826790,265335,3029069,2046433,454717,114038,288060,287231.0,473601,289606,395096,2279559,1364065,642456.0,1248007,95252,260744,2600384,588036,177136,1306542
2023-11-10,538286,392223,1893083,2808933,4221665,193569,796614,663882,11725921,377816,403939,9615267,2384243.0,5806980,2924467.0,4909326.0,5811149,445055,951888,1009754,160463,4042403,2751051,313298,137192,233688,202743.0,670446,443624,213102,1565157,1372330,804674.0,1008072,69382,340041,2418980,716401,153209,1374085
2023-11-13,414170,241668,816921,1507609,3111047,207093,739544,276024,7201138,244479,228580,8327626,2306751.0,4706871,1546312.0,8255376.0,4362500,857720,1936087,441466,88427,4294358,2480912,217671,136629,190968,216516.0,590754,569821,257561,1523236,1305444,795177.0,876942,86902,294822,2132226,629550,41914,1016773
2023-11-14,972843,344119,1057144,2723579,3409922,251095,1167948,321086,7059036,759690,0,17805217,2883067.0,6714549,1955168.0,11401649.0,5055800,859135,1443199,666476,99861,5996290,3412347,300091,200442,345927,448503.0,1476051,438857,237996,3870294,2062327,989161.0,1599539,137679,215446,5854505,1439975,81612,2492257
2023-11-15,518244,231941,597084,1630595,2768446,171124,1031027,305973,6375863,571266,266060,13636557,2518155.0,6158795,2516076.0,14938803.0,5019457,719860,967283,479436,103939,11817156,2511199,312985,130195,296275,380909.0,962464,321575,160896,2144776,1470265,517698.0,1593425,142225,269961,3392084,1277157,108455,2108013
2023-11-16,447878,207102,646724,2622731,2669872,208601,916067,288604,5053505,328666,212006,8068646,1914353.0,4057611,1625023.0,7535950.0,4773145,514663,1001432,449352,101728,7871026,2201153,210718,109205,217548,238313.0,892318,319825,133806,1802037,1428457,602161.0,3277537,78850,263960,2454735,874273,151190,1449002
2023-11-17,582988,453919,909888,2231584,2786985,204347,1065274,318854,7302464,300807,371429,15043196,2185296.0,6678818,1367953.0,10623278.0,3715989,687750,1391915,506815,150498,5195578,2603266,355764,129204,317327,280445.0,556200,437933,241097,1705376,1853622,621104.0,2249398,80485,341050,2689544,842136,113120,1378887
2023-11-20,460639,335831,592225,1803183,37388007,210467,623628,269697,4327753,212526,252575,9682416,1877234.0,4860535,1358563.0,6150590.0,3827868,452701,934699,539937,102684,2786514,2028002,465807,99239,208046,244095.0,854053,432836,167697,1901519,2041957,526234.0,1438680,77164,283757,1991561,633967,75858,909805
2023-11-21,581169,346616,656235,2173985,11142832,158366,1004938,188434,3301043,255594,287868,9224241,1908225.0,4589540,1436945.0,7710121.0,3820504,312166,864494,458906,130686,4574522,2239459,489338,122436,218952,225162.0,645517,525444,466523,1729473,1771227,551510.0,1491139,104862,304677,2823689,926742,84052,751898
2023-11-22,449628,353357,627214,1635008,9749377,234691,911571,151622,4178239,279434,300843,4878335,1623077.0,4718651,903670.0,4168346.0,3254040,415292,756043,313689,111553,4760153,1687437,394892,105989,207908,480369.0,544379,623963,221178,1968553,1901856,568498.0,1361009,68850,403105,1745485,638384,110944,634423
2023-11-23,241488,208933,582447,899500,3970166,100541,485700,103779,3679728,147558,229455,3374019,1414161.0,4575459,700273.0,2152238.0,2239273,143542,517607,252214,75826,1848553,1324102,187394,84799,146048,819054.0,814974,389730,403874,1043919,1475812,415190.0,766912,54953,293793,1013164,421488,157141,582909
2023-11-24,300657,246415,688501,2484761,4357645,0,824509,155625,2727098,451169,254997,3585519,1941313.0,4657099,1514839.0,2588124.0,3032718,310757,763639,221788,115876,2636781,2059372,152752,100449,175626,445411.0,861446,350885,159783,1069494,1387580,423832.0,1081541,77852,215137,1318422,622611,53717,1206625
2023-11-27,288531,170613,615520,3288239,5741503,155877,623769,251507,2846717,248287,355782,4675058,2381227.0,5346137,1607533.0,2006874.0,3620174,221243,731344,293048,96009,2406649,1800473,234553,124307,158840,383290.0,819743,442554,319954,1280367,1298530,341463.0,881056,61911,185015,1988857,708142,55380,948085
2023-11-28,334517,243474,499222,2110117,7371246,158254,574852,308647,4601530,344268,373616,4447592,1973359.0,5357374,1439703.0,3137724.0,4813330,518565,1031160,262727,79114,3741104,2082850,279244,107192,155309,295851.0,650990,354179,235733,4713615,1137430,493912.0,912969,78875,206310,2232846,659620,37175,1616633
2023-11-29,739654,334890,652810,2221343,4747728,145459,1179280,221963,5886660,404013,239107,9561223,2462662.0,4356956,1357656.0,3847352.0,3787587,401131,1127092,305728,93431,6910159,3050584,301883,93205,247526,389779.0,1275470,391758,154911,2245076,1563184,704128.0,1242786,89828,320900,3068646,1148021,96571,1355003
2023-11-30,681995,246247,975429,2962998,6045158,630275,2861028,1704052,4872676,791155,460646,14472827,3854521.0,6891401,5864965.0,4430230.0,6251929,685441,2746160,1021484,541495,6882000,3589967,481548,242685,529393,862836.0,1160807,1041317,190969,3347951,3859464,1144961.0,2336566,171768,1069951,7918842,882973,130432,2099137
2023-12-01,399386,473709,973308,1989728,4898592,162237,731827,452209,7023056,371813,365830,6776813,3147498.0,5465873,1469427.0,4621927.0,3828587,347777,1278193,370251,110829,5011460,1957079,270139,159143,225002,499090.0,635321,488444,154030,1863728,1880512,639233.0,1479952,87188,301589,3115648,561241,115484,1540039
2023-12-04,374622,218772,485427,2158538,3805359,110765,850657,305567,3371195,601366,185478,5525716,1867430.0,4790043,1283346.0,3014033.0,2747291,355107,1313170,217732,75750,3320367,2116842,302602,117348,210929,565694.0,650741,299505,337507,1263671,1904647,455900.0,1052482,112690,229300,3042026,810052,57754,1175617
2023-12-05,359290,421803,858385,1938156,4058062,220024,931765,637973,3896440,350039,337355,7197260,2392866.0,6399992,2554731.0,2853558.0,3772298,330445,1863591,246843,87074,4775725,3039437,295709,124931,258604,597410.0,559386,321810,191773,2133696,1677223,492272.0,1587962,128335,268274,3718172,693975,80704,831914
2023-12-06,355895,503431,975094,2541393,5146308,203540,1088946,415631,5820197,492528,262704,10999294,2065467.0,6943201,2218456.0,3830161.0,5055806,671648,2029499,293929,148096,4648618,2600586,1745291,134788,303446,781860.0,1504672,430802,158536,2172724,1989051,564755.0,1936825,101003,270413,2974123,2458449,80754,1476457
2023-12-07,788365,334389,849431,3768742,3601449,201937,920498,287937,16802688,394268,449909,9086918,2872163.0,4781836,1109812.0,3281183.0,4931140,292735,900027,251289,95070,2954604,2073491,622723,187676,218766,1134819.0,729441,920497,153712,1282387,1320991,599980.0,1222854,80632,296777,3162416,927492,151740,2226091
2023-12-08,572328,443147,955990,2091390,4260300,169950,1436380,352915,8743730,377917,425023,10563460,2937505.0,5746642,1205684.0,5462088.0,6629904,463083,1164309,377565,119743,3770698,2934602,523395,217306,297600,590684.0,581893,549025,211008,2536998,1871492,705576.0,1590653,143880,249469,3406323,1028385,73182,1721515
2023-12-11,446246,365689,949037,2303142,3958199,213212,934467,242835,4836896,329012,329037,9075458,2352218.0,7157154,1464938.0,3097158.0,6121696,355053,1319810,312208,107336,3391520,2199996,504172,176235,239799,547275.0,588365,465371,149779,2164937,2568711,724409.0,1367701,86661,170462,2203542,842023,81476,1371867
2023-12-12,352640,383115,810837,2301655,2829674,268833,965724,323344,8656350,346797,323646,10008714,2017307.0,6433304,1126979.0,3253572.0,5402507,300160,822167,409339,128333,2768993,2164014,804004,517144,266423,675733.0,689351,535486,194830,2030353,2031540,472968.0,1445642,99409,290348,2036802,919885,75420,1704800
2023-12-13,414848,256407,767675,5039859,3597327,347612,800108,286257,5179785,479252,387163,6192554,2607426.0,7381082,965359.0,4320972.0,4763244,243421,788040,336444,131349,2417494,2621757,520078,212729,233998,587463.0,657685,511564,184023,1766954,1955034,902428.0,1219567,110446,294063,1867969,1050451,253841,2263636
2023-12-14,785397,855596,1685390,4332838,5735505,485374,1534986,365631,14903265,525717,635498,13119238,7155895.0,23751797,2863684.0,6995061.0,6989628,471332,1962877,533407,316495,7397518,4322932,757980,340167,797576,1569733.0,2557788,988405,223473,2998987,3444351,932899.0,2449105,179176,601660,8322512,1517842,215982,4473853
2023-12-15,1287219,957065,1955155,6103000,8388665,513375,3102337,1738326,10354324,823069,848658,21167303,7213370.0,22042162,4338973.0,9542557.0,11247325,1334865,3939851,901760,330464,9978637,6512480,955602,436564,934300,1222868.0,2004387,1173550,251527,3874379,7148520,1404155.0,3856237,247684,1687792,6347215,2253548,127291,3650587
2023-12-18,341040,215035,588488,2218892,3880885,162066,791886,212103,3359656,229554,303348,7888362,1819590.0,5495935,1188790.0,2721562.0,4686075,304718,1029453,332701,78370,4026610,2444623,309230,127962,270190,444778.0,1055519,451148,98695,1363177,1300528,461505.0,1368852,79481,366634,2272420,809936,80317,863093
2023-12-19,396217,283031,765045,1945158,4354810,251270,772182,199895,4053597,204093,331745,6058916,2148729.0,8083731,1235553.0,3679302.0,3412209,573156,931895,309574,108268,3453168,1758153,308059,196794,295789,466033.0,914187,491279,147411,1316129,1949578,381288.0,1668823,96224,245805,2150022,859784,86467,1069367
2023-12-20,484778,316086,612649,1685775,4356286,184465,570723,247609,5334704,226621,302301,10190846,3881829.0,6318933,1072715.0,4253438.0,2909853,649736,880501,321708,83192,3098558,1880142,261777,142129,231945,425678.0,570854,869315,102691,1875972,1741144,1002252.0,1394945,72681,282836,1980393,833095,93792,1219608
2023-12-21,386794,392006,500970,2897195,3152744,146482,718117,169932,8912906,174272,271929,6758155,1672317.0,5586875,998515.0,3001873.0,2657454,346501,924884,240215,78835,2699277,1594417,212692,140009,196293,397311.0,842058,866303,84379,1631936,1716032,419365.0,1174083,117235,252410,2513179,989675,69376,853870
2023-12-22,1035464,266878,448184,1468342,3189514,124322,663585,210863,5053815,166893,192905,5764240,1253538.0,4863034,801449.0,2507339.0,2497126,189063,599283,182833,62573,2208677,1656994,196450,85827,183454,285531.0,425545,308711,81172,980324,1186277,382003.0,981828,82462,211804,1506955,506921,36740,2896287
2023-12-27,337533,136913,399622,1154368,4058362,74588,461826,151990,2889605,146262,179473,3270113,972177.0,4365525,694032.0,3886637.0,2544429,230961,630456,141200,43837,1583103,1234302,222832,83720,169185,234984.0,406581,170235,127217,779246,1067219,243291.0,752828,44979,118448,1154598,633438,36520,1591098
2023-12-28,323489,185030,404269,1183626,3022343,89186,430616,125676,3362515,144770,174296,3789328,2006942.0,3547069,851389.0,2510744.0,2452630,111249,615130,128381,45249,1549306,1318193,153004,101999,182689,260465.0,407560,187437,96322,975766,925867,286439.0,633466,43792,120365,1329065,526457,25499,1040107
2023-12-29,161239,95975,301410,657424,2153339,84270,342418,144373,1911326,101645,137820,3143634,872866.0,3172543,562430.0,1310202.0,1898324,118546,1558083,135261,54299,1154724,748677,138577,67587,164022,185880.0,317240,164932,92422,732440,539498,270881.0,571937,48206,111493,919961,419018,19757,992034
2024-01-02,376060,308986,778095,1778922,3809729,127940,717051,303587,8271246,234841,393701,8226049,1336051.0,6862954,854603.0,2746041.0,2956122,304511,1662735,285962,80754,2733145,1724329,281024,102816,244017,391009.0,678960,382782,430839,1087047,1442435,528929.0,1254579,92933,202837,2099452,1107764,56656,2162396
2024-01-03,399469,282847,686416,2249768,4276838,191170,902349,257297,8555356,302103,355433,9865135,1945663.0,8232745,1038113.0,3804479.0,4179344,362275,1089915,287913,89272,3901725,2310818,276198,84881,266440,714218.0,876150,789042,179890,1458824,1311703,619782.0,1664875,83025,219043,2563722,1420899,133256,2325246
2024-01-04,866859,210334,545050,1654947,4047854,120273,927871,324011,11517708,369253,320050,7808824,2268399.0,5085731,1013691.0,2260838.0,3963007,253793,682785,182686,80597,7003267,2207718,191159,124368,261766,470174.0,696946,604763,212519,1237834,1114133,440464.0,1135767,94241,226508,1737818,927093,177294,2154041
2024-01-05,514414,208640,634842,3305990,3276552,165493,1037797,257613,12557979,258608,405907,9951887,1816704.0,5798706,617783.0,1947542.0,3258382,490991,1252411,220127,78240,3156824,2345812,313373,86130,213738,671745.0,706306,578639,140626,1688676,1171604,371197.0,1410352,80908,160337,2069573,837882,107673,2439530
2024-01-08,498428,188299,437610,1586061,4787454,94354,551675,338646,8113183,212718,287585,7111072,1101105.0,5093698,996856.0,3931638.0,2757646,498509,926527,381105,72048,2707585,1681104,299366,92889,181073,295027.0,416731,652993,127099,1433927,992579,486524.0,827480,58023,167561,1565940,501701,110868,2152756
2024-01-09,428916,220409,586032,2824333,3333644,122442,679067,269172,7568536,267769,282372,7822558,1281732.0,5904657,1053755.0,2863064.0,5039165,384514,882864,440969,84043,3465761,2111832,316832,102748,263138,449830.0,415628,708127,280550,1576824,1043679,497696.0,1280311,60192,262303,1296205,547752,114554,1633342
2024-01-10,429634,170894,496057,2119047,4112352,160505,872610,305684,8309940,225429,253045,7489778,1497123.0,5062392,887916.0,4858003.0,3895339,435223,717646,445091,68293,4514351,2266784,316466,100999,193185,414280.0,815499,532804,151084,980424,1619033,334150.0,975033,80979,284745,1970908,526651,127374,1546508
2024-01-11,397507,303058,585807,2133431,3542989,164357,951413,295326,8372847,302068,332976,15764424,1966587.0,5134484,1280838.0,3976450.0,4389175,292023,733175,426734,95116,3645395,2415628,322470,116541,249004,564955.0,756413,474135,130874,2231489,1354264,452681.0,1124272,70606,215217,2568917,870883,124274,2225632
2024-01-12,307702,475401,472896,1817478,2796163,202663,1060275,355560,6108996,226809,262757,10497746,1518855.0,4651034,778381.0,4212738.0,3578773,279588,955885,242706,74621,3219400,2974285,258970,152002,277345,950847.0,1111214,496897,231146,2526427,1155152,537293.0,1191478,63977,202236,1978791,927653,161690,2390613
2024-01-15,228934,158989,349281,1331091,3233948,233308,796874,147868,5287626,317088,192939,5375535,1057436.0,4466010,1511617.0,3882082.0,2752016,315538,1137744,219813,40047,2743890,1911584,160463,129382,225491,819164.0,641097,180331,160426,1461503,732435,290007.0,655853,38794,162578,2045694,551095,194472,1559292
2024-01-16,407779,193796,478421,1567729,2528088,151111,873436,270222,21215849,225831,174338,8031647,1806262.0,5268686,943745.0,2967703.0,3754978,241152,1424684,268604,60553,3369919,2225382,298040,139451,288501,684416.0,1438730,1073192,246670,1907514,966319,494102.0,1038842,161128,220847,2086113,565207,144717,2261553
2024-01-17,642715,393248,775397,2195846,2696571,227674,1420430,326335,9334642,273681,308241,6389241,2288828.0,5052897,1171087.0,3566508.0,5196725,621897,1125225,401452,70723,4234796,3506283,445406,187213,414884,738325.0,1523760,540568,235719,3654261,1359745,443949.0,1266568,110766,343903,3448491,1288695,253741,2927742
2024-01-18,595995,227607,1324377,2119243,6886367,201201,1029694,286751,13654293,268226,255530,4912645,2072363.0,5597434,935879.0,3253825.0,4761458,390235,872702,317747,80205,5071346,2416672,347704,257744,285117,610555.0,612124,356855,355772,2421252,1346568,450506.0,1109187,66373,204279,3223689,679534,169167,2155538
2024-01-19,551303,430607,996582,2758892,3283379,152452,1083381,345680,7622134,324694,350327,4497713,1781749.0,7347445,1356347.0,3667775.0,4764035,391817,1195488,484724,127651,3811806,3089578,411884,113268,332735,662149.0,923271,500733,324897,2448995,1962585,871441.0,1106912,62880,418011,2405907,865872,136475,1477079
2024-01-22,615247,148248,606212,1981814,2247065,78096,961338,232149,21153778,262066,317476,5082769,1091925.0,4941174,1145670.0,2848559.0,2801144,272400,677531,286350,63648,3703159,2169356,303126,104550,250230,636653.0,530871,355094,158667,2658075,1744799,603780.0,915404,61589,481723,1822787,593451,108948,2091937
2024-01-23,380020,415407,704008,2057979,3183477,166346,1201268,345566,8001121,320893,216367,5826782,1030866.0,5193426,974025.0,6828147.0,4216752,380157,1197788,335683,90584,2752245,2735630,323458,434161,275975,530249.0,1187097,436063,351371,1608593,1451296,464908.0,991171,65751,532081,1633466,2157491,139370,2540359
2024-01-24,1040530,370291,668929,2398628,2447384,169031,1004508,429329,8549152,255077,394208,6821777,2223552.0,6774901,1043354.0,9418479.0,4342426,499197,778641,309485,69270,5507891,1859667,243474,195842,282559,466118.0,1002873,427820,164472,1023434,5268147,586055.0,1409738,54662,461757,2085583,1357985,226089,1986909
2024-01-25,1175573,206931,570924,2681645,2215805,141303,1315384,342926,8803796,257386,356845,6119072,1397167.0,3924931,1746194.0,3965904.0,3203988,388869,904273,267511,91713,4441999,2851011,246712,140971,273197,398656.0,531387,431691,191012,1555306,3408973,555798.0,968833,72232,426165,2215035,1232015,87473,1805832
2024-01-26,728588,291810,746526,2619512,4560617,146048,1021980,351598,8651818,539971,474969,5529279,2560960.0,8759140,1574867.0,4333943.0,6572473,381426,1287646,353991,79994,3714972,3214963,808100,137056,244355,721113.0,1133126,442510,425003,11116296,2548387,584668.0,1108405,319063,342550,2022257,873874,75393,2094472
2024-01-29,319750,300907,648064,1873459,9446748,188616,653023,242849,6052173,553123,316565,5732866,2175720.0,4651613,1445268.0,3040405.0,5345748,363699,1382611,334189,86646,3002826,2159220,360076,163874,187531,337010.0,1340228,711508,236431,3105552,1669174,644543.0,1003192,98646,208377,2230983,578550,130001,1982817
2024-01-30,331397,292383,510527,1757912,5676049,188970,775385,278896,5867687,511485,297064,5559216,3399456.0,5260228,858768.0,3156500.0,4720390,288725,1365202,348947,112742,3588656,2006522,517544,137856,264354,498935.0,711852,372636,141569,2374592,1411612,512814.0,1074767,240362,183145,1838330,1180093,81564,1786348
2024-01-31,560287,293395,870622,2033121,9830769,147358,1130835,433858,7139441,329621,395840,11304882,2240065.0,8117700,1047607.0,4452134.0,5484516,327337,1649492,361594,126950,3404848,3123530,383918,184321,336660,531119.0,1375834,573077,132527,2834118,2021425,764603.0,2124138,136935,249443,3460439,2292296,174434,1443445
2024-02-01,2042786,282848,619193,1524372,7397296,135403,875674,345971,11063776,249712,304984,27542515,2107380.0,4416559,956618.0,2792826.0,4089296,247559,1020929,276149,125528,3363743,2449579,237252,96374,232736,529598.0,724436,430303,171514,2484210,1471326,1437522.0,1190680,95536,243405,2598337,1095909,101418,1350245
2024-02-02,672132,336492,596590,1919704,4588610,117216,916523,333511,10930309,298160,253470,15314180,1567859.0,5319499,821017.0,4363322.0,8221276,332253,1031039,256960,91912,3350395,3770724,337653,106159,210925,1447927.0,2342550,442361,162372,3392965,2044525,751173.0,1119321,81743,283048,2510972,1058198,119600,2338792
2024-02-05,557583,345436,572529,1954473,4184466,391015,762917,290445,9179250,313826,255446,10408962,1692483.0,5916212,1145606.0,2630576.0,5961619,260893,860455,433829,93444,6300409,2387817,207046,83371,210199,938004.0,917369,951122,276745,2317191,1127795,470389.0,960920,70240,260982,1831366,646264,130426,1255487
2024-02-06,584819,204714,528490,1859209,7038212,301468,745693,308450,10192309,238632,265151,9053068,1651010.0,4961204,898308.0,3953204.0,4252422,302071,1125240,348137,109756,8966397,1844561,216658,164722,221082,524184.0,846553,1737397,270252,3616997,1503647,488818.0,1244538,46253,161205,2006909,998873,119924,1158933
2024-02-07,303217,199903,587037,1367170,3874848,181246,1104844,223480,17833369,207357,267739,17695359,7533414.0,6037616,1027099.0,4621579.0,3472801,338543,803030,348216,160406,8476622,2028234,201893,78906,233508,509581.0,793486,1319917,155545,2593422,1544181,560732.0,1440276,319321,230937,2094577,717594,110512,1194273
2024-02-08,569284,218664,606232,1283790,4978754,194743,1127135,227432,9251068,383084,359162,7236723,3434355.0,5809396,725114.0,4503959.0,3181130,394112,570204,262661,124500,6881241,1836118,194032,88007,202696,422598.0,535568,612064,147852,2232576,1209001,604815.0,2644604,139805,280409,1871599,754021,94530,1020187
2024-02-09,460724,485058,603371,1673704,3203203,389870,867292,360800,7659409,326905,279747,6844334,3006097.0,4518335,957704.0,2493017.0,5674229,307000,846773,336655,86189,4747221,1751091,200353,143775,247729,525780.0,624856,741496,217436,2278794,1478147,604110.0,1784577,91574,230019,2657606,613599,114113,773354
2024-02-12,342609,164443,481300,1391879,3443755,157286,483485,181005,7489245,177248,240086,5362999,3815263.0,3825391,655806.0,4590492.0,3346753,228533,743829,142509,50417,3356553,1431014,128274,78045,191940,558560.0,720188,526559,290218,1891667,1233518,386615.0,814537,72738,120369,1686154,617449,93536,1448138
2024-02-13,415340,209536,482274,2403707,3609641,156355,719165,314383,8267376,285000,320006,6408553,2495990.0,4231360,888011.0,3023414.0,3985961,499830,1219554,191273,84972,6935413,2324829,176983,97365,327385,409980.0,811500,443544,510856,1926545,2057512,651585.0,1160445,68452,220161,2533735,732571,138548,1176344
2024-02-14,500861,292592,680605,1701498,2680744,232117,577490,214262,8155357,329080,266645,5774279,1881231.0,5699419,588574.0,1777480.0,4497858,938966,1007529,225693,77019,3654068,1247134,246731,96969,207117,338846.0,703485,773760,451875,1909443,1179352,479137.0,885880,79362,160766,1702464,752873,50446,771704
2024-02-15,335771,371021,640225,2104384,4310224,219393,773186,286231,25281336,222000,368141,9204247,2689384.0,6453868,1216150.0,3272693.0,4858329,458739,856373,213103,88324,4046968,2872026,201930,133953,199399,403033.0,1043171,512706,392195,2070441,1089783,462172.0,1345994,60549,203402,1815412,873677,72853,1559384
2024-02-16,435283,471829,958675,2532352,4737773,335409,965446,295625,13032235,283234,373305,7746548,2444525.0,5837053,1102357.0,2571692.0,5703201,546385,1000762,359058,116650,4963059,2853188,241601,122021,284413,448676.0,1131500,603450,449879,3762206,1707937,692020.0,1764903,77929,185667,2127994,882295,131124,1616758
2024-02-19,270803,176023,456255,1323167,3542983,204409,518613,222024,7904714,465218,237636,2808687,1697298.0,3817041,672111.0,1250142.0,2796552,441518,708923,174701,49239,1555069,1774036,145953,94155,166487,269118.0,1337325,376769,611512,2678347,645852,347893.0,910529,72514,109827,865898,520569,80015,702494
2024-02-20,414908,198633,491334,1488167,8855793,283030,700053,276294,8711129,476448,310368,5167901,1455893.0,4505214,683323.0,4258096.0,4904790,906344,1471649,206395,87153,3741267,2526297,248959,77224,132527,429484.0,1155845,371432,448279,2532862,973697,555734.0,874323,54144,280672,1140586,800947,142897,524469
2024-02-21,275055,182344,515311,1462693,4044652,173888,964222,242730,8935384,244784,298723,5728487,1315620.0,3970706,1451566.0,3125292.0,3139163,828614,2373193,252588,75375,3744507,3552731,263822,97210,144452,497068.0,877890,535490,393466,2153870,1086418,1674117.0,1078745,102021,295221,1161746,879491,138150,1078596
2024-02-22,585593,342064,1136054,2973647,3672873,201525,1062045,298150,10104493,447760,385586,11347640,1903952.0,6727173,1624608.0,2436763.0,6013713,586052,1994508,350904,92319,5381637,7352263,284268,390983,258366,676569.0,2273888,659549,309475,2489784,1980493,727507.0,1553676,75632,289003,2092072,1749921,166229,1361175
2024-02-23,375478,331251,2330768,5605687,3323501,194526,840751,285722,9996997,301989,354825,6798112,1883180.0,12243090,1002857.0,1951061.0,4067779,429780,1460941,330902,113131,3833087,4349780,208442,241207,221107,618363.0,965543,616843,343878,2195116,1716818,517993.0,1836700,49995,332083,1347487,1230615,146861,1128918
2024-02-26,323448,165368,931605,2282454,2182694,198445,824691,219822,7512842,219292,365983,4469550,1552780.0,5532478,816644.0,1743463.0,3805719,460431,1058471,231637,62338,3182174,2730537,155766,132542,229328,314732.0,522323,449279,422557,2434906,1969921,793682.0,1043062,40578,221379,1103763,521656,77467,1491583
2024-02-27,322593,252894,731814,3316899,3228002,227081,699541,223693,6267035,233891,296531,5482863,1985338.0,4424805,1410341.0,2277457.0,5040108,288708,963868,312177,90057,4458440,2467850,222863,125793,399098,610436.0,1481272,446079,753635,2721259,1766566,519966.0,1113339,56495,171333,1569818,680794,106047,1574733
2024-02-28,320085,378850,573412,1864710,2815831,265884,757828,229045,4573689,211081,219756,4029251,2135455.0,4973628,1007048.0,2888305.0,4019491,245344,745562,341892,74196,6488738,3369399,251194,136709,265915,657826.0,933345,350581,235023,2659229,1393703,585244.0,1510378,53377,283181,2306255,1030279,228825,1024816
2024-02-29,535112,355007,2181442,3080914,6695070,964393,1382952,883271,8391994,443629,463621,8249448,4722654.0,9664837,2813675.0,5340113.0,7054883,805223,2143576,1076340,196577,5853136,4241706,570986,341662,509479,922768.0,957261,1166326,351948,4775663,2284190,1275535.0,2563666,162296,983622,3024268,1659064,1415762,2243692
2024-03-01,373818,402465,992607,2974126,5814169,392914,1121078,389177,6592123,330990,318062,13296184,3319364.0,5220962,7773900.0,3120109.0,4001020,318508,936649,753462,93846,4461640,4126828,210123,169061,284436,775244.0,1733123,351111,288441,3647263,1776258,461223.0,1342647,64605,317398,2658178,3005953,188907,943166
2024-03-04,326094,219642,468562,1746904,4337012,201286,625518,402509,8172832,273594,299603,7538086,2266975.0,4355359,2387460.0,2889071.0,3394999,512382,2038189,1380182,51629,3641357,1924498,148573,182997,212680,560794.0,634440,464016,417898,2814596,1156868,417835.0,787622,35527,294466,1474754,966402,120224,1220702
2024-03-05,375368,209905,511677,1913185,11895736,230158,661444,302411,9409668,219639,266754,8596291,3134831.0,5148517,1640951.0,1850636.0,4956001,1343056,2134915,689706,59942,4171657,1782226,174826,127868,152407,412234.0,507424,647241,288918,3487667,1368352,775081.0,1083975,50045,393213,1704555,1144506,118135,768956
2024-03-06,931798,382008,857297,4010278,9128697,337461,1049231,420831,7698083,371181,414516,9760464,9663128.0,6818372,2068963.0,2633856.0,5998677,641722,1149753,559359,114476,4291965,2513190,455789,165759,283584,423021.0,791140,672386,484831,4117148,1774570,589967.0,1457260,83176,1607173,3220350,1392273,109065,1553082
2024-03-07,522814,332352,661843,2609946,11836438,179299,974767,653289,10837728,558657,295794,8177434,4100586.0,7684464,1459542.0,3615152.0,4857959,310528,1267035,519196,95328,5407682,2665450,606743,101832,330768,412274.0,662761,454501,396312,3256248,1630633,431156.0,1070817,91821,787583,3191191,1284544,123792,1699712
2024-03-08,411434,211726,710060,1683802,4932498,295813,773833,590560,6476540,516821,555489,8319921,3945158.0,8595092,1020232.0,2262089.0,3113555,368393,785236,362890,88886,5160008,2024985,439134,159080,237976,328748.0,630862,331117,588542,3198288,1433244,543445.0,970398,47851,453982,2679136,635989,153655,1601678
2024-03-11,405141,225745,705767,1629130,4664684,205760,778385,396768,3914158,799588,512181,10985870,2783173.0,9905828,652671.0,2045063.0,3569668,242058,734674,458013,63914,4811810,1915139,270839,108518,236507,733958.0,478695,361979,453632,2210842,1958225,428799.0,944461,53753,366949,2597857,779803,106782,1777364
2024-03-12,616782,250139,815451,1880708,4177910,134841,1364736,353994,9347756,890601,628691,17525771,3063413.0,9463060,1329017.0,3342472.0,7579341,207817,601182,521643,136892,4402099,3658094,283053,215230,257593,1942569.0,1566889,363834,309245,3064367,1618728,621199.0,1103099,61969,557052,2506422,1850951,337574,1993013
2024-03-13,1439190,248265,834146,1585051,3351866,226552,893552,325055,8966340,365991,560309,8909133,2628682.0,10199547,1041018.0,3019057.0,15035082,351610,1020514,556344,80362,4579476,2930477,190326,137237,252916,1089346.0,1277580,300966,300811,3951445,1547290,776059.0,966264,43645,395847,1585866,3305590,157402,6775318
2024-03-14,1043028,331150,860302,2412007,3608300,280529,1989797,329876,9595263,344069,778469,9192424,3161254.0,7903839,1612341.0,5693764.0,10435326,445685,933882,554150,112391,5440484,3021335,238320,136172,245443,904871.0,785117,585453,676466,7639018,1644378,630980.0,1182858,62930,305140,2436182,2644404,151563,2874124
2024-03-15,1642337,1044643,2456814,5689217,9539161,508397,2678229,602255,11952673,738551,1500427,23819088,8383397.0,24468394,3877355.0,6358094.0,16084175,1441246,2247327,1021549,348860,18947241,7718621,675862,426042,851213,895293.0,1350237,1579635,619332,5439149,7926548,1673434.0,4083371,200173,750321,15267250,3531579,654642,3299984
2024-03-18,634150,212267,507039,1302269,2958874,191276,760275,180288,4109947,252474,257149,8358461,2538265.0,5409712,1017449.0,3791801.0,4307380,275599,714052,381189,167073,5635588,1790934,183432,92838,241062,896916.0,1278526,473312,488332,2328260,1391680,601499.0,874394,74986,399507,4272867,864714,99524,2129975
2024-03-19,573740,324038,739955,3781991,4135183,245525,864978,262868,9957411,762903,280368,8986409,2088913.0,5724779,1367456.0,2305811.0,4899470,292507,1144295,387719,252813,5562838,2524749,132706,99635,278927,664495.0,784554,299584,520334,2594081,1335001,408722.0,3035362,50720,212005,2329052,1197626,70341,1496335
2024-03-20,451895,268762,529054,4141824,3368627,211457,704215,256561,4437351,534429,239263,7979990,1988491.0,5055042,1430764.0,2406669.0,4088681,264412,839782,476842,119903,4465573,1631620,262913,107207,384759,574114.0,711354,290204,647062,3894708,895431,718456.0,1745986,72048,276279,2294930,722534,136624,1506806
2024-03-21,807884,280476,787942,2998619,3619141,194137,1509736,220767,8384107,740513,312806,10433119,2316881.0,5608885,1206949.0,6577117.0,5807435,492620,1443478,465396,157941,4628551,2452128,296731,161733,362560,493523.0,1236586,552159,364698,2776660,2663237,481922.0,1469733,83711,271653,2755691,941663,150325,1944928
2024-03-22,890358,276353,696702,2335875,4290025,234936,1303067,209946,5603684,655517,293752,8343995,4090061.0,5856753,901075.0,6170554.0,3954866,277308,861907,405819,185035,4008375,1735721,209833,120910,310765,399010.0,1741492,417435,421749,2432389,1568110,499360.0,1083663,63397,242010,2366172,659012,154461,1680812
2024-03-25,343146,248257,691498,2469011,3904010,166728,1063860,260822,4580911,381440,226561,4628511,1766184.0,5537460,704205.0,3306940.0,4513751,225402,771702,518235,121918,4224110,1377705,165432,100062,238136,367368.0,787063,425181,765053,1622114,1189286,349575.0,868064,61396,355205,1540388,619947,68898,1721555
2024-03-26,507724,295527,668408,2278963,4021884,242646,758874,268164,4038406,427087,337884,4641109,3056854.0,6643475,700978.0,2897341.0,5766034,262687,809619,448964,84752,3656432,2053627,255538,102462,243942,479735.0,956318,731896,415164,2075413,1468078,370259.0,1172069,40307,338394,1927502,1044835,77944,1721108
2024-03-27,591131,246044,722673,2540595,5618319,243705,816350,247931,6298032,251922,269213,10898940,1922543.0,5805094,976956.0,3191914.0,4494763,213360,964400,321865,75854,3598568,2007814,299813,91026,279314,460990.0,1067803,535964,424270,1884069,1489216,725968.0,998733,99455,368911,1402564,735499,131893,2575826
2024-03-28,453326,317742,919173,2646566,3854662,224839,785748,306288,7677580,277817,368363,9867382,3024901.0,7410908,1064372.0,6055642.0,5802042,272679,967662,344543,129946,4602198,2523071,371656,109089,267041,437623.0,685112,732907,283421,3662362,1700825,814605.0,1437769,73581,236520,2036004,935288,465661,1215921
2024-04-02,482915,399452,1013176,2903536,4180578,273972,1084212,313289,11034253,310607,335247,9622210,2596031.0,8447703,1267921.0,6297523.0,5800004,477788,1425990,462083,108392,4743381,2459790,305100,118678,244412,533852.0,667681,752224,523088,2444701,1838833,844414.0,1256812,73562,284269,2810713,1056617,178505,1610031
2024-04-03,346901,244131,782102,2314791,0,308810,1830218,224033,12145162,865049,342100,7487699,2014099.0,6817660,1553729.0,4874048.0,4659867,354822,896371,367223,87092,5296014,2693400,224842,185223,237685,430576.0,1288293,551203,410716,3646176,1501774,548424.0,928148,90847,334115,2241089,1466950,280053,1021204
2024-04-04,268234,197503,690551,1855813,3497344,165599,1788276,243143,5701906,409260,333307,7028089,1785866.0,5822088,1333040.0,5630025.0,3930438,304620,1066867,316966,108916,4115006,3037790,326471,127404,221685,477590.0,774840,571155,369064,2157766,1126985,604120.0,743311,33817,320304,2042481,1500099,113428,806088
2024-04-05,424601,433654,930874,2537273,5547572,169609,1144372,257885,6845613,402319,398871,6797982,2650481.0,9223547,1251887.0,4897570.0,6007232,295967,1329878,461036,126666,4784653,2919782,357078,130365,463828,420128.0,717783,453534,435949,3302295,2099406,849414.0,1572936,91329,290373,2627947,1299458,116995,1330230
2024-04-08,300809,183733,766929,1596462,5126028,217079,827527,444922,5376749,339690,303438,4172636,1557883.0,9225239,970942.0,3740579.0,3649939,221134,1171542,236485,75255,4053741,4060772,297205,259568,169015,247029.0,662796,429088,534195,1588796,1024504,988334.0,1048963,77143,222922,1615856,884650,131023,1622833
2024-04-09,258785,271822,786837,2123880,4805903,168673,763287,222832,4226985,362617,357431,5828161,1604063.0,8595475,2033407.0,4726494.0,3761821,256062,1016237,382756,135023,6895925,1879793,169956,243452,285556,329061.0,642996,758667,1949148,2091721,1532856,761517.0,879414,51010,290134,1114974,874640,82874,1238167
2024-04-10,359674,252251,707709,5288570,3583402,191374,1251336,299457,7794155,615440,333987,9829638,2253330.0,13417617,1331786.0,4360533.0,3970340,365949,841599,253276,115141,6147316,2440713,261422,264364,250560,536526.0,608777,623449,672994,2941997,1647893,441112.0,1157693,73876,246741,3389115,1074432,144950,2091956
2024-04-11,310776,467920,901651,4051574,3313778,292930,1090825,378799,9290124,453419,276696,9596415,2312082.0,17684728,1421594.0,4212548.0,3641625,198944,866681,549280,112326,4020570,2083716,298539,139781,200995,724073.0,515451,815663,368968,3658539,1897428,477904.0,884539,59855,378599,3123000,1011034,236820,1411699
2024-04-12,412175,351501,790540,2698989,3638040,261606,1275147,277081,6211978,290573,400712,14505461,2241408.0,9115022,1414368.0,4484317.0,4992281,177434,1053953,357066,106366,4636445,2761599,227660,132321,214677,410108.0,616063,439241,449855,5566049,1863432,471419.0,1088777,59932,361270,1879084,1074876,121912,1095985
2024-04-15,667433,280224,615631,2132399,4111723,323146,1018111,271083,6250178,244425,266755,10902898,1748483.0,6908114,865323.0,3334969.0,3773456,252017,696423,272136,78733,4664400,2436821,160741,78590,180082,384044.0,566229,536081,429000,2261627,1159676,547605.0,1282464,56764,392190,1950690,878716,81545,1359220
2024-04-16,338572,416389,808028,3371948,3296976,504524,1357333,280988,3738820,494694,315498,8352414,2046522.0,8638845,1494340.0,4493921.0,7777871,262324,1964221,484544,76565,4078338,3364354,314738,151833,221034,588040.0,910947,492219,403974,3024275,1610192,613865.0,1081226,49776,262801,2236999,1388595,117669,1082511
2024-04-17,1256506,281688,705793,2407373,2359047,268590,664955,361988,4017011,1082233,271686,5742945,1630118.0,5859679,1527892.0,2505128.0,5494891,318946,1219818,316701,90086,3395233,1863829,370848,105896,272721,375717.0,463176,511275,516390,1738403,1501420,443070.0,750849,112625,268363,2089639,741363,83105,1115355
2024-04-18,914015,350028,946439,2083755,2759804,323586,622171,477608,4912855,581465,224735,6767337,2175980.0,5320545,1273144.0,2520999.0,5634154,663964,896088,372526,81471,5267723,1799323,511371,96900,223303,320266.0,426026,640818,791777,2268168,1286396,855408.0,1201705,661883,294012,1877966,712440,114459,1233289
2024-04-19,569542,539735,871643,3487886,4224860,276848,1031130,397878,4750241,605797,346362,10592875,2732324.0,9162242,1440802.0,3226135.0,7869281,803997,1374985,469604,119405,5660217,2620156,353173,171252,327548,384848.0,498869,672931,496451,2287584,2620339,725117.0,1654861,211066,421584,2313052,823393,156020,1493023
2024-04-22,440247,255514,581150,2457655,4999901,230757,635536,302311,3904688,411953,218949,6280184,1866481.0,9702519,1200433.0,2854615.0,3621556,750876,1137049,493866,86223,5021424,2146207,214993,135395,192072,211388.0,357251,760626,394196,3315403,1546846,673072.0,887529,141506,158271,1596032,903134,116834,1156653
2024-04-23,429712,492033,844070,3111817,3055329,288391,946389,366954,5479981,394321,434555,8380135,2401247.0,7826694,1099191.0,2948625.0,5179857,801792,1356771,344329,129825,5505302,2305021,503255,203443,521614,472265.0,462207,693585,398292,2263400,2601142,646632.0,1100624,334829,359439,2031658,947265,130215,766397
2024-04-24,482904,491396,1072335,3858949,2710724,290544,919549,394495,5051875,324837,787645,8688954,2743301.0,9753066,1647752.0,3194209.0,4372654,344818,1281130,419976,115316,9134155,2223226,339364,209122,351358,470943.0,375691,788366,264447,2012976,2201986,812160.0,1222622,185974,445442,2676764,820001,88881,1184625
2024-04-25,348040,559513,1095457,4440625,3533816,288800,854946,396067,7041569,356242,442626,32183093,2848846.0,8280649,1316158.0,2147408.0,4887192,437031,1063764,477258,136566,9818584,2689932,259860,167851,320002,443728.0,411495,1044768,391168,2929172,2274169,646680.0,1244085,84748,897510,1916359,1084519,127752,1173236
2024-04-26,370777,573440,666862,5253527,4690278,215266,667469,493842,4919372,409480,293627,14832249,2258450.0,7366732,1474039.0,4818532.0,4331777,435741,659677,344078,92734,4754203,2632815,282863,105370,353497,762663.0,573454,770653,302400,2207834,1498070,700939.0,1090481,0,515122,2518090,814483,189333,607348
2024-04-29,386905,231550,517865,3076225,2430613,249168,630451,190771,5081349,403895,207833,28836533,2445968.0,5400349,1314911.0,3287282.0,4557892,583807,598539,251918,99607,2845541,2456200,185338,130591,155795,1132820.0,386657,696222,189819,2346810,984218,684255.0,666226,55968,288495,1649094,807919,98511,605169
2024-04-30,536674,265470,758138,3715748,3426001,285342,1986847,331240,6656341,539230,282540,11202166,3162336.0,8060774,2395391.0,3166473.0,5059521,598827,1078761,490929,117043,3734557,8393648,246131,171277,268763,818181.0,1466266,902416,202216,3286144,1875887,980422.0,1159600,67692,285734,4994373,2992713,99840,1132531
2024-05-02,497954,241708,936684,2935787,5554757,385879,1082967,453420,4865528,433288,327701,7325283,3526539.0,8395969,1894186.0,2836958.0,5034984,484705,932849,358372,111684,4476265,3280527,289725,258330,220409,544362.0,546709,917201,286327,3019920,1211893,747075.0,874099,81421,277800,2056238,1237453,67278,1779430
2024-05-03,420986,253016,752057,2243383,2582716,259773,703362,211009,6188754,382732,335789,8581048,3633390.0,6041608,3905678.0,4524458.0,4133584,421384,879482,1676273,101559,5201339,2609686,218795,159879,306188,322089.0,485399,592109,383071,2659959,996637,517287.0,747520,51895,158597,3865914,873516,106000,2404580
2024-05-06,240835,174434,695258,1827034,1803823,187491,551350,91344,2716777,237677,143272,5502647,2924943.0,4340902,1514153.0,3376872.0,1896684,211711,778869,494584,87545,3783613,2735872,125731,59591,242606,498469.0,575621,369818,223684,1726884,742062,482727.0,757550,70774,106564,1373976,744741,47333,1064742
2024-05-07,427458,374864,771108,3392286,3346510,237578,1024845,216427,5407636,652924,267246,8728351,4194999.0,5872430,1255447.0,3580267.0,5431637,1303398,1560800,713248,128931,16361129,3251924,144683,127651,265881,311761.0,540591,447586,391210,2964665,1181157,1536130.0,1899939,83337,232566,3254285,768187,91340,2358350
2024-05-08,391297,273029,850666,2129964,2244692,288853,2192149,178791,3389077,562838,199699,5922417,3367091.0,7268961,1845769.0,13064567.0,3702277,497225,2123832,566461,107877,5462738,4055379,152167,138538,373050,786496.0,443951,319651,165034,2055763,1521683,671052.0,1081088,76501,242243,2671201,990554,87386,1341962
2024-05-09,341375,127247,943893,1288317,1997631,238516,750970,161650,3577303,417205,156994,4957561,2747275.0,5735214,893860.0,6160008.0,3997463,221903,1017940,326094,76598,3910537,3430145,156563,86120,274924,396761.0,389457,388846,152696,2342805,1180733,399449.0,777550,33689,148171,1458655,625003,61084,952383
2024-05-10,390013,369966,938812,3296127,3655535,334589,1105274,318762,7254341,467173,358444,6385410,4333829.0,7680524,1535067.0,10570839.0,8510813,637324,1494712,717557,169189,6893861,4129482,225741,135851,536296,434617.0,903026,374887,171612,3937566,1414795,556106.0,1724099,69497,510252,2161676,1037955,114564,1794792
2024-05-13,234383,176553,529157,3026731,3538582,191801,1178077,171661,7152377,486437,435605,6553863,2266153.0,5107492,1323448.0,8269581.0,5102733,523781,873762,479644,107471,3860270,3638292,235637,87921,313705,577557.0,593199,375986,237986,2819190,804978,387134.0,848832,51492,234392,1378002,1186467,83675,861843
2024-05-14,280605,210439,801677,1779574,7096306,282886,1015095,1720393,7507437,419937,415146,5715174,2497194.0,6296391,1380868.0,3835137.0,10147053,487287,1075469,447388,252091,3067776,3616857,298795,76751,281699,477722.0,534729,477240,589539,2830471,1119753,410339.0,1139043,121051,252730,1782505,1277713,112450,939777
2024-05-15,471027,130948,1004244,1911647,3645309,260396,1339685,793342,11478483,531357,530227,6042996,2114770.0,8168857,2182061.0,6756685.0,7421120,649796,934966,400467,192513,3271574,3804493,741893,83932,226566,372046.0,552695,577787,314770,5109386,1286900,547109.0,1074378,107594,446675,4249926,889196,76884,1009585
2024-05-16,440065,227530,985257,2030853,4713509,284588,1877795,542221,5432800,291003,325347,7549841,2705154.0,7816323,1521582.0,4036427.0,8339552,786412,866144,501225,193168,4758466,3444772,498812,156977,318079,397992.0,552261,655745,246892,2589884,1688001,663357.0,3594338,294975,216630,2540393,920763,180801,1150498
2024-05-17,396821,267087,741873,2985467,2757036,274392,1305355,414390,6121981,324237,402189,6623689,2615695.0,11111853,1057505.0,4541935.0,8299014,439279,1388502,362738,185340,4790811,3298305,286898,161967,399213,493824.0,644080,575485,236832,2248645,1774671,777611.0,2343929,93034,416150,1893227,816618,104340,1537368
2024-05-20,208244,124178,409540,1177236,1420239,135979,1055527,311538,2637425,227999,167163,3354515,958228.0,5440686,801051.0,3984704.0,4318732,236272,591829,216025,106301,1736706,3137023,101255,54793,117899,469607.0,472634,383829,239971,937319,684234,271587.0,903819,49057,124833,1221679,736453,43857,866997
2024-05-21,420738,384384,655300,2132840,3221103,237863,1224417,331398,5708741,364895,244845,6310827,2641216.0,8208201,1077948.0,6094816.0,4589036,447946,811271,376719,134410,3451357,3152633,228236,101358,237625,629399.0,461400,421885,203229,2267406,1505866,616575.0,1250600,75984,258146,2784625,880392,120636,682077
2024-05-22,282772,215022,471857,2037959,2813470,222114,1427343,683752,3574715,353180,217023,5276620,1761316.0,5833337,927099.0,2573184.0,3776614,450619,786372,343738,114155,4663403,4205029,246032,94324,203446,1826149.0,850950,1106138,177640,1364577,966502,485336.0,1037728,85680,429243,2074407,1304974,130032,1059922
2024-05-23,554331,311385,510475,1971457,3579724,204541,751271,453841,4778909,267456,213421,4866345,2471304.0,9110854,860419.0,2386028.0,5529861,515357,1336337,358870,93280,4598035,3251540,236079,97498,237976,745756.0,777186,484240,355638,3518414,1349522,443256.0,1091149,82779,421971,2521772,944447,87216,1008196
2024-05-24,372335,235038,595443,2226321,2748973,177304,716120,356618,3721790,182467,251113,6331764,2001120.0,4982091,975776.0,4004624.0,4311872,763702,2328690,218692,77778,2410659,3457306,0,91691,0,503365.0,551982,531854,179069,1576787,1204046,377872.0,805999,155673,268108,1898010,660998,104541,788823
2024-05-27,167826,118284,315949,1081805,2309474,116581,507582,282463,2522323,204878,143041,3816885,935331.0,3114117,437545.0,4266637.0,2768856,249386,650374,140898,48016,1566671,2876501,117979,51877,150669,431386.0,971322,152218,115789,1491689,490359,208051.0,610332,77426,134560,1480310,1057607,162534,400362
2024-05-28,386779,144749,612999,2255720,3407151,288190,663217,322249,3328207,245995,323003,4965237,2119375.0,5852351,570638.0,6069340.0,2791731,570731,843061,370398,101222,2477692,2770712,136730,81423,178993,688565.0,476570,362075,317008,1427011,1144320,484732.0,787842,82145,409058,1799318,1972844,74867,469997
2024-05-29,601744,165749,654315,2198036,4090346,262464,1067837,330351,4573784,420845,289200,5860504,2504396.0,4831709,776115.0,4654259.0,4488038,302494,984889,307542,84081,3239201,3414908,257213,82272,190694,1130524.0,653766,423837,298149,1694957,1298147,553491.0,883163,164221,329827,1645254,1995942,75575,1048054
2024-05-30,438957,286229,498281,1877818,3871814,209711,600967,335449,4311675,370087,209271,4718202,1760384.0,6517550,718620.0,1990487.0,3442016,351321,715062,246345,121863,1859044,3371431,324904,78138,213339,661671.0,593259,401094,143892,1434212,2404444,394025.0,757535,119249,297595,2456687,1451042,61830,558574
2024-05-31,754394,569766,1726345,4055815,5104857,660756,2493881,1246177,7664259,748991,720570,15448362,17397620.0,13302230,2520473.0,12051493.0,9538555,828830,2009810,943943,295782,6939292,4258600,568222,351308,747138,1163066.0,723470,1968936,363709,2480819,3854601,1314628.0,2251252,243057,745987,10950500,1532381,76487,1456969
2024-06-03,343377,317548,755026,1344058,2552917,240891,981704,260119,4027026,431530,294473,6456678,2111642.0,7487998,1120782.0,3200703.0,3731014,259310,731564,438576,154270,2417530,3259641,152205,53835,216460,600899.0,595579,514398,246058,2027333,1531728,398134.0,745486,78622,233899,1941874,859981,80671,661441
2024-06-04,238332,357642,1341117,1910642,3399279,255640,774662,221113,7726673,571359,301407,10134955,2968008.0,16088560,1218870.0,7186495.0,6029172,288100,1077114,303517,125831,3196628,3371598,223348,62099,231177,534785.0,493127,403977,316308,1656236,1592071,678951.0,1232510,61638,376237,1763985,1217271,186858,739536
2024-06-05,289657,197868,601020,1445629,3985730,191788,1017525,304230,4213360,275888,265440,4910642,2492499.0,13321756,1476312.0,3117200.0,5610637,270917,1610418,292073,83146,3127750,2829994,232601,49523,265238,514084.0,516425,433782,118654,2348353,1352916,397471.0,828300,85717,426577,1788620,643055,109300,991429
2024-06-06,280535,160133,503335,1878615,2690304,250350,719728,167774,5629885,433947,194142,4753686,2375467.0,9962614,2018040.0,4550131.0,3730935,232924,1434106,307052,74982,2992281,2822962,210522,66314,197172,552197.0,559884,285810,224455,1751921,2089549,420614.0,826573,92707,216474,3254763,630728,92483,450400
2024-06-07,338479,321221,805154,1754696,2672879,152085,702679,300197,5256901,336083,233327,3329562,1958231.0,6680924,2993993.0,5260913.0,3883403,367307,918226,299513,83345,3817408,2832694,140012,57477,221684,528910.0,553700,470746,295761,2919066,1224863,487194.0,1034765,66086,252614,5214342,700045,94744,1293041
2024-06-10,303861,257489,635984,2406897,2698037,136368,923388,223656,3144927,262962,223282,5213053,2550492.0,6610300,1810869.0,3390356.0,3719590,319741,755881,437317,85327,2148111,3433214,151028,73646,180722,914335.0,820051,441497,127159,1999493,1029546,336235.0,717411,52975,192308,1883844,712395,76461,1157054
2024-06-11,366456,228409,703815,1995419,2829421,257604,774169,595044,5720343,600294,205958,7866764,2487999.0,9198268,1135804.0,2088836.0,5582562,319697,814164,305395,87475,2219509,2618452,198209,95271,245301,566150.0,1024831,587386,415605,1777914,1421351,413519.0,953042,54615,214585,1916648,769018,70611,998908
2024-06-12,352295,203891,551598,1490382,3027123,187365,1314492,277405,4992727,317202,254141,5484708,1935723.0,7375902,1007617.0,2792651.0,4874667,412275,800938,431422,98158,3278093,4045755,344307,88778,244556,1069706.0,1396847,338243,355340,1783747,1904045,559342.0,975006,86446,438185,2824889,1535717,67433,1147294
2024-06-13,431958,402009,836448,2427558,4481855,162209,1203841,381931,4904381,592485,360934,9181464,2237717.0,6608635,1271847.0,3421313.0,6187733,415846,1006234,382120,98907,4069532,4129584,332610,73044,250187,1250983.0,3102149,512037,227777,1536003,1926754,551929.0,1395794,79384,285367,1848597,1993793,120343,1071146
2024-06-14,513627,462444,1210725,2832491,2631174,294865,1418777,943946,11517564,962205,402563,13985504,3088205.0,11887632,1931651.0,2959857.0,7082563,326571,1055213,389780,84478,4580273,4296952,294562,121787,303833,836344.0,1579257,516664,977195,2431725,2246839,604362.0,1686923,112242,411456,2172023,1171302,170209,1142584
2024-06-17,616003,339913,558987,1362195,5256198,389612,798703,346899,5617569,478023,398220,5534355,1748608.0,5811333,1212058.0,1782648.0,4886452,453771,810901,401112,107979,3216631,3286072,225387,71732,201501,561493.0,1310559,810156,280579,1606245,1420250,659691.0,963805,90477,412797,1564232,735190,83889,1084480
2024-06-18,456994,0,596450,1386650,1921933,0,729064,0,0,686598,0,3371349,2115142.0,6485263,770987.0,1814192.0,4542739,497948,1086791,0,0,3559599,3348931,306543,143081,169289,0.0,0,587878,0,1284146,1468498,0.0,919623,59254,359421,0,0,152832,0
2024-06-19,203351,140358,495485,1108280,2382855,412547,1313659,254424,2807499,595176,236597,3612694,1503770.0,9356618,475271.0,2451019.0,0,340659,633161,190515,48521,0,3502734,338384,62826,143380,825703.0,729738,814026,129307,1349750,757514,0.0,805960,0,271991,1177098,572196,159576,869933
2024-06-20,456250,495576,723433,1987824,3094201,303753,799244,311709,3086151,562597,321389,5783349,1838244.0,7235174,1159839.0,2935778.0,4086431,313750,1012772,559621,88771,4548021,3434677,309152,119337,199455,546677.0,660183,756746,337407,2012977,2451414,664751.0,1201442,195395,297432,2204271,684988,134801,910063
2024-06-21,845215,721857,1420980,5439408,5139578,769947,3513801,1400149,9522401,1139768,1156739,21964619,6432318.0,17880915,4048995.0,0.0,11992586,1459679,2213442,1178793,337683,10936499,7796754,0,242339,711484,949791.0,1875091,2044421,589348,2919743,5121555,1646192.0,2772550,208860,834957,5120128,2242741,137916,2059490
2024-06-24,392140,238434,538345,2647221,2573428,268822,1388889,275286,3176655,345273,289977,4390959,1837219.0,7407324,1008882.0,3495157.0,3203621,517629,1018999,659326,73541,2893428,5794098,282723,54936,213002,1243930.0,952768,372382,203473,1378432,1430166,382712.0,1103330,54551,250004,1796334,1421341,65025,2142250
2024-06-25,328573,1424813,511035,2596920,3314177,322953,777192,206887,3199597,302706,252857,3654541,1714819.0,7572337,937379.0,2649406.0,2984826,513546,860464,445066,93842,3558921,3803385,944525,310181,206835,513693.0,402361,394259,280021,1152301,1240447,648809.0,1061924,83202,208721,1370008,797687,101682,1000556
2024-06-26,443187,769188,902868,2105747,1743278,333750,1436592,368510,2796765,521347,280698,3540731,3068006.0,5918474,0.0,0.0,5745229,473772,1117932,514874,64642,3163951,3783208,400984,110635,216041,0.0,785376,562258,192918,1710938,1857493,462064.0,1018548,109392,312811,1863982,1644755,131360,780185
2024-06-27,431701,0,696249,1341204,1927557,0,942472,0,3088654,390433,0,3987267,1696807.0,5880237,0.0,0.0,4442201,402678,0,0,0,3237582,2913012,0,217580,0,0.0,0,686106,267860,2967239,1478536,0.0,1292876,91643,165903,0,1047859,93115,0
2024-06-28,893100,573577,720359,1920031,2907526,596557,1049108,496091,3503789,387740,397539,5945049,1993633.0,6566638,1510496.0,2437701.0,5771244,674318,973869,895810,132366,3684955,4116238,292992,265967,226824,494740.0,584456,563327,317912,3411687,1961708,870604.0,1556755,96327,345584,2422300,979913,63672,1265238
2024-07-01,495056,437752,577451,2056544,2693442,323738,916038,211519,4877765,393478,276560,6392539,1759510.0,6674947,1247511.0,1954922.0,4997758,189660,650783,366585,75536,2745520,3180533,338630,104694,253288,497157.0,468120,587228,203425,1661694,1486789,583604.0,1041900,97396,232375,1588120,783736,94124,1347863
2024-07-02,451962,311936,744513,1772814,5166449,411901,1009716,249250,3956809,460985,257579,5177273,1559408.0,4860043,1133087.0,4304123.0,5067553,243990,1084697,310247,199397,3340695,2190700,327454,213035,629024,1392920.0,727339,380944,176868,1737588,1059935,419794.0,829180,275889,218253,1511748,948029,116368,1321380
2024-07-03,348200,318815,471317,1527871,2303105,270399,733923,334932,3314255,452018,250293,6775658,2851826.0,5386128,1489634.0,4243270.0,7587564,486319,695709,509916,131799,3264656,2660206,223861,267482,365947,713410.0,708989,285802,379778,2146977,1235392,762601.0,1114131,152126,177185,1617128,957213,186630,1314194
2024-07-04,196939,231066,308639,1042141,1199233,228871,843005,235595,1994439,1077497,178134,4056908,1466384.0,3344679,672789.0,2187128.0,2718447,139502,470307,172065,67263,2044738,1860262,180020,152027,211731,616092.0,380643,134099,229202,974064,508674,728431.0,506141,68045,233023,1281954,522707,42223,532372
2024-07-05,295332,258508,414259,1431802,1721022,284015,711019,200668,3112298,921415,426798,4308174,2211121.0,4774251,828830.0,2404447.0,4245598,204077,1208738,202286,70453,3213070,1852800,142985,145547,205057,738394.0,367796,280517,326793,1242770,1003301,594156.0,787561,101980,180887,2442430,711334,55507,630409
2024-07-08,272629,201482,474058,1452290,1889845,253039,754396,377322,4354724,483660,290414,5061560,1990291.0,6605400,941188.0,2515932.0,4166715,205306,449433,207092,91213,2386226,1568407,252506,136583,263535,499194.0,343255,308934,256652,1398065,1064391,459260.0,630076,95992,162012,941697,483947,55352,484717
2024-07-09,242949,469585,424935,1908931,3471125,276510,1221928,478244,3134446,402906,211958,5151079,2289823.0,6995352,1493973.0,3709744.0,5426990,255309,852792,379248,73562,2781781,5259368,234734,134768,219734,449257.0,552044,389344,184948,1070802,1175247,685189.0,1056053,103267,254690,1258421,619664,53681,666876
2024-07-10,451996,232638,445175,2083894,3232553,364139,1728422,260527,3680778,390612,162370,4048248,1558189.0,5274708,784917.0,2716910.0,3660314,221300,781560,533251,68951,2276233,2319816,267632,145689,207177,1403973.0,568260,511546,175197,1258252,895266,367540.0,782899,40848,206069,2789123,1220032,41961,516182
2024-07-11,371141,274284,379778,1856281,3450070,256923,1238881,404686,4465075,443855,194221,4969922,1265455.0,4732983,992082.0,3374423.0,4664496,217630,738861,351085,87564,2283656,1896878,285533,85166,254444,533111.0,597545,363048,286594,2173979,1046828,696158.0,749948,79338,187959,2771552,869082,52433,560969
2024-07-12,421911,406187,627597,1748703,3192136,342299,1020316,286450,3083558,340029,299101,3921945,2128850.0,7345360,1266165.0,2937310.0,3242307,274637,960959,353000,96723,2774252,2221246,243634,130003,248763,357752.0,509241,371228,172584,1235791,1401019,360231.0,1296935,109248,229121,2075877,772086,50659,541762
2024-07-15,496283,195872,336776,2531989,2313227,186358,1006986,248795,3078594,284739,145976,4111495,1663592.0,3958748,808787.0,3658663.0,4042676,329012,805578,250426,53612,2086420,1287932,149406,79164,149293,654043.0,363462,223656,230034,2245812,850866,406120.0,767790,75253,154885,1246365,499306,40905,629674
2024-07-16,368867,227614,347458,1284261,2746880,352668,936457,199260,5848372,236976,186163,3252790,1732774.0,5162290,1105684.0,2142781.0,4468040,252421,1393833,357369,131321,1551438,2288680,182178,102447,253601,1099739.0,475972,342348,157472,1253584,796666,264034.0,509570,49525,244126,1049131,808621,76250,764406
2024-07-17,915133,195806,385353,2722737,2975049,284215,649815,214256,3683685,273381,150997,3144875,1558705.0,5566602,1572277.0,4113213.0,5093041,296141,981585,673597,96499,2946206,1859231,249593,77576,164712,379903.0,440012,358643,386324,1718179,1089930,466895.0,695409,73402,272961,888112,520279,93154,571076
2024-07-18,433937,250873,382696,1697586,2709990,201217,945313,304406,5750221,343538,187053,4145273,1287342.0,7053997,1333233.0,3900704.0,4001788,407813,757431,446049,55718,2984941,2303093,230302,46462,140421,610916.0,673608,321591,196705,1311919,1486221,531274.0,1700598,118751,216339,971780,791215,69179,631731
2024-07-19,471432,226262,758150,2876610,3696101,203841,1221839,235758,4920665,507213,313615,5432184,2200793.0,6712529,701227.0,2724827.0,4269793,327049,924868,431458,120043,4551932,2626148,393084,81942,334113,603197.0,707533,276474,129650,1662608,2036212,482873.0,1379865,467259,213931,1204671,985836,121259,639161
2024-07-22,338049,200429,511581,1354952,4283967,127651,838299,172889,4196118,355559,246429,4429876,1361694.0,5201146,475792.0,2289573.0,3893234,392806,985992,388525,97046,3051881,1922287,375016,63194,173426,494047.0,883812,402869,105737,1267381,1193070,1041298.0,832841,220540,228093,1083775,633234,50733,380995
2024-07-23,248657,234698,332136,1306074,2614550,216327,726246,176170,2917393,252744,351715,5335636,2189048.0,5124871,1507694.0,1446748.0,3049204,259525,1303113,325366,54311,4326477,1924445,324512,76240,124081,1790950.0,1599568,397663,131690,870481,2570273,681403.0,664633,249912,214753,809291,931600,59465,379281
2024-07-24,373108,311348,521064,1379380,3055122,303435,820645,261908,5103022,406024,252509,24137583,1498116.0,5868764,1746519.0,3232449.0,3999158,284386,894319,482487,71188,3143925,2087885,275988,88972,154994,1010647.0,621756,361197,273464,1507859,2111569,416071.0,1060941,165964,211979,1636337,548776,82064,567142
2024-07-25,318572,545929,442531,2757070,3542217,198174,1126983,193097,5145980,340051,357354,10994132,1273220.0,6129393,1466241.0,3779152.0,5640785,280982,1213140,527341,91433,8366481,3069525,268762,148260,159054,867058.0,862838,302599,380507,2234389,1790785,456051.0,1071524,122873,299640,1285899,1302332,151695,665307
2024-07-26,345891,288718,358175,3167496,2472083,235426,843504,247362,3034723,240352,210242,6292468,1344284.0,4902153,810305.0,1485529.0,2801921,310317,913229,505850,77541,3294869,3428669,309371,159144,132716,535874.0,415276,399581,210569,1349509,1081655,520405.0,899465,127252,152990,1033338,901865,316398,730017
2024-07-29,530967,246988,474935,2966542,1874230,243794,830759,209314,3308375,196108,161758,4501331,1529304.0,3364742,499573.0,1396220.0,2575659,362787,894054,374109,50097,4136138,3162545,366910,62726,135375,367122.0,301762,475916,182204,1447778,1263955,458717.0,815974,93142,151982,960635,788471,163107,577051
2024-07-30,436335,178445,405142,2259862,2369288,316070,613006,200922,2694585,366677,208504,4461094,1441243.0,4416385,615564.0,1338703.0,2796399,867170,985406,625060,64213,3214319,2366200,256221,155573,141816,239979.0,297868,567632,149080,981370,1201382,936918.0,892748,175135,226180,1500191,696927,155407,938325
2024-07-31,1063820,495272,454277,1586635,2882955,523950,1162556,234390,3896281,391062,280748,4875108,1835598.0,10816070,807494.0,2633300.0,3932754,669574,2255003,398144,90532,3838675,3191732,269769,122732,180999,292196.0,442303,427391,218647,1600402,1551667,3085064.0,1213408,143473,316350,2043100,1191151,93761,700247
2024-08-01,463001,377651,661829,2301541,2094651,347424,1931186,260705,6831609,419969,310348,6544714,4895526.0,5989798,2097094.0,2726894.0,4755679,485295,1787505,275821,90006,4288979,5011332,258660,383129,232435,531896.0,1007537,718308,171613,1050042,1443589,1176251.0,1218758,62665,659280,3428414,2870951,102518,839192
2024-08-02,531871,287391,813698,2592574,2918202,354461,1331073,375642,10385883,528168,291743,13637179,3615471.0,8474997,1998301.0,4313344.0,5397600,521221,1120874,435894,116755,6632170,4403507,419574,173030,309489,391601.0,629292,644344,290138,7711863,2112796,863941.0,1858758,152443,481003,2847878,1654948,159563,1369279
2024-08-05,404843,363252,1220149,3637304,5083343,322194,1838717,279834,6946830,1330554,393321,12603602,3220629.0,9775508,1609417.0,5968147.0,7168065,769433,1659613,523159,158283,8435325,5512461,373145,166908,411942,820188.0,1459989,443983,769769,3537223,2794360,953330.0,2059078,113390,315075,3330231,2513886,155173,1975222
2024-08-06,462842,534662,735727,2464106,7238309,417465,1069024,400478,5589071,1228239,492031,6859392,2418004.0,8636961,1401032.0,3780049.0,5869861,379697,942220,422906,111647,5633198,4381209,253316,99483,301589,613510.0,721024,693080,200534,2315397,1986171,985061.0,1639255,71631,236104,2414237,1172975,118289,1692753
2024-08-07,398434,366138,677484,2088824,3276214,763231,842763,220554,14355817,867075,528553,6042853,1782398.0,7437447,1460082.0,4028724.0,4430874,496295,920276,333361,77644,3729501,3979891,282677,111010,294536,467103.0,615694,404522,134148,2105560,1632195,871326.0,1914335,65769,421633,1582971,1537565,121313,1443180
2024-08-08,289785,330468,791043,1408462,2404091,398635,809068,489465,9322096,687068,300331,4494884,2211237.0,8745952,1621255.0,3383326.0,4139532,417819,958685,402788,104130,3690718,3170892,247020,74638,316434,419625.0,496127,338526,353609,1323126,1490720,700050.0,1801193,76932,207492,1501555,661931,89374,891808
2024-08-09,266147,212380,627500,1381772,2110546,337540,567115,146367,5951175,416694,204234,3867354,1781686.0,7201595,1112621.0,2799383.0,2523276,255906,521557,206136,73384,2641825,2833651,125225,72568,206088,447029.0,502666,269630,455856,1192336,1000726,630597.0,1227353,56262,166467,1736034,525844,0,913291
2024-08-12,206714,177429,422968,1574088,1534395,386694,852608,247980,5050844,323125,165451,3875149,1191116.0,4545919,1025474.0,1598816.0,2428658,225630,566146,417565,169181,2101810,1827038,131267,49734,168866,0.0,437360,227550,248778,1422774,874018,381643.0,711678,72185,100026,1242773,616148,31087,526906
2024-08-13,292101,153397,375555,1279727,1694580,491022,797281,430665,4394157,453885,162044,2747784,1655961.0,4476046,1244285.0,2383484.0,3520676,307848,1099744,487956,134785,2185749,1468641,161693,65653,128305,341203.0,418847,232364,207977,1517484,723583,383438.0,822263,109537,148543,1288998,753188,51307,632597
2024-08-14,288491,175324,390501,1405077,1613179,213702,646702,747083,3218653,224871,196246,3336650,1827197.0,4291491,1146631.0,1625862.0,7527182,262592,724074,304083,98364,1864465,2321824,164112,70772,122161,368071.0,510663,284659,271710,6461931,765834,421899.0,705754,62175,175005,1346842,620283,57794,1083369
2024-08-15,321406,268039,517597,1813403,2528923,234781,770900,211960,5758952,223542,251866,5097272,2225470.0,5158031,987942.0,2291074.0,3781583,199113,646453,372205,125899,4080729,3524580,126766,67114,173115,544041.0,581627,222123,219161,3328252,1016214,468453.0,816043,50290,118777,1422911,1082747,41688,1108446
2024-08-16,325628,374469,644075,2334131,12456644,194723,665460,271234,4393809,258220,273001,5338601,1732885.0,6875640,1011317.0,1766153.0,4868051,260013,759049,471979,179423,3584675,2706255,309706,104822,240709,413951.0,406620,439000,177403,2841730,1397093,388339.0,902683,50545,176974,1558668,715335,58833,993860
2024-08-19,242386,167924,592078,1523788,2729212,159698,815899,162211,3328822,361552,182125,3576652,1195608.0,6439512,659912.0,1408272.0,4683347,273702,689894,486472,107350,1959526,1919994,121674,76242,128362,504364.0,566582,351376,336790,1910319,924167,498968.0,631340,69369,129252,1484315,886383,39280,1114294
2024-08-20,268193,163877,470455,1567488,3171433,198560,530630,288213,0,0,151228,4737265,1429314.0,4962746,479156.0,1648649.0,4120780,397415,585460,354867,63123,1928914,1534133,112100,63483,115198,368077.0,463405,271207,273484,0,1097210,308117.0,535061,43379,103767,1824582,871513,83427,1129951
2024-08-21,311709,105216,446659,2048983,1791358,248265,593288,224810,2633337,132408,213179,2653778,923424.0,4098641,618138.0,943133.0,3501652,213741,710043,303929,120300,3166508,2094335,120955,59671,129482,411611.0,444120,247931,122446,1528761,818786,322772.0,725837,58428,131116,1216965,522836,110167,717996
2024-08-22,189030,152280,423787,1767293,1809296,166561,547692,243013,5170146,188391,187904,8254396,1144965.0,3599960,677754.0,1338961.0,2526156,153149,586523,293247,70720,1968641,1466942,115096,76115,168202,305046.0,372303,269245,123391,1451175,966824,317867.0,691370,43140,139551,1197865,436044,33320,870433
2024-08-23,184926,253813,643379,1600265,1624540,211689,727980,180647,3762519,130382,233138,4331005,1234546.0,3954750,818344.0,2317751.0,3170871,154701,585212,184496,109929,2650116,1568220,164641,52825,238860,306004.0,509646,384677,105861,1604564,1083718,254282.0,912591,115842,142727,2226738,623488,32843,1059867
2024-08-26,125673,101020,383705,844295,1244383,99343,571779,58029,1384689,90491,85642,1609903,663395.0,2792159,609355.0,1383003.0,1584172,146229,319632,142938,67274,1507134,1134116,71605,51805,99680,243145.0,193987,219498,68596,1055745,753252,179081.0,479905,37308,53638,2446265,452755,23529,485427
2024-08-27,329311,244183,564596,1308448,1728988,218307,730027,206638,2349061,587009,186453,3374828,1514358.0,4340060,847709.0,1446634.0,2485562,297448,1031695,237222,64104,2077970,1456113,127776,50824,205814,236942.0,281331,488014,100354,866197,842989,423676.0,630240,90295,182658,1928387,537451,31016,478480
2024-08-28,456171,272267,714835,1196245,1780919,190973,906915,230510,2761246,267748,248650,2704245,1101086.0,4746880,655447.0,1484246.0,2864128,226794,637269,258265,80041,2572553,1525711,188721,57470,199431,316353.0,344461,309603,129617,1217460,887710,384646.0,686202,51326,229666,1749464,517606,73705,796503
2024-08-29,313245,0,617091,1758795,2190009,0,622753,191732,3722881,260768,195665,2411367,1375613.0,5131081,664338.0,1676763.0,3325628,141294,571155,207618,0,2470761,1589038,212788,53752,168374,361267.0,287639,230769,128127,2027623,1098807,269092.0,657072,95093,173055,1788869,583930,43919,747788
2024-08-30,621404,324631,842382,2091012,2217316,369521,1260387,335428,6747134,767233,0,5285232,4567429.0,27471325,4382079.0,5204774.0,5443586,524805,1268210,671432,147151,4948265,5031257,274080,118214,376473,603999.0,425583,569808,164056,1708485,1653279,657550.0,1180244,145969,227027,3064408,914355,53923,1726195
2024-09-02,181709,239182,419641,1683479,1835813,144772,564848,124506,3085187,138526,155422,4323853,1814826.0,3878595,843866.0,1932329.0,1972489,90142,461219,141059,55575,2161680,1814966,108085,82890,155545,328595.0,563573,105665,224405,1201839,844698,196276.0,522429,81167,100936,1400088,1265816,42263,888688
2024-09-03,168526,183703,506018,2076150,2732336,124527,930978,270712,5927408,267834,194343,7504672,1985725.0,5863881,1084682.0,1572893.0,3254016,180456,759744,209316,82144,3769479,2112431,148354,67147,169322,423978.0,558366,928556,158186,0,1387171,373138.0,1011866,62195,167265,1347823,1101357,78060,558524
2024-09-04,343327,159638,555695,1213249,1976412,229096,779365,237606,6352867,283307,311892,4102715,,6409404,1584422.0,2451856.0,4334678,283895,748669,272792,96337,4071885,2125959,282712,74302,214771,480835.0,644284,477641,164658,1355003,1490229,530858.0,737119,83135,226393,2353688,1126826,60523,569668
2024-09-05,261795,268347,495551,1668849,4764490,191504,714921,234970,6033042,309991,223374,7612051,1104272.0,6008494,1195797.0,2274507.0,3844996,423121,855762,307775,75195,2412653,2087484,330089,69382,189775,404250.0,635192,476991,171092,4214689,1066320,621339.0,824025,76524,171129,2723447,808404,124253,613569
2024-09-06,356991,356586,776767,2188020,4195017,244715,1403267,269060,4178316,330487,487764,4802929,1690808.0,6630336,904382.0,4980474.0,4629982,279036,994185,431640,90480,4209581,3629612,245020,92240,393745,467430.0,768215,388303,144237,1450692,1563474,395227.0,1156966,87668,308767,2465147,1408911,118885,700153
2024-09-09,574068,196443,600207,1640424,2466824,143580,1098562,161513,3515462,170812,309476,4993268,1237930.0,4035330,854498.0,2128424.0,4002288,348023,546183,263709,63327,2673859,2115513,168029,58579,225223,306504.0,551303,250429,114554,1707664,1242997,417597.0,746099,110684,153068,1346866,905448,76419,439619
2024-09-10,391410,227600,496366,2745321,3067058,164572,6256965,136808,4000211,1676941,253927,8810351,3135146.0,5599097,1620180.0,1896603.0,2990049,493103,592576,351895,62855,3389602,6553320,228615,46463,169510,991504.0,1923426,373724,111826,2387269,1829506,365602.0,839153,98628,181956,2355006,2027742,110396,887220
2024-09-11,280574,208662,411770,1603116,3318540,171875,3295158,241411,29038978,804397,303633,11279147,1358198.0,5438529,1048033.0,3283487.0,4420674,534081,1000761,307090,83530,2757498,2739115,243106,107005,235929,436957.0,764646,269488,106528,1951435,1677725,476366.0,903302,54765,233223,2888457,813849,78336,1641780
2024-09-12,413837,266480,463175,1929404,2311901,192233,1660659,251878,12719356,594401,284433,5062804,2222969.0,6321390,1109710.0,4582372.0,3381104,316011,635290,213260,83508,2943718,2145779,234461,86317,194123,736536.0,447856,303624,117844,1438294,1586240,565098.0,912820,67816,264138,2143824,689819,79283,1202307
2024-09-13,294596,0,488754,2023882,2262534,140183,1291278,0,13130738,513444,0,5236736,2660873.0,5148537,0.0,0.0,4526678,496938,1748951,564565,0,3065354,2445525,231330,78206,194613,0.0,0,257104,119587,1364666,1655805,0.0,966545,58716,205258,0,1419186,89758,0
2024-09-16,214071,173284,454110,1145981,2676859,198274,957469,166732,8283460,322597,203333,6465505,1908425.0,4223450,838468.0,4770286.0,3481488,224948,769114,159782,56108,2773837,1736912,280022,121262,185734,292016.0,367953,222324,85360,1406116,1145884,386943.0,534705,56854,163368,1675143,852803,42628,797931
2024-09-17,270742,185832,489946,2219200,3149519,270342,981218,265387,6829616,401286,469074,6475023,2000086.0,6015981,1453558.0,6162586.0,3375687,245720,932337,398367,68188,2502792,2265617,144366,105558,208975,342144.0,718501,345313,559461,1536976,1320645,581389.0,1054209,61659,280728,2784961,906313,65194,1480177
2024-09-18,233820,223055,602804,4100814,2117253,186210,1624277,201601,7010375,266750,328974,4267074,1494372.0,5158088,1301465.0,6631571.0,4574845,171815,516230,215720,73858,2303734,1880169,184529,84130,170828,334519.0,479944,319329,206325,1868211,1154885,322179.0,786998,157105,190097,1935836,652854,88410,1036052
2024-09-19,341822,343107,652411,3367722,5125054,435737,1702948,308977,6383081,505099,600373,5905441,2346987.0,9538255,1527027.0,5173173.0,7165271,262329,891938,388253,89052,3815994,3205218,264459,86033,286564,478172.0,581956,497347,183712,4791496,1749391,514653.0,1524650,113071,323441,5424222,1183721,158675,1164546
2024-09-20,1052730,523212,0,4952548,7144308,533546,0,1497648,8260463,933566,1171275,0,8474144.0,16186645,2569555.0,11160131.0,0,937166,2045758,1069375,181936,11375016,0,911605,213346,546514,2036490.0,1283723,1607110,243031,3740991,2904866,1756519.0,2774819,216518,474007,5154317,2370108,165164,1554114
2024-09-23,260562,193874,507940,2298730,1930325,303203,1106631,197828,19072252,313256,276688,5154620,2152040.0,4069377,775603.0,4047514.0,5283986,216074,638586,319808,79689,3330673,3480241,414140,55103,198928,782430.0,759304,349935,89893,2018447,810622,590086.0,902568,64375,129801,1864330,810362,90718,941273
2024-09-24,334776,215599,535698,1799998,2339392,171148,2123519,140026,8245035,310956,387613,4766271,2673160.0,4968371,807532.0,3055705.0,4167972,261898,0,311141,63841,3033630,3628476,212340,78996,202854,950834.0,892978,420217,157767,1257706,1014546,690659.0,1928328,65470,128813,1756474,1163437,137740,1247937
2024-09-25,289319,183295,556526,2225710,2567801,265959,1673495,186271,6450618,212690,234844,6203153,1797930.0,3817986,740019.0,2992110.0,3318668,361739,628678,323885,52428,2717241,3152780,183349,68935,183520,381684.0,546383,520329,113944,1604108,1927510,1191029.0,1108300,54420,224481,1106849,659290,75409,928757
2024-09-26,556805,295894,626504,4888080,2993776,282490,1739005,305197,14770562,474709,261360,5598697,2731128.0,5925776,1098601.0,3566161.0,3559339,342552,609320,478095,75489,5073186,3640198,384068,83392,228174,1104607.0,895785,384921,192758,3770743,1454845,1008921.0,2369741,199314,244495,2674257,1072322,157487,1202811
2024-09-27,459038,466320,801098,7285664,5203870,193649,1758309,479061,8604806,637026,264004,4182591,2184758.0,6483313,1430450.0,3370182.0,3782670,403056,1435535,458397,81284,7120848,4089075,294628,117636,322423,967411.0,1072419,403067,129690,2205978,1830530,1068381.0,2056638,159257,295202,2410024,1422578,257760,1040289
2024-09-30,481607,272160,713391,2712562,3590525,293401,1453752,282757,4874758,576771,308442,4897810,1945330.0,6675919,1373519.0,3604445.0,3781541,396839,1389636,531153,98737,5146738,4211463,236469,124652,240487,827102.0,1285647,373714,239460,1951912,1774113,739907.0,1595961,93375,283348,2725760,1676185,116682,1145293
2024-10-01,500205,361602,644606,2988974,3449291,209042,925299,267101,6126366,305285,314124,9053780,2647529.0,5344689,1425251.0,4651142.0,2531922,341774,840186,601782,67372,3811926,2462388,314842,146121,276372,447580.0,557894,335781,457129,2013362,1474402,884815.0,1152998,65266,327212,2871833,1041201,142324,1007419
2024-10-02,491737,306813,532718,2036464,1688878,162205,780524,188138,4958371,235059,207055,6270272,3100198.0,3779964,806617.0,2055694.0,4140789,369951,559676,256989,73261,3317299,1687377,299471,122024,251474,272773.0,313965,318517,238553,1576667,820111,684274.0,832238,130793,184249,2364782,609036,257266,650330
2024-10-03,254620,483068,480376,1889288,1945021,166858,946014,217472,3143474,527235,296293,4986471,1659274.0,3688867,1473838.0,1559170.0,4661852,289451,674565,270591,74870,3240761,2392141,216577,92588,155648,515755.0,1368298,242841,136423,1270584,1394256,401287.0,803116,59715,185087,2252405,786621,160748,443793
2024-10-04,329243,270492,563759,3062830,1910395,209795,764681,255001,6188449,336546,341007,7993167,2226882.0,4661065,1171090.0,3723468.0,4404430,201996,670445,301511,94310,2967671,2500725,324806,112260,230440,375172.0,754332,385231,122250,2686735,1192147,588423.0,1291770,90806,212095,2271569,1247884,90649,584905
2024-10-07,362869,156222,402725,1654271,2238729,174778,562637,119252,4887375,450379,217185,7089803,1102714.0,4282498,676312.0,2150355.0,5352983,169627,495779,275377,114492,2096496,1294709,349553,62439,336002,284337.0,346572,229711,246049,1692656,959990,575972.0,867898,86122,146597,1192596,503216,69856,733585
2024-10-08,357404,254661,598363,3405552,1920917,143081,992370,246791,2712490,416135,225099,4215156,1448506.0,4413767,0.0,0.0,4359485,324070,791636,182261,111564,3789685,2938069,234604,112298,349022,0.0,519206,264161,139685,1419305,1192951,0.0,1101098,75321,192666,1577227,758412,148542,0
2024-10-09,483221,202074,533337,1970205,11669865,144338,533578,165380,3595143,749045,143036,5975462,1402112.0,3543825,1628553.0,2035566.0,2289976,283292,702406,212385,90559,3875004,1986078,192456,115898,180935,485816.0,409989,315661,167846,1436902,1030514,563886.0,1027488,57017,227388,993269,647062,62289,770571
2024-10-10,396881,219954,484820,1435777,4751910,248008,755115,208556,3740371,276761,220514,7645841,2815650.0,6803234,0.0,0.0,3137768,180231,632362,219635,163293,2895186,1750213,185222,72134,354300,346636.0,320001,371660,452008,1151943,1140645,0.0,802043,64363,243673,1875248,591160,88842,0
2024-10-11,360272,643774,603114,1456599,5195120,173449,1162246,183160,5172913,327498,381065,7117091,2394492.0,4454251,1082863.0,3145477.0,2642633,338203,649290,275942,128850,3283761,2454087,270976,154527,220583,540559.0,258676,340312,299062,1160111,1282328,479145.0,1401892,65347,170958,1605874,661778,67386,1709578
2024-10-14,299142,205447,394521,2745729,4155222,113324,652628,174751,4331626,244134,130632,5195244,1342299.0,4305701,741829.0,2546786.0,1922765,214934,410734,268553,57223,2959324,1484578,201470,104918,189617,580870.0,295394,276664,173020,1158200,872373,643560.0,769196,45467,159848,1084438,575309,107262,748209
2024-10-15,406568,524977,781252,3193553,4105427,325052,952992,252689,4311908,340779,336558,9809654,2316582.0,8875114,1322933.0,4001251.0,5680335,241124,1335295,343339,115900,4527655,2866690,331694,308871,261720,574468.0,490008,506636,190706,1844553,1922303,556941.0,1385425,67122,280492,1599381,695600,124888,935239
2024-10-16,989714,228041,553450,1679825,3972932,353006,798822,244369,4790817,259458,228395,5067823,1787914.0,5306547,1098070.0,2046236.0,3046908,200857,1280262,375606,92533,3749927,2841983,276185,183208,202498,472594.0,363749,418834,185647,1240191,1556440,456058.0,1070050,149015,245430,1825030,551938,89941,431006
2024-10-17,533117,305074,519829,1742935,1924598,237457,687665,236557,4585204,233305,195467,5677284,1487843.0,4310569,1713158.0,2453801.0,3835964,215394,1021368,273712,82880,3863310,1716231,511736,100491,202487,414873.0,279415,641922,145808,1527786,1139463,435464.0,1237966,316379,224147,1633731,656867,91902,977765
2024-10-18,414595,283849,559802,2914931,2181214,250592,964531,253046,6094669,603916,245020,7572858,1562873.0,5006694,2830812.0,2103181.0,5474451,254555,614744,247249,87709,3373247,2523894,227727,123795,171015,690549.0,798235,677039,154208,1521920,1221882,516635.0,945692,122811,184731,1307632,910726,104473,651361
2024-10-21,364185,176308,441566,0,0,245057,667610,160853,3277260,223661,162070,5032322,1522821.0,4552133,1195184.0,2442968.0,2492566,0,619657,178359,61267,3408173,1158864,218243,107354,280084,314249.0,0,301377,120838,1510851,0,325330.0,742333,80956,204307,1815000,503139,66508,578230
2024-10-22,333344,381225,749067,1283091,3284558,233983,573426,452214,2791034,254190,279264,5437627,1702460.0,6003699,1269314.0,3221826.0,5336057,342136,722685,221331,120354,5175806,1487786,307411,108948,446211,348114.0,330700,346977,190159,1948100,2857814,566748.0,887639,111524,155913,2339249,442234,100321,648405
2024-10-23,379057,207072,428767,1261046,1977285,321357,614520,282741,2090285,299840,339472,12754210,2299445.0,4218156,952163.0,3400615.0,2601584,201813,509020,187807,63853,4850011,1907256,190570,110940,203125,648500.0,471724,356391,140100,1466339,1429594,390146.0,783020,76271,228532,1397506,790527,51794,739530
2024-10-24,454537,198658,376333,1520695,2174295,346448,1196095,235515,3641305,485803,287289,8052949,2455076.0,5494041,1312129.0,2847852.0,3947079,335247,622534,299655,85200,3264577,3311420,280774,144507,141402,1029830.0,784826,354619,209689,1880457,1202150,380639.0,933784,91515,423225,1662103,1778185,93275,766265
2024-10-25,318304,186568,422359,1460333,1581452,214917,729592,0,3417014,330320,177956,4743427,1466353.0,4970275,1932371.0,3155824.0,2950797,168831,569302,280751,65697,2650005,3687573,188719,87850,233759,934684.0,0,225513,270632,0,1376516,340545.0,882137,67412,209695,880295,959851,127114,466681
2024-10-28,703173,219566,419423,2381806,2382938,184608,713271,193517,2218757,209938,276909,4512546,1645643.0,4122417,1564654.0,2428914.0,3460226,461859,1023409,249992,49301,4567033,2070594,148728,73431,192281,1663342.0,889274,342792,163255,945575,1271298,1083056.0,693908,37715,325278,838908,879131,186617,452234
2024-10-29,812315,220360,429525,2052531,2439331,225210,873128,284183,2884874,422904,210521,4130466,1450104.0,5102283,1844284.0,1857584.0,2782468,365650,744991,265743,74825,2807354,2382145,241038,84154,198972,736244.0,1550482,254844,156908,2263359,1203241,714085.0,657437,49048,209021,1126643,1606951,209057,673621
2024-10-30,376497,228826,642239,2891506,4582959,294512,1545461,242866,3644803,252621,220374,5285644,3222950.0,4665978,2948693.0,1494142.0,5647195,732943,1101293,270344,96557,3929927,3051700,271718,79054,186814,652524.0,765193,546808,169895,1465384,1609493,1055995.0,926858,71960,240608,1725564,1571445,134332,678039
2024-10-31,532431,349919,910337,2321070,2699870,327666,1085173,339652,2955826,299801,331514,7067070,2258298.0,7250523,1109499.0,2540684.0,5317355,411717,1405361,440312,112636,5154649,2542253,232804,145392,268118,552637.0,604632,644775,282837,2814685,1751632,1230673.0,1642031,84759,313961,1777025,1275646,110475,1082717
2024-11-01,0,254260,0,0,0,324448,0,192599,2278613,457548,182915,6126397,1546634.0,4203147,0.0,0.0,0,336144,0,231470,96934,0,0,252287,0,0,389367.0,395248,479787,176786,1354784,0,454928.0,1227689,75807,0,1419213,743579,0,722068
2024-11-04,234525,179711,371309,1422198,2022884,137607,877772,141375,4029333,560436,241776,4704317,1583079.0,3405888,852560.0,1926486.0,3178315,341335,834971,404929,73326,2680056,1396147,148117,71237,143535,900704.0,391123,502949,211464,2715141,827154,912798.0,604441,49487,149955,1612838,551408,93259,776811
2024-11-05,224493,159298,0,2026361,2305227,296191,879376,160757,3370481,350108,238811,3814176,5253402.0,4242469,1106609.0,2800608.0,2476830,407789,1105961,331103,66631,0,1790790,115769,71773,175120,397916.0,490071,503764,142000,1946259,723021,658706.0,737210,54422,160842,1570198,699437,64330,1697095
2024-11-06,602146,330098,756459,2542374,5012985,237016,4432310,210810,12813571,468748,357656,15179212,5133903.0,8602816,1710269.0,4437021.0,5872990,531886,2752586,493277,73336,4855473,8329078,243462,121276,291164,2154102.0,2037968,596463,548088,8640891,1733240,1387408.0,1657425,99898,236963,2379084,2753031,172426,1319176
2024-11-07,522544,281016,638638,3216249,2818998,217291,1914711,255713,4948952,1020866,287788,8897370,3601191.0,6366098,2010196.0,3303818.0,8871052,356730,1691454,470584,111752,4610766,4287603,175653,101407,395325,1218003.0,1318001,979587,922573,6404687,1665250,901448.0,1487549,72992,245045,1875710,1695716,125655,936030
2024-11-08,380707,271499,609687,4414216,2351463,174576,1953285,296785,4376766,964848,295932,9036127,2572155.0,6046879,1847767.0,2465387.0,6980451,663415,929176,458125,128984,3784770,4468599,245844,92236,248651,643862.0,1142199,622613,462559,2114309,1236943,1082457.0,1332675,79719,239296,2237815,1270613,126800,644076
2024-11-11,292590,280657,506605,2519759,2255121,176091,1313425,253955,3317212,1335616,258941,6470889,1999876.0,4578273,1167443.0,3400619.0,5693599,440843,1053010,198375,164690,5957683,3562640,144506,221981,218293,778606.0,616445,393632,371466,2104522,1206912,765545.0,1059274,56868,141119,1140241,934507,81942,761996
2024-11-12,381514,278335,792876,3703794,22087126,215271,1229133,884249,5890694,532776,362366,5572218,2596940.0,7285647,1092648.0,4283988.0,7391817,413524,1129193,355601,146886,8690421,3689097,257317,139058,301254,572587.0,945327,449963,343431,2288268,1471087,918874.0,1544561,139596,223579,1691950,769049,153860,787708
2024-11-13,341934,340610,963317,2515262,9619752,224143,1476211,826665,3007141,513069,353515,7098516,2931514.0,7924369,1176285.0,11427655.0,7570773,232907,948349,315630,109730,6130491,4424408,315690,124071,275926,587538.0,2999350,451171,336201,8233800,1507152,531969.0,1481999,88083,365026,1794185,1395169,158073,659555
2024-11-14,327798,263891,622449,1945227,8721565,133412,1579649,402162,3403006,513839,305073,5836967,2553474.0,9806562,1114330.0,4448350.0,9784441,528363,1260555,345404,109679,4475718,3244383,653182,97076,285256,519819.0,1210688,384188,220484,3033923,1710863,535008.0,3114675,76233,349042,1620973,1233304,116399,617942
2024-11-15,545379,0,640363,2576143,6159392,0,1068127,0,3650107,654053,255034,5383284,2300488.0,6584461,0.0,0.0,10118287,417072,0,449517,0,4475234,2563264,466957,111682,0,0.0,0,444954,415387,2678521,1436129,0.0,1278412,193918,312386,1055553,970100,75935,0
2024-11-18,0,0,400434,1411625,5638054,0,1056530,0,4958957,441658,0,3749180,1625696.0,4117350,0.0,0.0,0,402601,0,0,0,3246538,2090824,0,0,0,0.0,0,248270,0,1831811,865478,0.0,1430392,0,0,0,505090,0,0
2024-11-19,428271,209231,714181,2055345,4408298,229384,1463579,297871,5606072,363956,242664,6996647,2016731.0,6154067,933383.0,2943304.0,5481425,332014,989246,256300,118184,4255012,3136359,260226,129666,265334,795858.0,807182,294981,497447,1585949,1302866,567489.0,2010989,72534,211062,1527090,1000596,96213,759407
2024-11-20,324400,179054,470941,1426377,4709216,143979,972719,230484,6732337,324793,185296,5288463,1764548.0,4576104,967401.0,1822516.0,3931517,437464,977259,284084,82211,3194329,2007152,215891,74731,217733,1856080.0,774767,274389,300051,2227880,1393683,641751.0,1185153,72481,426205,1179613,637033,56106,789767
2024-11-21,538698,249323,724740,1788242,5663087,164086,1051453,445218,3754370,539724,195139,5524150,1889862.0,4483161,990366.0,2505927.0,4448900,315074,1193911,214131,109163,2636450,2658294,214141,86588,268494,1844125.0,877243,631524,269917,2495514,1446119,508759.0,1253085,84837,233077,992712,885744,58162,859925
2024-11-22,411698,239967,690119,2257284,4478001,191508,1008051,444259,5959035,487546,262974,9477045,2364364.0,6162360,1443413.0,3495083.0,9089377,373719,1146455,332996,110004,4257271,2463554,316849,105023,245223,861902.0,566645,421594,209508,2379474,1461096,665717.0,1310544,116763,328798,2492108,826288,116313,1125200
2024-11-25,710065,231366,883239,2742996,5390462,413316,3423771,0,19828883,871251,638541,11810657,4247742.0,12059590,0.0,0.0,10843832,848340,1829640,0,438149,9846783,3843923,482634,400566,865909,0.0,0,1346881,332608,3084104,1948868,0.0,2084949,0,410766,0,0,109541,1081505
2024-11-26,345042,167606,438257,2122259,7749454,212209,1033213,272348,6160340,356310,183005,5694428,2744172.0,4817008,2193581.0,2290800.0,5281149,341750,662423,305109,97424,4722704,2307727,199892,162012,223463,679454.0,741028,373790,142866,1775025,1151866,503348.0,820230,58997,247369,1164146,1105838,84644,568300
2024-11-27,298799,359610,446094,1675378,6081438,214754,971588,176088,6877417,241674,250001,4790204,1979847.0,4085027,1001565.0,1492762.0,5285926,162930,501087,321133,76719,2454403,1536542,156107,108435,206414,397605.0,399343,344808,114371,2158516,999232,372856.0,797765,42224,218383,2482866,714453,107730,551146
2024-11-28,0,0,0,0,0,0,0,0,0,0,0,0,1201625.0,0,0.0,0.0,0,0,0,0,0,0,0,0,0,0,0.0,0,121317,0,0,0,0.0,0,0,0,0,0,0,0
2024-11-29,318552,344427,648995,2317330,3603253,192723,1333656,230537,3577097,372225,268566,6617472,1693282.0,5191756,1385574.0,2177442.0,3907298,220663,666074,294978,90484,3001978,2202011,174904,215938,187157,447688.0,564314,349043,103526,2078558,1507594,485226.0,1204646,51400,217619,2041410,1224857,32171,462447
2024-12-02,508700,416412,814714,2773090,4490618,190026,1868344,231320,3987365,304214,302702,9036729,2093327.0,6611503,1097735.0,2611641.0,5083086,430316,755184,249016,124395,2952237,2624190,346939,136414,299725,387006.0,677758,404919,197260,2737757,1878851,588944.0,1225616,46447,153138,2107967,990919,74256,872817
2024-12-03,415892,221761,572313,2270091,2918759,201765,1429884,156113,3800690,321259,260490,9155133,1725068.0,4641932,1139088.0,2646057.0,8462354,425470,827244,444793,79041,4603866,3639208,187098,122878,272696,471562.0,442343,328102,195477,3711036,1476605,507567.0,1281556,120829,366620,1469164,684872,130260,799771
2024-12-04,583612,245301,487958,2249230,3193159,275259,1337572,201817,4377997,329440,268810,6864357,3607790.0,5189507,1215731.0,2288615.0,6034792,319247,836865,314316,60716,3706526,2577322,308110,106679,168816,416289.0,921035,419699,254503,3206018,1565247,460687.0,1307422,72587,224579,1244606,1282331,80884,1932378
2024-12-05,328331,252023,699781,1641294,3354823,127865,1497475,168266,4971215,428963,305709,6905301,2173636.0,5833746,970009.0,2454279.0,3999112,376360,879571,204808,122413,4810924,2540821,265041,142173,235165,615534.0,561850,497881,280622,2872558,1744989,387765.0,1043254,69460,157419,1460923,1039562,97072,1167919
2024-12-06,390065,268738,571909,1784342,4615729,349388,1776441,177685,3978061,362498,190627,8839054,1915740.0,5037946,985697.0,3617931.0,6228860,288162,764033,635332,91889,4695470,2344966,450481,85252,182084,632372.0,681040,238946,190868,1585643,1154210,595025.0,873099,79470,241891,2109608,896870,71173,1307131
2024-12-09,404596,272496,721690,3876191,3654019,233942,1936993,237435,4874930,553149,197790,4526820,2170543.0,6988843,941097.0,2684228.0,3423870,254966,688975,245261,78519,4652678,3067587,369191,144806,191127,649219.0,811505,256599,539911,1737391,1492120,434375.0,1370113,107320,226314,1624641,1027050,116616,769986
2024-12-10,0,0,0,0,0,0,0,0,0,0,0,0,2189445.0,0,0.0,0.0,0,0,0,0,0,0,0,0,0,0,0.0,0,951211,0,0,0,0.0,0,0,0,0,0,0,0
2024-12-11,521790,176781,749006,1796572,2781817,220584,1067998,158739,3970559,300825,220290,4514166,1837462.0,5563781,898688.0,7243055.0,3971329,388066,1141530,369314,65935,2857392,2306885,295390,77132,192032,426858.0,639971,386349,260905,2724004,2172229,729464.0,1300207,61070,256769,2048713,835472,154277,3680452
2024-12-12,381243,179172,679382,1915285,2820210,299776,1610079,159192,4209109,296144,428471,4302076,3202209.0,7015644,768833.0,4182149.0,3797987,206460,1005830,319105,72093,3038632,3000150,429968,103890,283582,456156.0,680155,278342,223440,2208165,1375884,774834.0,985700,66268,193132,1584775,727045,97469,1091095
2024-12-13,380723,241791,790932,1903643,3232635,0,1805470,158569,3373735,339109,274206,4327578,1847755.0,5313714,1078374.0,1964083.0,3485420,235939,620208,285980,91572,2822245,2466855,248465,101989,475805,430141.0,897456,449672,156837,3496233,1450121,686468.0,1054754,85488,260304,2099497,1478494,128250,872404
2024-12-16,312509,193664,826607,2386633,4583339,215999,1521818,197149,4747850,392408,266298,5391586,2405943.0,5350270,1093182.0,2873498.0,7208914,313878,693971,258908,81271,2792521,4845517,185925,71823,316260,694825.0,1151270,319973,219449,3803260,1275144,628758.0,918390,124874,210005,2693588,1446973,72464,759912
2024-12-17,254573,257295,498859,1546638,3294447,178189,1018266,287126,5345239,440971,277823,5098946,4593283.0,7764523,0.0,0.0,14446477,443588,1119999,285753,94087,3500161,2274637,206665,95939,257877,0.0,827642,434321,225910,3861280,1365340,494792.0,1124718,107870,267425,2393332,712017,106541,981956
2024-12-18,335532,192981,753449,1889581,3428365,149156,1023527,435610,8022531,406668,237220,3462447,3736599.0,5773984,925500.0,3076495.0,8718658,308038,530187,408207,140355,3502594,2496036,205476,83449,249855,540816.0,823654,314612,105092,2875581,1260084,495577.0,1342816,66720,285683,1565660,1120847,166226,1002298
2024-12-19,509389,385337,829397,2608049,4371754,209913,1297262,300212,4481358,400507,354593,4425185,2898999.0,8175001,1288815.0,3465279.0,6711380,664100,1076647,378068,111691,6691498,2145399,0,146855,291994,564216.0,1242320,599835,184494,2862344,2125530,609583.0,1145774,81842,304353,3320214,1188405,146579,1170821
2024-12-20,1390143,732829,1307177,5921046,7779879,355887,2000177,761254,12920549,729942,765910,13287750,5662068.0,16354377,2354461.0,4516991.0,13139495,1026309,2142389,729775,168937,9054402,5432634,678099,193035,511041,716822.0,1771670,850225,309478,4082329,5083929,1237820.0,2404040,153007,433759,4433073,0,354019,1369682
2024-12-23,177773,184452,446106,1527440,3042138,120773,642208,209813,2092963,157966,214289,3905373,2120658.0,3470921,748207.0,1213713.0,2630772,4185366,617228,214091,55036,1794179,1754633,256709,58768,212738,370332.0,947678,328630,209378,1604176,1010585,440604.0,788599,45189,107314,1031020,1619924,124645,384333
2024-12-27,207859,270287,550402,2133242,3479130,136791,958948,208480,3502485,201946,181945,3137104,1941345.0,4229740,644592.0,1712425.0,4104480,636722,672760,210378,83694,2062009,1997845,165533,64418,181988,399337.0,1246267,264065,101530,2222263,1478656,304515.0,684363,71826,134347,1027457,1013269,0,550536
2024-12-30,0,0,369274,843264,2008225,0,456155,0,0,121281,0,3027215,974804.0,0,0.0,0.0,2110276,149457,0,0,0,1285760,809960,0,0,0,0.0,0,202586,0,0,723232,0.0,0,0,143377,0,0,47240,0
2025-01-02,334076,575586,590008,1575359,3378077,197647,1144038,203331,4165096,296164,287200,5677390,2023183.0,5230914,1276078.0,2064526.0,4023868,404326,586058,566212,84158,3387601,2393516,198628,89159,247993,458181.0,582293,390689,248324,2958886,1327871,646135.0,970926,47180,161455,1466881,0,107380,895149
2025-01-03,267860,251825,510116,2787885,2499249,197977,931945,175448,3348066,224956,152550,4949672,1413962.0,4512908,727645.0,2077949.0,3288242,277396,0,218698,94272,2736099,1477736,147399,91235,162442,349476.0,665919,264979,193098,3711652,934542,449109.0,723321,48053,172789,1267690,758138,71305,625525
2025-01-06,341822,262205,670627,3036570,4698192,194771,1788171,253916,4879949,449486,310578,4931752,2547659.0,8036359,1592232.0,3428974.0,5864096,284425,768076,220955,80920,7005897,4114191,249600,101173,192715,1301676.0,2080045,580058,282194,1864312,1532023,429662.0,1183373,152819,286160,1919303,1697343,131411,840279
2025-01-07,363477,370995,694126,1855226,3072022,262039,1027536,261116,4736219,467732,310013,7807101,2129956.0,7320171,1923020.0,2723128.0,5853802,426847,0,313384,90856,4455990,2438201,323925,74848,227721,474800.0,517604,477094,194910,2022927,1698060,480895.0,1224827,141614,380944,2258629,680084,74765,832353
2025-01-08,374136,259009,500598,1989767,3792413,244766,1114806,0,3847678,295283,292116,7880915,1790891.0,6423873,0.0,0.0,5621361,458800,0,269519,77340,3304826,2450937,0,0,0,0.0,0,386460,0,0,1333654,0.0,0,0,0,0,920473,0,0
2025-01-09,274632,180515,466510,1339140,2910513,266392,1082092,133920,5239522,259467,177492,7750573,1695324.0,3919454,932818.0,1963317.0,5274954,247250,788904,317345,102433,2419930,1767039,186653,65271,255211,281177.0,819599,257094,152543,2620368,641680,622232.0,809579,99091,176037,1727131,650196,156700,966553
2025-01-10,336996,288428,620826,2235716,4831580,254524,1307681,178852,5873566,267486,228051,10679736,1785212.0,8547007,1568814.0,3319297.0,9497429,509692,1125357,291266,139479,3111140,4544291,265388,78823,323515,677385.0,585588,359058,192039,3319307,1377087,691477.0,902257,99849,264695,2494522,1126680,380056,1514819
2025-01-13,308620,0,642593,1662033,3442320,152541,721314,301579,3778767,176016,234394,7735639,1934980.0,5786464,1021793.0,2132449.0,7529152,333832,596986,233756,0,3424739,2274840,250907,81762,242862,692029.0,501710,597107,191958,2145733,1209566,538833.0,1055037,126209,171660,1680198,626813,0,882072
2025-01-14,384903,144342,462194,2265276,4553958,325061,976260,310107,5552536,247873,276150,9713518,2846158.0,8113327,1214203.0,1832676.0,8171522,403352,885000,329250,64874,2842022,1945433,385057,78766,170270,410110.0,628699,572430,177130,1889060,1156901,493016.0,770065,103334,471738,1843421,1095161,247541,860018
2025-01-15,0,382895,850204,4091917,7036247,194682,973381,258926,7847180,499039,316292,12069274,3764656.0,7523574,1350657.0,2765655.0,7279845,550354,1465119,339496,111045,4122889,2285596,300056,114989,283600,582527.0,600575,707147,185731,2211092,1857979,818890.0,1225824,90421,256969,3000066,831895,190740,780988
2025-01-16,334833,294347,650194,2000576,2629828,169551,1017353,232744,5202544,256407,252152,6904309,2833558.0,9442226,1100358.0,3798954.0,5716060,424076,949732,507992,127606,3319057,2714974,218196,111327,222302,431694.0,563132,433814,411607,2199882,1248145,942754.0,1227857,63572,245662,2060621,825316,148384,3639425
2025-01-17,0,0,867213,3888660,3746264,0,1151306,0,6913657,605735,0,7547241,3338253.0,7962743,0.0,0.0,8205843,584589,0,0,97643,4110855,2591836,365520,0,0,0.0,0,788647,0,2916752,1876721,0.0,2011909,109232,0,0,994847,0,0
2025-01-20,0,0,488205,2943087,2839466,0,1485416,0,5549854,0,0,5610305,2121815.0,3813086,0.0,0.0,3055468,285161,0,0,0,2655875,3039528,134384,0,0,0.0,0,211855,0,1840904,943928,0.0,970799,49645,0,0,1223406,0,0
2025-01-21,0,0,0,0,0,0,0,0,0,0,0,0,2669724.0,0,0.0,0.0,0,0,0,0,0,0,0,0,0,0,0.0,0,531857,0,0,0,0.0,0,0,0,0,0,0,0
2025-01-22,1185519,211188,570131,1666712,3142696,254604,808151,336625,6613874,289331,280268,5515517,2907141.0,6661708,1236681.0,7283392.0,5372790,324763,641849,222570,116390,3289300,1779763,178157,80389,428083,1038351.0,415792,561762,296689,2649237,1458993,633651.0,1244744,76951,0,1257160,762936,121253,853892
2025-01-23,520050,208634,610755,1528893,3075571,173285,827459,333891,6031229,284310,323330,6567452,1763506.0,6027107,903683.0,4710777.0,4608983,687626,1080381,331775,83298,2470649,1806095,244335,124046,266603,530416.0,525047,831010,362433,1341818,1623949,406708.0,1072433,74166,255371,982226,1446398,97560,942877
2025-01-24,0,0,0,0,0,0,0,0,0,0,0,0,2150117.0,0,0.0,0.0,0,0,0,0,0,0,0,0,0,0,0.0,0,621988,0,0,0,0.0,0,0,0,0,0,0,0
2025-01-27,324312,299927,701165,2583611,4628575,215392,1360472,228644,3047562,364743,287622,7392856,1910720.0,6781665,1047859.0,16208873.0,7134451,678637,807963,267535,103185,4911696,2550047,181204,135077,249407,519800.0,676803,813281,409281,2314282,1964517,548451.0,1966039,90609,247031,2102045,1171873,77552,1653662
2025-01-28,280434,281351,535256,1811466,3913322,151865,1865668,261638,2485034,306503,304170,7183923,1684804.0,7824075,1105409.0,8922924.0,7160100,338959,951651,286011,54864,3099698,2746931,460287,109763,195529,422023.0,638609,728897,142673,2852191,2447899,703846.0,1195988,302393,192469,1545046,929093,162830,1011047
2025-01-29,295126,210340,503834,2354348,3248785,149934,909020,196933,3080536,520680,215647,8946142,2203024.0,15325507,2635748.0,4936780.0,5206687,471914,913038,282741,58257,3885907,2181761,300626,84784,217679,380073.0,414596,285244,186428,2248247,1639089,579906.0,1051615,110434,292272,1368649,642676,131840,725347
2025-01-30,260196,179809,401781,3130448,3394792,156483,784107,215254,6044646,360324,191148,18585028,5484436.0,7561798,1346138.0,4645858.0,6801999,286385,620525,253262,71912,6830671,1686811,186591,69955,231999,430140.0,479995,607702,252335,1730979,1245165,649767.0,900923,110488,957671,2637146,690728,105309,629232
2025-01-31,345946,272614,517316,2696621,3427429,178799,1266632,204214,8821299,507837,240317,9323955,3621210.0,6875148,1299988.0,4924833.0,4760116,393034,1043391,302579,95871,4450578,2123543,409997,92427,240222,426756.0,451890,393495,240924,2033260,1625440,468932.0,1153092,126259,547700,2178298,905402,106586,961699
2025-02-03,409397,441527,643308,4075180,3415213,218021,1845309,211580,6962354,420110,271747,12034646,3332486.0,6848638,2975466.0,3698670.0,5319972,433565,1213815,297991,86631,5121664,4036531,332494,93510,256502,958196.0,893532,505353,383132,1835614,2065204,817369.0,1495283,53215,312374,2409820,2702523,162079,759890
2025-02-04,277325,125914,533230,1896799,2267776,153210,0,151555,4072667,398259,168029,7290498,1787247.0,5167488,1000322.0,3202013.0,4833565,494730,933820,213077,83323,0,2029163,313031,41709,197434,555589.0,397964,311112,564644,2200517,1081908,449184.0,836891,98432,226966,2177507,794061,100197,457036
2025-02-05,216924,200325,377401,2342115,2747965,148501,859642,146914,5393162,423996,192202,9085860,2374041.0,4325160,1373912.0,2309905.0,4665959,392929,1000967,239661,65078,6159919,2447225,276374,76908,186235,643760.0,551456,530660,353372,2661215,957952,774667.0,1007329,95761,463150,2937079,1203209,78733,635974
2025-02-06,378334,196150,547500,6437678,2906228,189689,1209444,293216,5991922,313477,289693,8180477,2860011.0,6786721,1104231.0,3318110.0,4957132,439281,1001573,482000,186462,8212981,2167318,238136,92477,278173,605113.0,513427,1242923,863997,3403325,1271242,1620523.0,1652373,86459,465205,2057626,1599212,223458,949056
2025-02-07,380004,258856,546392,3399525,2647555,345293,1027660,210121,4260563,298976,320238,6729310,2671241.0,5789723,1059971.0,2873010.0,6711299,537231,942656,335354,149005,5628447,1998129,212696,91669,205637,3591480.0,861345,719088,427367,4134849,1240718,738299.0,1248073,78047,232477,2313073,1473423,165579,1537880
2025-02-10,0,0,0,0,0,0,0,0,0,0,0,0,1778745.0,0,0.0,0.0,0,0,0,0,0,0,0,0,0,0,0.0,0,867086,0,0,0,0.0,0,0,0,0,0,0,0
2025-02-11,378918,267755,507930,2132345,3177794,178242,911775,194328,4050812,281747,245899,5545168,1777011.0,5792777,1082419.0,2803639.0,4614864,304171,1348537,335178,0,3246403,1978418,442520,58081,186130,1079180.0,615949,550429,214715,1762302,1661414,1205103.0,1872641,56163,310410,1854883,1251586,99853,875328
2025-02-12,379970,225697,544149,3907846,3454432,184558,910536,180521,7899593,447840,401231,8869541,2334022.0,6736584,1295018.0,5995811.0,5229899,277032,1044764,233278,99335,3111509,2687822,361492,69825,204699,1376055.0,452273,890136,277086,3238780,1571018,711903.0,1994142,92394,365058,3085358,886419,120307,1189766
2025-02-13,516865,583654,1035040,7474300,4895874,298428,2815709,319338,9659905,803470,441838,7695256,3625045.0,9083070,1751492.0,3860252.0,7170623,353799,1381583,428454,161863,3911072,5139254,331445,126089,370361,2068530.0,1537795,839862,810382,4023512,1604414,901777.0,3411480,87958,579412,1994217,2809711,301127,802986
2025-02-14,392994,382363,969461,3848592,3031365,231430,1898926,284672,7789524,404549,521033,6014859,2039608.0,6489040,1384452.0,3639279.0,6018894,697385,1008515,332322,109668,3088527,2945013,271633,121910,288476,844053.0,594224,589151,763422,2108054,1531310,569880.0,2638501,60034,220622,1506230,1338890,156533,825230
2025-02-17,180947,259181,461436,2043886,1861894,134989,1083549,136955,6116809,197332,185838,7354144,1275423.0,4451995,1020971.0,3450722.0,3124178,216478,716206,196202,78070,2528145,1824490,194638,115369,259798,486824.0,424184,330898,1025167,1905566,694626,555199.0,1113198,77856,186100,1968356,518441,108170,476917
2025-02-18,365555,0,552825,2515547,3080206,0,741427,0,6503638,399260,307629,9775717,1783166.0,6234105,0.0,0.0,5421708,400132,749250,239845,0,3295304,2093787,0,127844,278631,0.0,0,564408,839484,2688393,1004027,0.0,1196666,63002,224943,0,609131,136367,0
2025-02-19,503893,339100,771347,4077390,2843595,227403,1592762,248378,6620283,371581,264604,9590965,2503075.0,7840586,1151523.0,2790822.0,5547879,247059,869272,326376,107779,5128304,2745015,304394,472903,324907,787342.0,751169,517645,461576,2719623,1348986,921477.0,1493623,47881,239866,2332716,1124343,191229,968648
2025-02-20,382626,420148,533118,2441828,3248730,193078,1432244,319038,5045079,514513,289817,8432832,1990402.0,6847008,1132008.0,2584291.0,7236738,388804,886260,329653,108136,5973207,3990432,307537,288616,220234,428933.0,508182,448498,672352,3709585,1100167,2548631.0,999655,134009,329080,1947502,664033,132071,656215
2025-02-21,461093,412759,829175,3737922,4048308,200161,1135327,248310,5557911,345237,408377,8233208,2866794.0,9642351,0.0,0.0,5992644,617348,1278577,271530,110676,4604857,4007361,228780,264075,221980,0.0,449734,812714,357911,3224113,1741545,0.0,1174940,100573,272059,1670448,908132,77720,0
2025-02-24,341923,352019,576623,2346264,2892436,149386,958747,284502,6978573,313863,339083,9673994,1994337.0,5576962,1115092.0,7015204.0,7975073,413259,743852,267845,75276,2490574,2407404,288241,163700,190721,742115.0,543403,652992,509191,3595665,1391375,1701305.0,1278282,128248,193902,2732975,1322898,113778,717109
2025-02-25,356093,337304,694307,1690628,3096172,345892,1846772,226953,5460650,356252,302519,9760544,1547688.0,7177587,882119.0,6033067.0,6586167,670514,929945,724363,83616,4020808,2098724,300883,207349,319315,432148.0,980568,409230,670460,2668276,1531017,688746.0,1200879,79949,262595,1708239,3519998,88192,588534
2025-02-26,0,256832,0,2720400,3037311,238400,1814706,300061,5147523,373913,298390,9212705,2147583.0,13193021,0.0,0.0,12586491,637553,0,840322,100734,0,1974930,177922,175367,0,586813.0,698746,436101,0,1850094,1318253,666378.0,1369236,98305,203234,1752916,1268395,130283,850108
2025-02-27,384155,463509,980645,3285095,3045755,432569,1511765,240068,4871531,337501,294538,8975452,2470850.0,8730388,1660043.0,3532553.0,6214960,509562,1377225,523825,74166,4766848,2725518,276567,258386,283645,1188770.0,800240,508725,497588,3370118,1909796,974171.0,1245449,83975,287913,2195493,1213354,150627,1267629
2025-02-28,1433908,359081,1503794,5382418,3394930,634645,1884718,828422,5433632,593606,665336,18310314,7217329.0,12809135,4337702.0,6168249.0,9265108,1064529,2400535,976756,161925,6764826,4157028,656971,408608,467235,977098.0,826172,1240249,450496,2517605,2933951,1465617.0,2048211,112636,540080,4490645,1647470,273374,1858922
2025-03-03,450920,941813,1329612,4902465,7320657,322073,1502675,434090,6743882,599963,390921,10994826,3263912.0,8900153,1984509.0,3530862.0,8072107,585629,1410857,551620,158676,4894664,3357936,428224,205472,335078,1130774.0,1312059,531011,1241404,2096648,1926257,759180.0,1960916,107570,353183,4837832,2262374,236706,1187655
2025-03-04,681959,716918,992391,3331407,5301895,406274,2278351,356902,7066759,1716572,389137,17905165,3241261.0,9850614,3510189.0,5346215.0,8641667,1682056,2198918,571808,111372,6123706,5040808,399888,286496,305310,1565246.0,1069360,664265,999479,2209421,2328384,880815.0,1853495,146332,354828,4170420,1799683,207025,1166865
2025-03-05,1491844,506594,931414,9216640,7639988,375648,1995258,447171,14496213,1165227,397935,0,4421990.0,0,2561725.0,6475013.0,0,906276,2468302,439198,136392,0,0,435735,220540,283236,1286723.0,946648,735391,737840,0,1803420,726916.0,2532410,104973,395945,9932587,2881119,469552,1051494
2025-03-06,790581,566582,1230773,6967398,6339743,355076,2081468,475539,10068073,1228610,587700,18004801,12622990.0,15200668,2672008.0,7094688.0,13156062,946501,1691345,575431,181884,6722448,4775007,567350,238972,400772,1188538.0,835595,1393527,544136,3403348,2280232,1459360.0,3244035,146647,465491,11399706,2386775,420780,2961757
2025-03-07,576841,553374,959053,4094457,11825421,263060,1362425,271770,7220467,582501,485784,12453962,5117982.0,10418883,2079068.0,6065148.0,11981540,859033,1370683,426281,125079,3580873,2864015,514931,339012,234980,815344.0,729589,664262,665722,2856352,2248943,765941.0,2291166,102324,340440,5161576,1209123,181170,1274418
2025-03-10,602628,660600,893838,3563748,4956259,314593,1409706,369464,9771706,661772,760019,13557246,4276905.0,10308237,1875583.0,9304250.0,9030256,564819,1693976,715584,163670,7220522,3613491,397611,275574,270420,1405696.0,1119441,508975,660313,2370483,3105826,897678.0,2253919,80882,429836,4424759,2003526,185416,1265733
2025-03-11,634920,469685,954644,4540580,0,339958,1943190,297165,8110182,536436,543779,9017227,3628327.0,12123560,2301462.0,4783182.0,7266809,567866,1798016,2013937,135429,4617183,4046164,455638,301329,339180,1116734.0,1132509,937798,474920,2450007,2824964,859264.0,2165962,105866,398057,2708505,3133086,203116,1254327
2025-03-12,469679,475691,1001542,2436254,3641389,369253,1094937,411348,5539344,485235,327609,8764825,2593334.0,9599553,1736306.0,5473795.0,6749022,609408,1271949,1246086,160106,3790618,1824873,354209,212725,266713,2440953.0,772487,608317,1179803,2488567,2400746,946093.0,1997301,107359,338488,3128680,1647414,270322,1259169
2025-03-13,483485,466641,1020972,2345460,2853775,245176,1669157,363579,0,331132,336003,7225191,2899345.0,7417150,5039513.0,3334610.0,6046250,688569,1344894,724476,182247,4671539,2758884,235090,126493,247601,741122.0,718408,466220,817755,0,2178182,1076465.0,1710590,63067,322614,2467536,1106109,163254,1052910
2025-03-14,590047,516764,905392,4426298,4331140,217055,2156032,272327,8215214,499808,465099,11692733,3902919.0,9879860,3318533.0,4649132.0,6136051,771259,1379617,637756,196295,4090961,2933762,307647,160916,303730,1171502.0,925591,480850,890924,4095102,1755926,1097932.0,2021093,76229,318110,3973470,1278874,323133,1095024
2025-03-17,0,0,0,0,0,0,0,0,7936818,262834,0,7534350,2490863.0,6298662,0.0,0.0,0,465526,0,0,0,0,0,271380,0,0,0.0,0,290704,0,2441800,0,0.0,1563276,93505,0,0,1050403,0,0
2025-03-18,364323,336604,710944,2425013,4937286,360413,1494870,486646,8479962,330660,332132,9572735,2107823.0,6431768,1432177.0,3898233.0,7959901,415303,872915,745227,99633,4255109,2910571,290243,170859,345548,859007.0,735607,328911,693488,3621733,1960463,951227.0,1599468,101923,459178,4764540,976900,310718,990289
2025-03-19,455575,342775,693634,2701102,4080725,176091,1408496,440445,8362076,414215,595442,9735309,2160592.0,6333551,1858249.0,3393035.0,7486271,528242,852401,491151,112802,3143518,2214608,224741,174140,192876,768677.0,799396,413367,844416,3595910,1528343,554903.0,1519743,86451,397589,7231986,1336905,214570,1299241
2025-03-20,491516,501237,837361,3717803,4123060,241062,1498619,357243,11130256,256563,592853,9543956,4441738.0,7803477,1730932.0,2908272.0,7642498,561773,1222070,643470,179015,4539306,3393659,386223,175812,283201,1355577.0,868666,491309,856051,6597941,2172782,1059038.0,1464122,104887,590604,3675386,1649514,228035,1658505
2025-03-21,1265780,644825,2103132,5831436,6569955,706982,3215296,838438,9299221,723557,838589,11807631,6795565.0,17709769,3805402.0,6654427.0,12004171,904860,2331801,1017058,191877,9525250,7410891,482988,226776,420054,1455034.0,2285272,702116,548602,5916648,6042210,1871617.0,3634428,137929,555546,4230377,3391711,297897,1577798
2025-03-24,0,0,0,0,0,0,0,0,0,0,0,0,2140518.0,0,0.0,0.0,0,0,0,0,0,0,0,0,0,0,0.0,0,431492,0,0,0,0.0,0,0,0,0,0,0,0
2025-03-25,377473,238799,736587,2908848,4447884,516140,952028,281072,4740612,288096,385041,7003251,1635303.0,5681013,1473101.0,2917226.0,3771440,439037,865525,478357,91034,2925056,2203636,264180,124115,188830,664254.0,459916,367337,235374,1819478,1416756,769601.0,1193946,75875,393960,4884501,641737,115952,1396780
2025-03-26,416070,224517,710085,1929166,3043191,378155,847450,234612,4974816,283436,356812,5942746,2182792.0,5465358,984945.0,3927320.0,4140497,325389,1060946,427326,81055,2483737,2140217,367043,113478,200537,1199140.0,623283,357920,362451,2039083,1748846,1028272.0,1163239,167178,371753,3397266,600192,85741,1092917
2025-03-27,351486,267698,656407,3931775,2806617,426308,1956773,195599,4834611,721428,299519,7202542,3085736.0,6359131,1694706.0,3663929.0,7597204,377585,786320,712765,126998,4069218,4804005,373932,95855,177206,2287992.0,1323138,388749,183442,1965340,1427031,1063055.0,1449207,128016,555010,2648196,1581338,202199,1420778
2025-03-28,481738,385537,787787,2259031,2589394,379381,1639787,248113,7807956,471874,440453,7128776,2698368.0,7617649,1966929.0,5820474.0,11372012,607422,624792,389809,65554,5242051,2572723,323330,131697,182811,1309734.0,1194387,523816,341116,2180067,1518176,976992.0,1694937,92669,608912,3695267,1533715,98528,1160923
2025-03-31,478098,378999,1033197,4393076,3614873,281469,1810202,400535,6322764,660534,563748,8427673,2599067.0,7781662,1727735.0,3553142.0,10047231,675060,1249685,459356,136697,5161268,3831087,335310,152072,280216,1342293.0,1275154,625906,275923,1983856,1852241,733347.0,1718842,91709,561994,3459315,1780110,164030,1059968
2025-04-01,611916,249757,812189,2617007,2372540,311252,1678949,282523,8345094,330880,405707,7513608,2210877.0,5068280,1335591.0,2782444.0,5201007,346989,865980,252846,112070,5128037,2580527,355575,140564,179461,1242443.0,834366,536757,241535,3948774,1345059,1145100.0,1280290,81068,406494,2450502,858075,85844,911536
2025-04-02,444938,297008,814355,2138816,4269244,322709,1043860,243498,5108504,286367,353083,7709250,2178262.0,4866848,1090871.0,2489174.0,4010240,408811,1253653,322039,75314,5071120,2147529,338355,87764,174399,1503764.0,894257,429802,310704,2307344,1308048,844745.0,994285,147745,336147,2581897,684253,181913,872773
2025-04-03,2056748,743506,1136074,5493083,5086707,324086,1980171,370179,8047825,545427,643481,13811011,4407317.0,9723068,3192213.0,3827649.0,11002246,834825,1717591,565426,130991,7327164,4681619,473666,216447,272110,1457035.0,1435786,1146613,450036,3740553,2255341,1414636.0,2748491,156455,626291,9160207,2093269,453413,1316782
2025-04-04,1799320,1387733,2848806,7519624,8929490,602291,3148443,686610,14041313,924467,1285269,27349755,6290802.0,19278341,3921970.0,6671214.0,15369744,782343,2747966,581647,327263,12236152,7911418,565670,363990,587804,1905408.0,2126865,925466,707845,5671117,4883372,2451405.0,4108758,230238,802563,10963756,2301167,366861,1971313
2025-04-07,2137476,2288900,3809452,11323536,13280680,606269,4505056,1168606,22766773,812767,1916385,30361894,9854430.0,25328561,4714459.0,8552960.0,20141080,1011887,3372103,856345,373944,17473338,9597233,831106,458849,995114,2820794.0,1823588,1296508,1665353,7649701,6895323,2456647.0,5246090,278373,1064483,9011398,4298186,369470,1981072
2025-04-08,832728,1040130,2246107,4763901,6008416,384940,2500292,430925,16860717,932405,748864,16454442,4856539.0,13505063,4274684.0,4325734.0,10361306,776494,1379524,597625,182691,10791558,5421050,584925,327403,518392,1383412.0,1382443,769469,512625,3647013,4029655,1310362.0,3149630,223629,557224,5226139,1890603,310541,1414403
2025-04-09,949379,1227935,2410610,5274392,6290208,410544,2543401,402578,12584468,831704,889460,19093548,5744074.0,13950123,3246326.0,3649280.0,14216172,954625,2099678,628917,183717,9662641,5711669,633254,305160,401602,1966627.0,993946,980393,480109,3654039,3052992,1588359.0,2811618,146430,544619,7193107,2030018,242331,1232830
2025-04-10,1155908,1504116,2026826,6523391,5686825,471926,3049803,770918,10680390,769419,711397,16269651,4847296.0,13775293,3817856.0,4092443.0,10853513,975906,2003939,608120,187130,11549391,5310883,611047,311088,490400,2031776.0,1306340,777695,461647,3278858,2914854,1735335.0,3031790,245478,576034,5293704,1991298,322249,1632104
2025-04-11,588670,887300,1340012,3917502,4341906,478419,1450181,803440,6174156,523331,718760,11512415,2994016.0,13989885,2804346.0,2503026.0,0,619757,1062601,718173,125141,0,4095267,454542,354151,289369,851905.0,819813,590100,250929,2951916,2391069,1735192.0,2922601,192837,436861,5449222,1309181,158241,897734
2025-04-14,411011,447687,862046,2599796,2513899,374019,1192217,359713,5054482,367010,658072,8461641,3288518.0,9750853,1442304.0,2691982.0,7100810,674462,1322842,867446,116733,5900412,3063537,344233,190014,262430,818136.0,628142,489303,324924,1913512,1607482,1001059.0,1567093,85749,461100,3629917,723065,126305,605189
2025-04-15,0,0,819400,2244147,2528870,0,1455420,0,0,0,0,7353542,3356687.0,7078913,0.0,0.0,4248519,504436,0,0,0,4268040,2536682,0,0,0,0.0,0,422831,0,0,1598526,0.0,1705136,0,0,0,976237,0,0
2025-04-16,0,413093,798855,2519441,2308598,290901,948569,377841,4418341,477047,548467,7258899,3049882.0,6559379,1389267.0,1879647.0,6402529,432757,1165763,515409,85991,4124054,2300494,388150,126388,232252,631163.0,536121,598013,276398,2122566,1678238,815325.0,1532595,374591,370275,2501570,671522,135387,628816
2025-04-17,495104,645516,807871,2296498,2717670,268899,0,198174,3957129,422214,428843,5829240,2291586.0,6647999,1311361.0,9703411.0,5850200,811945,928953,378615,125727,3040898,0,384845,186424,246330,641700.0,0,598170,235823,2281623,1970187,756995.0,1527431,193190,355074,2739461,791952,83694,585361
2025-04-22,677292,523987,878705,2969784,3539925,313494,856688,345283,4129575,301856,411567,4843958,1598870.0,8487776,1089478.0,2754819.0,5001009,602006,1017348,485724,89006,3931691,2481265,322600,180084,295747,545398.0,760923,453961,309355,1874941,2817969,759424.0,1220371,218764,380079,2609255,1028959,120261,708570
2025-04-23,696950,610232,1183750,3926977,3608327,290423,1502684,527249,5932650,521012,595840,8059141,3087397.0,10129948,1713727.0,3538072.0,11861789,526380,1118304,445564,125095,6051383,3151849,343446,156420,294338,1015970.0,929459,578307,454306,3033504,3410054,1040083.0,2069659,191968,478158,2850162,1141557,160954,870522
2025-04-24,719453,401216,776398,2318485,2399035,366332,1162130,479221,4244016,462303,373438,6986702,1803570.0,5740600,1726692.0,2144722.0,5768651,389734,874071,425037,88622,7509041,1649627,276859,129426,361164,619841.0,626238,357646,186501,2292166,2100276,566370.0,1405783,77547,275355,2889481,771731,80077,607889
2025-04-25,558166,346455,775093,3662188,3782168,278509,1434348,754856,4600545,547843,467842,5853186,1959721.0,12651313,1056364.0,2304494.0,5407656,441691,716149,312893,92856,4704718,3250409,0,223179,516152,774731.0,553050,507254,158314,0,2030654,704376.0,0,0,287795,1639338,1737284,160008,1336776
2025-04-28,422492,410648,717289,2453285,2824276,169283,872622,458134,3339246,611093,577170,5090516,1764501.0,8530677,1040040.0,1971902.0,3664539,385629,751600,589394,136471,3913492,2364594,397747,211342,345039,495927.0,592306,451878,234243,2331482,1643224,706350.0,1034023,95454,444747,2119784,909796,120155,546696
2025-04-29,0,272823,767949,2033744,3831758,317264,842264,0,0,463722,0,15750989,2835110.0,0,0.0,0.0,4510600,676479,0,0,107883,4434306,4119468,369754,0,0,0.0,0,273218,0,1837970,1898792,0.0,1182573,105866,0,0,0,0,0
2025-04-30,870576,531808,1167661,4126086,4897500,305637,1802584,496742,7780902,553511,757830,12616981,4446761.0,12420688,1921920.0,4615290.0,6447457,759590,2194745,448646,138558,5526907,4467210,410162,172303,448360,837320.0,730538,540402,317901,2853478,2773915,1880931.0,1946534,124293,622675,3015634,1495488,246340,1316702
2025-05-02,710084,652360,1247390,5518533,8153548,297061,1016509,350693,3989307,628618,587267,7614087,3339453.0,9208935,1265283.0,4266338.0,5669273,635553,1672656,474777,170804,5087263,3648200,365432,182545,623465,681279.0,625872,633596,383002,2846598,2834565,1408260.0,1690097,91633,549818,2860503,1005590,127917,940893
2025-05-05,243959,334562,746882,3714877,1990882,176122,616123,111700,4897388,369494,331094,4588840,3464379.0,3233286,1251955.0,2402238.0,3166909,355872,780026,197874,80932,3890512,2565587,191093,127580,158577,444731.0,319246,336984,351409,1820252,982242,586404.0,609411,70572,247139,1364957,519192,159125,990778
2025-05-06,464855,393282,758102,4828086,2843259,472064,1474490,285833,5172187,758874,429700,8067092,3231621.0,4401136,1179121.0,2632407.0,4512497,938760,1092939,287312,131420,4617668,3213196,424182,272791,242189,666537.0,467365,655918,473503,2051368,1174864,1192288.0,1087309,59049,265371,2145612,1038289,229969,2474836
2025-05-07,393084,271204,959693,2568258,2404565,381265,1775569,189851,5390521,409607,256202,4152691,2163624.0,6447445,1083125.0,3104963.0,4438443,813268,1456383,522307,145510,5466320,4351646,288748,119359,272005,836506.0,509828,639450,314284,2487393,1456896,1587702.0,1276924,90050,338587,4686206,820134,180104,1402535
2025-05-08,469748,0,937523,2737378,3217604,0,1222424,225527,3770405,469994,399758,5432054,3221370.0,5926458,951825.0,3445333.0,4504531,661839,1127994,491441,166318,7319375,5007933,251143,95554,300958,901585.0,734309,598037,344774,2693619,1595441,941456.0,1151271,54301,380284,2888424,1254097,161034,1244227
2025-05-09,481320,285063,1127403,2950424,4475660,177655,1292458,298959,8584005,493470,352051,5454711,2566717.0,5904633,1698913.0,2990626.0,5874381,527595,1021470,636065,150699,4423055,3084685,279661,114754,195818,451789.0,628334,760569,353815,3036923,1394204,942868.0,956696,75711,256129,1679075,1424996,98645,1243373
2025-05-12,588325,396034,1583191,5899888,3343397,161307,2018592,389299,5990353,506761,498145,8150290,4361465.0,8150925,2185754.0,3140831.0,8709057,410477,997721,571455,171651,8753077,6323066,340724,167061,322752,1186042.0,821510,618634,544352,2570871,1641823,1299377.0,1635159,123833,330165,4843607,1591066,218041,1021038
2025-05-13,425177,214754,765265,2432621,12195863,314197,1510091,441797,3787710,673504,257499,4603000,1579968.0,4860329,1407125.0,3504235.0,9174436,434205,1239481,658801,231955,5080818,2144270,329851,110954,502294,690477.0,734901,664984,220260,3680211,1057229,805043.0,1026731,73916,328024,9036042,1317113,142166,1036881
2025-05-14,0,0,0,0,0,0,0,0,0,0,0,0,2022253.0,0,0.0,0.0,0,0,0,0,0,0,0,0,0,0,0.0,0,701675,0,0,0,0.0,0,0,0,0,0,0,0
2025-05-15,525577,328296,1372857,1983937,4685579,193523,1229215,434493,5252370,366689,474437,7399760,2033965.0,9301893,1249053.0,2303424.0,10164034,504934,1059550,572240,126545,4625122,2198848,1031126,121373,434971,511120.0,656601,533585,321564,3837933,1520683,799256.0,1786428,78485,0,2589399,798333,78658,741642
2025-05-16,515369,400885,964398,3270937,4422224,251815,1029744,0,4853324,317559,435840,5968248,2257945.0,6730867,0.0,0.0,11452447,545487,1370441,549378,152900,3498904,2190499,641052,101511,452461,0.0,0,714689,292480,2913646,1663316,0.0,1264526,93071,411793,0,1518948,183479,0
2025-05-19,313569,272333,761735,1480568,2570473,229143,579046,206176,3558012,414548,294661,5183287,1271142.0,5836418,839931.0,1842756.0,5301772,401841,631134,423038,61876,2147318,1071382,405971,89902,223151,568443.0,787877,357666,216764,2278520,1284305,587501.0,1002165,53151,176676,1816810,1444026,53612,688346
2025-05-20,373779,339891,1074347,3231469,2909215,190737,1709643,287789,4102945,392279,416592,4799126,1751147.0,7601293,983384.0,2850761.0,8406122,883220,1041439,575045,105388,5162294,2372821,419953,144099,271266,729990.0,592401,355046,352016,3863866,0,0.0,1170273,81886,221138,2364205,859858,186782,1047842
2025-05-21,301723,262511,724627,2431593,3373518,329132,817994,314427,4139260,360817,383206,6130407,1578064.0,6793875,1305338.0,1581478.0,5380252,555409,782161,590619,80448,4824906,1568501,410974,121461,252266,944309.0,464474,599374,215705,2773088,1446191,628848.0,971849,71129,321487,2167356,812651,128471,1153224
2025-05-22,296106,181163,678321,2248214,4089035,237755,633112,228093,3408013,288390,297945,6265428,1458614.0,5133370,762337.0,2643805.0,5349207,706769,688143,475572,70355,5175990,1532043,326599,102344,221318,1158639.0,485057,495080,190652,2708732,1088521,698461.0,1012695,105535,219301,2184737,660829,189710,1073340
2025-05-23,552899,718623,1188529,4607914,5106783,230831,1716371,308875,6551058,815170,407568,12440158,2973263.0,7884490,1811631.0,5070430.0,8499389,735702,1031343,600892,114379,6271675,4321619,439101,163529,387292,1334145.0,1436715,559865,259826,2570776,2412491,1212393.0,1801786,143252,543989,3997387,1753477,155391,829077
2025-05-26,233122,159051,500585,1745754,2079720,110077,611548,164385,2189991,196246,188886,3068265,968556.0,3276809,589648.0,1780165.0,4751098,328621,579782,237338,51834,2778059,1592755,152974,47688,185594,511724.0,664803,163096,219757,1623265,971178,398859.0,793680,47701,105847,1274599,758985,92525,599091
2025-05-27,295035,289756,524702,1965150,2802518,253231,608926,265801,4307328,794003,304052,4338502,1525358.0,4940540,1672268.0,2130508.0,5603546,515229,692182,543892,57917,3753761,1826319,239410,101839,264378,548236.0,491832,825824,266319,2420154,1688263,465081.0,1116884,58016,208888,2757751,549325,85765,1121622
2025-05-28,386501,371216,648480,2029585,2587117,229155,1583450,388653,3576040,415343,278065,4451359,1325823.0,6402825,1644677.0,3017434.0,4398070,627995,893720,366129,51999,3934999,3367146,246733,156468,283301,856976.0,512774,852767,319573,2253097,1575162,625801.0,1037330,54890,270256,2513011,1756868,82886,1031341
2025-05-29,438753,217552,477203,1645837,2000953,242807,634119,136954,1814721,340027,239397,4223000,1012024.0,3927319,1501283.0,2275657.0,3300315,637778,498052,370686,30751,3629170,1289091,135479,66814,159100,698614.0,336888,469820,272050,1544089,1152671,402871.0,926739,58148,105690,3297974,893500,68347,963382
2025-05-30,531662,242656,1382278,3352010,4270811,685582,1776674,526586,6827423,567368,464194,9814392,5385025.0,11773529,2467810.0,4447385.0,11192760,1583523,2013933,1279729,268003,8381873,2502038,973824,399771,826513,1166171.0,1301152,2264029,443079,2880308,2486054,4619291.0,2864822,388882,590860,3193972,1084730,83078,1990982
2025-06-02,354437,249103,590326,2302756,2435632,275556,1019881,236467,2723270,407701,227680,5380809,1897306.0,4606240,1722125.0,1884606.0,4646872,526850,0,578152,80351,3452411,2558685,287188,113267,247574,744966.0,690817,506087,638679,2062005,1189371,1378279.0,975899,210657,256106,2008828,888360,117284,922865
2025-06-03,392594,245005,545238,1880499,2393857,325160,794169,263839,3075841,299945,362877,4877376,1606887.0,6532623,1078138.0,2164560.0,3667031,338641,861018,426009,90272,2947102,2064919,276461,160462,285956,632269.0,609884,494538,270238,2224233,1566449,1037728.0,973373,91408,207374,2450148,631076,145073,988552
2025-06-04,382455,389992,635049,2972697,2319622,382389,719574,300591,3126413,378055,290234,6004995,2483346.0,4367428,1160210.0,1871857.0,4998068,397527,892501,507761,81896,5968854,1818432,313264,111774,218978,585606.0,520904,368158,248584,1413817,1286762,1177477.0,1084838,229627,302397,1810361,573953,135523,1127169
2025-06-05,0,278139,596360,1488794,8027073,215646,0,0,4800865,202893,0,5572449,1106401.0,4009609,0.0,0.0,3710065,293485,0,0,48603,3839070,1833987,0,0,0,0.0,0,452492,0,1288677,1041138,0.0,790206,0,0,0,710927,0,0
2025-06-06,242336,174404,553706,1876792,2610602,195551,686260,0,2980929,196280,182364,6389745,1183797.0,3572079,0.0,0.0,2934152,305064,559283,298048,86799,3039967,1316652,298659,96936,189831,0.0,0,371378,357408,1149220,918835,0.0,616145,92019,214988,0,1077839,82399,0
2025-06-09,0,0,0,1661357,2337414,0,0,0,0,0,0,0,1190427.0,0,0.0,0.0,0,299841,0,0,0,0,0,0,0,0,0.0,0,320267,0,0,0,0.0,0,0,0,0,609904,0,0
2025-06-10,289591,225944,674262,2886224,3296166,191180,849913,224808,4668020,248884,305255,7780385,1515477.0,6154620,983282.0,4991968.0,4915433,430924,613992,369792,89961,4503232,1666335,356985,121863,258844,829963.0,529003,377060,498337,1515645,1417249,566493.0,881846,85429,201326,1194678,809279,102097,1142421
2025-06-11,368158,245183,709372,2671457,5947502,291699,1053615,378894,3788500,583472,430210,7612265,1733263.0,5927315,1190877.0,1871502.0,5014261,436691,618213,556179,76164,4146251,1739025,209436,98017,301092,854902.0,534009,788351,351534,3194356,1838519,605270.0,1210532,63692,238490,2368695,877942,90370,857642
2025-06-12,412283,233340,780010,2012306,3623862,206790,718286,160600,4157380,327275,278323,8688977,1911253.0,10680393,1063731.0,1327270.0,4564780,461020,765466,509779,72719,4413718,1551066,191296,89382,283095,369289.0,333088,438753,248398,3010818,1360676,920681.0,936464,91010,277308,4026436,822043,93699,1139919
2025-06-13,704297,243717,971745,3282089,3444812,240091,1084475,257275,5162210,357445,441546,8254489,1957395.0,15208718,1488241.0,1362750.0,5496464,403061,630919,457698,79622,4059800,2464333,239770,94077,314937,769591.0,576007,326575,278822,3528085,1998459,933449.0,1221597,100894,223721,2303273,974116,162877,892095
2025-06-16,444861,247457,519306,1783857,2513354,589989,803702,306868,2901123,284520,353851,7402215,1893445.0,8641526,1332151.0,1723036.0,4974468,476857,588406,390290,58361,2684888,1799945,275046,103002,258540,759758.0,370261,424631,247162,2683573,1423494,787259.0,1102804,143851,621337,1877117,669007,70996,724292
2025-06-17,404846,297820,728113,0,0,301889,911960,330946,3923732,453865,267024,5357154,1602991.0,7634037,869008.0,1789308.0,4490441,1054992,867694,506117,67338,3260187,2321616,294794,248487,247131,670626.0,505294,322646,225872,2503822,1377049,820463.0,0,128881,301978,2265367,659899,91628,745319
2025-06-18,326458,277068,509333,1917932,2955800,413568,688280,211140,4029145,310157,245849,6044212,1554949.0,9636395,1169604.0,1380413.0,2946321,1090541,1254594,368137,54932,5445660,2127140,387253,242513,176740,536910.0,368563,333164,144941,1849062,1659776,860925.0,965949,78668,205486,2316300,613259,156828,856949
2025-06-19,331281,160389,606338,1566735,1643925,271132,869712,316200,2939208,253205,195249,4647389,2069096.0,3877059,801707.0,779198.0,3424165,445222,683742,231352,52151,2741065,1636369,241415,94458,159213,417572.0,357911,229053,177229,1567655,1525735,737450.0,933294,77896,197087,1851436,753772,195162,1256678
2025-06-20,1013963,1381429,2233988,5859065,5597407,950049,2138513,646031,8601052,1034925,953075,13870233,7224924.0,17081599,2933801.0,4338119.0,21022273,1180918,2050598,874717,258481,8254265,5131471,644649,444184,568759,1130440.0,996806,986000,1357876,6634714,7942129,2158250.0,3171340,951206,769268,5218067,2130980,182595,2459531
2025-06-23,389998,256944,511957,1950979,2528199,365298,670861,363196,3757320,447340,266318,5641560,2185172.0,5031999,1310244.0,1220644.0,5252170,411037,629644,532894,84585,2858610,1509735,194888,134190,271399,0.0,331704,313899,392081,2588695,1248686,750708.0,911700,98002,227514,1882086,512425,135810,1019766
2025-06-24,733197,459959,603211,2774602,2353435,353315,1019397,364352,4099969,1024243,369204,8070100,3461025.0,7447422,1195532.0,3021777.0,4585308,315304,607674,698918,86053,3978814,1935645,258052,101695,241718,481062.0,602109,541777,377963,2422332,1611964,755561.0,1460998,81678,224823,2353701,1130384,164061,1126914
2025-06-25,393894,231017,565339,2663046,2299190,343670,570766,327636,8219296,824717,334544,6255427,2924687.0,6290010,861835.0,1776994.0,4836953,265942,509811,605301,75484,2698870,1704020,222806,113012,144933,1034072.0,462344,361326,234549,1790951,1097166,751629.0,904964,67152,227253,2059311,738853,72764,940236
2025-06-26,420713,268702,524125,2177932,1634638,239021,841973,237693,5269339,519709,340967,6022234,1672706.0,4846197,768767.0,1985617.0,3039752,534270,497583,638554,82421,4034081,2588111,231268,103677,193446,767777.0,575576,550398,454813,1131909,1437007,719575.0,790826,93926,256360,2275192,1513159,122984,812559
2025-06-27,582494,286691,403283,2183034,2698105,333887,1306656,311845,3595604,557339,302950,7681712,2484301.0,5518702,1735267.0,0.0,3692517,375494,429961,686455,64896,2843179,2838557,242150,98125,198343,1829194.0,785576,369893,365195,1180917,1471559,795579.0,1437389,106868,294654,2445541,1240289,125261,734645
2025-06-30,568525,222937,700672,2864216,8197566,377911,1567937,331189,6536912,412575,265497,10703583,1790988.0,6563096,1142506.0,2332699.0,3353297,736124,548930,600940,75763,4143328,2203688,353254,133977,194978,782821.0,448756,396373,201352,1941405,1654829,878305.0,1212615,88573,1028807,2461654,849819,104071,1435337
2025-07-01,645667,341440,521739,2842130,4142389,332983,2138233,468888,3475957,256142,450103,8173359,2501265.0,4518669,974287.0,3316016.0,5337019,391691,676297,508448,86025,3292077,2781810,308870,233020,248705,874681.0,505551,415469,261329,2370850,1301819,1058177.0,927138,72391,528967,1940649,739344,96108,1448312
2025-07-02,873309,163916,579593,3467714,2522467,326275,1423708,410089,4260242,344762,353042,5022039,1645756.0,3362490,1214050.0,2007169.0,4087868,418915,524956,659174,115430,3733734,2503470,262087,125446,297044,945000.0,542055,364260,264124,2063183,1140295,941726.0,854971,90555,363091,2499114,990911,183477,1270157
2025-07-03,356928,190825,611143,2954026,2518115,239357,730931,574169,3723260,255273,239581,4584515,1258826.0,4991018,1314697.0,1745955.0,3329082,400299,530913,727725,75437,3777915,1846917,238197,124961,162157,382292.0,302076,320412,194201,1503510,915608,576205.0,987184,68282,402288,1980633,593824,151780,601648
2025-07-04,189616,185731,364528,2145754,1677616,168884,713315,201821,2698687,202056,190235,3225851,1273488.0,3836538,711881.0,821271.0,2967602,224795,390627,201283,57353,2427033,1387929,235652,91979,160960,431132.0,330043,176264,247399,967711,766320,369064.0,861838,58611,161155,1696362,622736,106935,568540
2025-07-07,240811,216915,590853,2058043,1552386,256382,613582,259686,3724440,176878,185881,4509516,2070866.0,4670175,1091107.0,1210959.0,2734300,187444,486707,256695,47118,2345361,1143862,567830,87296,217272,400840.0,312401,284622,238635,1048274,1074156,1029633.0,773153,66436,201141,1299582,449092,125221,560636
2025-07-08,343338,189488,546585,3460879,3959337,344765,898472,265399,7991970,302456,277102,4810647,2082655.0,7338883,2747143.0,1824764.0,3345808,645926,878276,572725,60359,3090527,1909233,567324,132063,215700,1087666.0,490178,449772,257940,2042587,1401615,833205.0,1000361,142261,276374,1998128,767835,313936,747679
2025-07-09,367883,288440,743299,4518704,2304845,210931,1384179,286875,5777356,356547,301025,8224826,1591383.0,5990734,1610437.0,1589551.0,3615390,431027,678460,412571,69800,4470229,2918340,399717,97721,250494,1053330.0,409401,400189,305488,1613611,1011575,893984.0,1726737,96643,402891,1569071,975616,197627,877525
2025-07-10,346465,257735,627528,3514707,1923324,372351,2630802,212520,5185501,204635,289220,5542136,1509012.0,9663825,1005366.0,2129229.0,5375643,314666,807441,385728,72924,2923001,2352634,346774,141543,197261,929360.0,558351,319843,278900,1322641,1079386,876197.0,950432,101408,357986,1621316,938959,173804,764207
2025-07-11,262800,0,489744,2708692,1744337,0,1460568,263409,3363441,219290,224225,5156057,1706748.0,5411250,1499073.0,1532912.0,2760511,335505,541496,433682,0,2261901,1550557,526569,118832,142531,0.0,407551,337373,260801,1301682,961114,1362859.0,773039,76281,314291,1746319,763913,95022,837145
2025-07-14,246387,172776,408297,3440441,2412987,171937,1007146,0,2381706,249253,285129,3768162,1141231.0,3512209,1546184.0,1296280.0,4310183,300162,323289,398365,78813,2127847,1792125,415205,81505,125140,760975.0,360039,326657,221581,871965,0,643283.0,647666,159628,299498,1199215,924499,110125,2455339
2025-07-15,247194,219968,531454,2120111,1795782,210627,912311,272558,3074731,181416,284692,5297045,1488579.0,4518190,936098.0,1535636.0,2791373,451107,495475,401227,64248,2588369,1199900,243211,79739,173826,441839.0,286625,398466,259473,1532268,839287,630948.0,874728,150793,340167,1981201,628123,135243,1080972
2025-07-16,0,0,0,0,0,0,0,0,0,0,0,0,1406117.0,0,0.0,0.0,0,0,0,0,0,0,0,0,0,0,0.0,0,400712,0,0,0,0.0,0,0,0,0,0,0,0
2025-07-17,472663,220809,459900,1998724,2887579,250680,1289914,213934,2101833,211759,285077,5751672,1542158.0,5832634,1748330.0,1875629.0,3056997,434461,886995,326243,73258,3638219,1510207,180714,95790,190298,649536.0,278949,306501,181547,1476139,1070036,602612.0,1359142,90558,181300,1776690,986185,101149,650357
2025-07-18,409191,289578,441466,2837878,3613197,290898,879860,203267,2541106,319618,251791,4913272,1310954.0,5448690,1182272.0,1871342.0,3538859,480740,872176,514477,68658,3339765,1632052,296006,104280,170053,1011902.0,257528,286220,207207,1149857,955575,647313.0,0,109085,203242,2183559,733084,303822,782832
2025-07-21,0,184735,0,0,0,261778,0,158010,3433749,227384,212898,5251699,1079235.0,5379715,0.0,0.0,0,490642,0,178380,93402,0,0,329405,0,0,476485.0,397651,356020,202040,1439913,0,512121.0,569482,103487,0,2031029,725022,0,772895
2025-07-22,348266,262071,564474,1967952,1882435,340515,679785,273245,3284099,200405,316688,5380310,900819.0,4858139,1262479.0,2906218.0,4390861,426482,1085085,252851,70552,4710964,1114969,883452,125510,162678,383174.0,371331,538264,264315,1661766,1191724,739488.0,782217,1018965,338580,1681041,717943,95096,543516
2025-07-23,0,0,0,3969946,2356513,0,0,0,0,0,0,8245518,2080181.0,0,0.0,0.0,0,467424,0,0,0,8100513,0,0,0,0,0.0,0,643044,0,0,3968439,0.0,1103382,0,0,0,2658102,0,0
2025-07-24,641542,230015,591518,4133779,4948963,332417,1290534,138686,3450055,287916,391604,14733756,1549034.0,9690673,1168839.0,1937787.0,5482557,398869,659123,312988,97341,9981991,2210987,329132,347595,165669,822128.0,563215,436083,158024,1961825,1852714,710210.0,799930,152167,265113,2525346,1294943,82628,733475
2025-07-25,570352,217200,500886,2755010,2131866,186839,1500943,176316,0,247514,492948,6268690,1035655.0,5182914,1217701.0,1071654.0,3620081,451890,635084,314352,58709,4361222,2960086,324959,280282,148374,1378762.0,1084937,405871,134945,1209655,1311556,722534.0,623486,147474,220505,2826150,4145335,0,616008
2025-07-28,380096,240449,503774,3467609,2144414,209219,2079548,148889,2370887,336520,343723,4789488,2385492.0,4530872,1171169.0,1198312.0,3050501,475876,795206,355732,59844,3432595,3866767,293862,122470,153877,1886557.0,812445,415531,296288,1800919,1297484,715904.0,776650,159506,230973,2090903,2151828,143766,848413
2025-07-29,533747,246422,476041,2828485,2540091,180901,1146884,189816,2762186,301592,304271,4313032,3113801.0,5195486,887588.0,1749930.0,3338497,632102,708191,482872,63450,3846754,2119676,283570,190957,135806,1096965.0,573317,369413,221191,1571868,1279126,1125996.0,731633,205485,380079,1712231,1374628,134953,693975
2025-07-30,3145116,173225,369932,2259644,2300923,226181,988834,271549,6337086,220471,235195,4559472,2000464.0,3297948,946599.0,2312044.0,2738440,323492,582577,253327,65668,1776804,3162137,249520,92484,123559,1341112.0,462317,467412,141906,1255903,1007571,2056007.0,696327,111576,1114132,1510378,1060362,78863,605192
2025-07-31,1776857,303064,521487,3124735,3855773,264381,1411296,281004,4082445,421943,654247,6863588,2246782.0,4067201,1063167.0,1880160.0,4056147,397991,537908,362875,69065,4515277,3387684,421036,126979,184818,936768.0,450891,337142,161922,1838934,1776569,1680268.0,1184884,116286,571168,2150924,1019372,274784,1374403
2025-08-01,1235938,494307,1023716,3867549,6349458,326880,936942,488869,6296305,406586,704600,5982306,2688126.0,0,2173824.0,2793395.0,3883590,0,791874,591763,104125,4659871,2446923,499392,121515,294857,873376.0,598015,452751,149293,1342407,1674730,1280023.0,1578597,158744,487269,0,1292949,164417,0
2025-08-04,727063,255591,614259,2261151,3005000,272062,866240,247744,5334227,328537,290995,4812618,1960367.0,4311441,1232293.0,1459452.0,4259685,841205,549312,417325,63033,4130656,2149116,323218,100062,175916,707124.0,404823,362784,167905,989944,1058367,603113.0,979051,113671,575614,1891154,835263,116807,769710
2025-08-05,664365,228931,468997,1662087,2488452,536683,746331,427495,7627696,471453,396238,5735697,4062504.0,3530730,1436129.0,1994876.0,3400733,1184574,793507,361651,78877,6194935,1626576,269239,145078,162933,733168.0,352825,346721,130408,1073176,1036854,953044.0,892892,120030,384339,2522313,850993,95010,1608667
2025-08-06,825239,264810,607506,1635416,8866224,2276719,669215,236416,4963878,318834,259132,4865881,1370677.0,4969161,790359.0,3745976.0,3055130,873077,1729077,542208,89851,3115037,1276549,423505,102084,174805,683715.0,445415,794958,223398,905369,950677,956751.0,921610,131899,279590,4576875,716169,145077,6202518
2025-08-07,923290,0,1445607,5089520,4347976,0,994829,186147,5059095,0,403724,0,2011156.0,17388567,1056409.0,2044590.0,3766270,0,1111496,672831,0,3926802,2196770,438012,89310,415890,0.0,512989,627681,651875,1300333,1418079,737304.0,1807970,106636,335789,2213357,962648,138460,2270240
2025-08-08,519448,276307,612965,2142146,2299556,373345,1447610,204335,5919226,266178,300500,5679432,1735091.0,8845819,1116983.0,1214526.0,4401618,499277,1068100,592658,167051,2581418,1546558,351038,126219,810098,545257.0,463596,355076,532717,1246254,1040750,677778.0,1109349,107474,223506,1835877,1105317,76305,1182925
2025-08-11,406123,107656,320473,1899705,1846659,347233,900873,121150,5756242,333054,233132,3763481,1145984.0,4170232,589600.0,1027711.0,3099314,551213,587840,417518,121305,1623996,1221518,327441,69778,244753,388223.0,392375,247252,456198,2345287,641404,488788.0,697247,98037,278742,1809111,747910,68926,1361019
2025-08-12,394626,0,526264,1735912,2347303,0,1219563,0,5751135,663009,437323,4712847,1363557.0,7152507,0.0,0.0,4215656,648098,638636,610432,0,3564448,1368167,0,105824,390522,0.0,0,289594,244526,1209201,3428231,0.0,847309,0,201670,0,883724,78834,0
2025-08-13,573452,222756,593869,2049039,3558311,382472,756201,306736,4778533,593549,289373,4826525,1184889.0,4420774,439299.0,1774366.0,4938125,0,1127442,472165,100562,2607941,1318840,219057,84406,214433,273807.0,408710,302395,231464,1084854,1990691,583733.0,782153,115791,219243,1726413,824790,97450,1406662
2025-08-14,0,0,0,0,0,0,0,294273,5482459,0,271183,0,973051.0,3548438,0.0,0.0,0,0,0,447006,0,0,0,270254,0,0,0.0,536732,301796,222315,5536516,0,674667.0,659178,123206,0,3221224,536571,0,1079040
2025-08-15,399878,294833,541609,2934263,2043532,386700,1100573,208661,4226788,479732,256158,5486989,1321378.0,4755933,653669.0,2004463.0,3051036,428637,728638,286110,102943,2419016,1819924,191061,65941,166609,401650.0,396639,340686,299004,2112249,1749088,549506.0,793608,75538,313810,1405574,1307578,95392,744132
2025-08-18,383738,176536,364506,1646185,3535763,343880,639136,223614,6185593,208030,155421,4406852,1192306.0,2800536,710323.0,1650005.0,2469450,439775,757573,257032,180171,1459485,1135805,240829,64680,139239,357907.0,385223,177503,222319,1573695,1121582,461285.0,490730,78279,330737,1588875,836029,65216,659499
2025-08-19,453227,165543,325633,2308492,2120106,218255,866071,247942,4452095,217356,248932,3282979,1236876.0,3731386,577937.0,1750811.0,3702836,579355,809478,345315,97608,2458306,2197961,228294,86624,193124,673119.0,742677,306978,310427,1182054,1197002,524540.0,785118,77493,416294,1897285,1239746,220159,1259907
2025-08-20,342406,187449,391552,2578826,1777592,219629,628253,189409,5519003,210261,247802,5416344,787230.0,2805276,524389.0,2011266.0,5414130,385418,515751,426274,102234,3648374,1426301,182319,99462,152808,324985.0,338554,283655,347595,1105584,1304126,492091.0,650476,89603,421549,1336392,786213,95447,892986
2025-08-21,395367,113818,352498,2168328,1702137,307050,708275,156632,4612558,161365,164347,4563207,1454252.0,3576748,563396.0,1420803.0,3579926,397264,681548,243290,77469,1683126,1334954,185620,78002,115240,460022.0,412143,291383,211643,1064070,1154543,376432.0,510714,54026,253461,1845589,590879,83016,1057797
2025-08-22,347924,203371,328234,1775025,2004891,259576,624151,168686,7533147,161017,201609,3349356,1570595.0,3739116,837743.0,1606951.0,3877936,482236,671343,301132,62646,2499905,1679161,254167,97854,142730,349562.0,496684,310992,120002,1046238,1230678,421819.0,665837,76618,403714,2580135,1022401,147259,1043560
2025-08-25,606903,171602,344757,1728447,1715704,193091,327973,81763,3179461,161969,128128,3516743,1057281.0,3247626,330475.0,1456709.0,2527163,411333,362995,213171,50072,1433963,1111919,157488,50194,101548,316745.0,322953,216247,122242,1591290,838506,292509.0,430291,43236,366419,942877,583637,78402,586035
2025-08-26,577546,303722,798954,1775552,2829971,780161,1239184,531579,17965659,441829,281550,7945840,2137635.0,7441069,1382176.0,2479097.0,5373794,738946,0,1284094,159970,3793781,1951865,450563,163747,516533,522840.0,488937,604169,256800,1523849,2208166,665343.0,987924,136950,973469,2993832,942150,97437,1093235
2025-08-27,395627,138118,550018,1924851,1503581,132323,581590,233405,7473699,284034,173447,7287214,1124684.0,3212939,470018.0,1478647.0,3098627,453527,571411,441174,69742,2313175,1470449,187517,72259,149257,593584.0,381693,255139,107087,879083,1087706,522964.0,600968,54767,372923,1055427,863146,88830,805802
2025-08-28,405426,178192,479988,1340341,1743936,180382,641147,192556,6156675,314221,184678,4751794,969923.0,3169121,426786.0,1828183.0,3552706,565767,657160,334572,56960,2607081,1419606,160428,46746,108180,480342.0,364977,1224396,213768,1327991,796628,566271.0,681376,91940,307235,2168207,748844,66037,630332
2025-08-29,413156,203633,433776,2083578,2744824,254680,710510,0,0,274592,0,5870800,1225600.0,0,893504.0,1430736.0,3960810,672382,573296,0,85429,2903660,1340058,247400,102274,184659,441874.0,0,652763,0,1045770,1280886,0.0,1129542,88605,370013,0,0,98615,0
2025-09-01,244425,110694,268452,971948,1148791,120153,428005,175223,2240399,187792,341959,2312202,867910.0,2540985,689739.0,1711791.0,2296697,197423,277755,225456,45345,1811964,725791,121230,45219,100906,266609.0,208378,415552,173814,930980,603099,336933.0,553437,91986,227201,1363153,403235,56058,665292
2025-09-02,555810,169316,585922,1805657,1849640,346890,747200,168254,3509690,308427,301755,4574317,1628021.0,3164795,1414948.0,4179855.0,4780237,1203749,602021,256289,121900,4590785,1429724,320675,105348,186177,480864.0,481314,773856,244376,1280308,1290152,709354.0,1037622,113167,758776,5749489,893646,115150,1223081
2025-09-03,911893,213918,495000,1540369,2834700,176464,528716,183624,3118006,348284,252492,4545671,1093040.0,3889574,1302639.0,3019332.0,4546468,677813,858653,332627,82201,8264314,1398248,278637,98330,247272,391833.0,305171,670192,170124,1261738,1031836,681769.0,1024237,67080,428231,3602511,791828,86918,1229917
2025-09-04,622838,166597,341216,2367257,2399648,328418,464100,152667,2375297,453069,180834,3506516,1273334.0,3952873,1090961.0,2319725.0,4896147,866815,691196,513329,68828,7108625,1132221,258496,119251,184151,414856.0,575654,357367,142170,1476183,871586,553253.0,633969,152772,364196,1644005,636912,71805,972869
2025-09-05,815794,197812,398283,1928583,1722252,338074,552224,245866,2868441,505477,202643,5101993,1260322.0,3552574,851610.0,2495293.0,6564190,600167,572396,362101,81495,3485054,1328530,179702,105565,170260,396885.0,422107,399833,153630,1530268,1272378,435093.0,850761,139881,274924,2478755,816335,114060,995982
2025-09-08,784900,151053,274437,1070176,1652992,279577,621685,0,3975610,534834,155747,4184917,1033013.0,8891817,0.0,0.0,4999432,448747,0,375284,83154,2785847,1776629,198644,0,0,0.0,0,274826,176892,2035799,1277894,0.0,795352,97544,0,0,1259297,90070,0
2025-09-09,433004,214180,269502,1774967,1412874,311178,2066676,298582,3878894,296626,296015,5249575,1332823.0,5170439,457321.0,1978369.0,3109067,546573,378474,374964,96244,3078192,2008197,216164,94819,199241,616326.0,295338,314916,222457,1166776,1058827,473804.0,600680,112218,206948,1586578,1305614,73547,829967
2025-09-10,304197,176750,348472,1829712,1944391,311734,1661869,0,0,372436,0,6182974,1239264.0,0,1329578.0,2712838.0,2333736,750705,476837,0,97870,3709054,1928223,184494,112003,278646,533376.0,0,387619,0,1197527,2344014,0.0,826971,103720,317485,0,0,127121,0
2025-09-11,413181,261322,297549,1551849,3316577,347130,1331361,466681,2996127,552297,319168,6343967,1047166.0,3515344,1041893.0,2637035.0,2448197,669585,442616,218647,77480,2803819,2340276,182345,101241,257833,999374.0,415704,435921,275105,1361072,1974628,722070.0,931007,126334,361642,2069307,1092710,76981,687658
2025-09-12,333770,166635,340287,1176968,1866643,318207,1191374,201202,3078366,433858,413988,5416539,1180880.0,4574308,846592.0,1432770.0,5059905,398783,394066,225190,161444,2547770,1939546,249478,123733,423068,453560.0,290244,334224,231278,1265529,1360689,505943.0,839715,87799,268643,1523456,694658,64159,1185794
2025-09-15,296143,127475,318947,1312374,2369074,232972,804238,0,2335922,506003,239134,3944729,1185002.0,0,710200.0,1690892.0,3988824,535997,549010,296782,85889,2817450,1782622,170549,94375,231964,652059.0,257995,294761,250793,1358596,0,456284.0,651285,92044,360246,1340931,486024,77979,1059387
2025-09-16,460920,151654,654647,1456992,2692770,382384,1046716,276194,2951559,844437,512821,5533677,2022810.0,5716890,879438.0,1337809.0,4572629,673835,804130,370466,95866,3072874,2433147,274068,107048,367299,600051.0,367924,331001,302885,1637490,1757332,621655.0,927378,137451,504393,1868328,838778,80873,1487826
2025-09-17,445847,177396,644467,2020254,2209814,687526,820572,200338,4054343,1108283,366956,3961553,1523589.0,6558102,828678.0,1609479.0,3551675,599794,559389,228571,97258,3167190,2400245,210971,110673,324918,488396.0,456009,485393,206992,1914008,2002327,591987.0,738466,80099,369389,1837814,904532,215992,1440562
2025-09-18,510242,161119,398350,2317065,1798157,385618,641485,333868,4262272,2143990,519389,5953678,1610944.0,5494326,813715.0,1594194.0,3566664,421002,385222,196351,77957,4241861,2116327,322622,115899,291736,441814.0,528778,377952,182035,1774505,2533588,336263.0,888855,141743,260269,2234023,1107615,130612,2469432
2025-09-19,1354237,477356,1407312,5232554,3899862,1260996,2266120,1611730,19439234,1313875,999304,54069414,5228811.0,22886175,2400856.0,20145317.0,16860639,1385632,0,1163498,191856,6876584,5666829,713751,202879,728902,5032763.0,946416,951890,385437,4729185,5436865,1829063.0,2667773,1147693,1572837,4354476,1340164,291915,1876139
2025-09-22,0,0,0,0,0,0,0,0,0,0,0,0,1800837.0,0,0.0,0.0,0,0,0,0,0,0,0,0,0,0,0.0,0,223159,0,0,0,0.0,0,0,0,0,0,0,0
2025-09-23,647393,161101,335118,1825203,1720747,312350,766200,288571,3128524,585765,767454,4952181,1917198.0,5732921,809860.0,1524263.0,2910064,427054,518788,925544,87271,3668744,2391707,265840,118943,319631,871188.0,1098377,220488,173728,1433521,1115327,499253.0,939128,82995,275513,1726197,1607926,98638,0
2025-09-24,420431,158827,362950,3074489,1722170,481163,1600210,733684,4413359,697535,406797,5331844,1864920.0,7162546,726604.0,1785091.0,2616226,433349,381056,625062,104716,2302019,2701334,254275,79670,433502,1071734.0,725808,342855,332523,1595674,2418550,1145016.0,957411,69284,329937,1314054,1279762,80246,1189637
2025-09-25,957014,173771,408063,2587874,1609192,414379,588743,385530,3951672,668913,522132,6216694,1770540.0,5428298,969290.0,4070413.0,3979097,440296,477445,503798,146389,2035205,1968379,487654,126818,310934,734402.0,564710,890321,182172,1582353,1662331,2728508.0,1044342,102446,555551,1878713,1077612,75447,926603
2025-09-26,411102,120845,676522,1888056,1554241,363653,553083,368422,2404635,403618,327026,3744133,1206999.0,4998145,1793096.0,1693859.0,2771935,616794,457213,423630,176637,3217472,2561440,216332,121083,334948,570769.0,359092,505817,179458,1825792,1029898,1158906.0,970009,85298,519868,1364642,1632967,100292,1070892
2025-09-29,287170,148460,305348,1636091,1504900,223869,415482,257880,3377383,444925,259706,4853739,1132067.0,3557742,808685.0,1681427.0,2035300,352286,482771,287794,73402,3011000,1742881,204345,123055,213112,704819.0,399854,304922,274120,1338643,950657,576847.0,805775,82712,528998,1399729,620222,99709,1096646
2025-09-30,0,0,0,0,0,0,0,0,0,0,0,0,1795651.0,0,0.0,0.0,0,0,0,0,0,0,0,0,0,0,0.0,0,537438,0,0,0,0.0,0,0,0,0,0,0,0
2025-10-01,580278,261197,610325,1862496,4547841,260650,571022,321064,2070786,579762,347273,5917627,1612898.0,4812175,2028900.0,2742564.0,3105456,652800,1035097,486084,117525,2562720,1849085,721889,140044,223734,571888.0,556366,570143,273662,3263514,1257008,1131662.0,1026906,256142,471325,2293996,765813,129185,1037457
2025-10-02,453068,150921,405784,2973446,2858328,345715,698204,230769,1740228,764446,558449,4097026,1480894.0,5966017,2089446.0,3050256.0,3934897,446443,671388,580514,91944,3817279,2368968,508263,90804,233513,732978.0,584924,348408,209433,2543539,1197910,1165697.0,1161411,184455,269886,2041416,922297,114239,1560509
2025-10-03,314756,172904,419400,2289976,1997015,229642,669586,179447,2683516,406772,301978,3700987,1104047.0,4088574,986475.0,1236689.0,1871724,205713,619213,255257,83515,3330898,1584446,343627,94639,190364,360312.0,504247,321492,218385,1533652,1072154,773321.0,837282,110542,291375,1233415,475409,131912,832306
2025-10-06,0,0,339498,3770759,1537480,0,1131004,0,0,453671,0,4589851,1371223.0,4284390,0.0,0.0,1863715,239109,0,0,0,3468387,1801001,0,0,0,0.0,0,314286,0,1987017,735402,0.0,826969,92681,0,0,556399,0,0
2025-10-07,316710,133558,333247,1432003,3216385,248930,930117,205765,2069104,526328,238709,3628878,1624622.0,4386863,1105449.0,1884114.0,2842642,436909,723556,352689,92854,2571996,1967963,205656,68357,178198,376014.0,505657,269492,290792,0,1354466,508131.0,616877,94376,379439,1423998,912303,112520,865531
2025-10-08,0,0,585716,2113811,2103047,0,7424815,0,2764310,727290,0,4307573,1391203.0,4946487,0.0,0.0,3560727,493543,0,0,0,4482121,2823319,0,0,0,0.0,0,307282,0,2610128,1357884,0.0,716595,123569,0,0,1165942,0,0
2025-10-09,432918,143734,538498,1718326,2391792,323283,2104563,0,0,538950,0,3423706,999091.0,0,1141343.0,1184166.0,2537171,519071,801185,0,142685,2347646,1711262,242076,113637,192016,795429.0,0,352581,0,1556749,926821,0.0,744623,111073,304232,0,0,52993,0
2025-10-10,465854,180972,482520,4786308,2480001,252006,1700968,538571,2818642,425754,318191,3376027,1420604.0,4159393,812687.0,1697223.0,4845988,417517,631995,377879,98266,3619299,2902505,251651,98300,179885,523910.0,607342,381445,225157,1348629,1300885,768581.0,785972,178362,385138,1773981,1189983,108872,1251057
2025-10-13,315345,90566,363579,1653400,1849023,165709,898090,561458,2313599,360708,334898,2805946,1340687.0,3389739,669821.0,1262527.0,3020498,392991,609778,262422,108409,3810141,1222077,167772,67524,135311,463197.0,452653,226848,129585,1330123,738717,484802.0,616128,95205,410810,1575067,952309,99065,950415
2025-10-14,276891,126518,399806,2842189,1653122,253750,761475,363888,3100505,1149144,235161,4133579,1052819.0,4026799,1471347.0,2582557.0,2614729,395337,912943,330358,97312,2942812,1425624,250716,186795,158749,641965.0,415224,294421,220876,1353241,1319040,800226.0,1084409,87169,347572,2222658,832970,89205,1405720
2025-10-15,475938,199611,461366,2134788,1604780,306616,826764,266078,2439576,585704,246546,3608721,1332290.0,5689314,1827780.0,1552032.0,2500173,671494,948698,248895,79854,3768008,1607016,271708,94092,185490,494429.0,415586,299687,264985,1733217,1102569,554018.0,868831,93704,247608,1664892,580308,69698,1099850
2025-10-16,434472,184192,493351,1720327,1768114,294590,718471,288489,2592117,490683,585391,4503845,1464130.0,4992786,1354611.0,1676088.0,3073003,785154,930957,300415,280954,2927610,1652645,1059646,132445,295751,0.0,545155,621817,304998,1518936,1149922,683532.0,897726,282826,524023,1348932,718718,70790,854049
2025-10-17,418915,294342,1406350,2500603,3789978,404368,919050,375557,4790921,1494920,351461,13151053,1521336.0,6009495,1758802.0,2052568.0,3531258,568915,862840,313275,120987,7028752,2238171,446489,136497,317988,952834.0,1019762,359618,390786,2027373,1160814,639761.0,1071136,102136,411361,1884638,1318044,85952,912128
2025-10-20,388822,199789,690424,1716281,1765129,368583,729155,455853,3052804,758110,215483,6762410,1383175.0,4933141,1445728.0,1612428.0,2998883,514586,692396,320151,98486,3446346,1778475,246263,137379,208692,421144.0,474959,297116,274797,1754772,1404631,747127.0,830451,109054,319435,1390175,597985,78579,941169
2025-10-21,320061,186429,465080,1681956,1564339,273277,1201468,208088,2151270,434764,259422,4829303,902318.0,4197938,1183296.0,1677395.0,2131828,579390,472819,292333,109504,5555119,1457931,475404,180778,171684,819479.0,626137,300965,161522,1946885,1444043,425763.0,617846,270261,281241,1565026,1048072,66949,603283
2025-10-22,1142868,170941,341741,2141677,1797000,403425,1631085,226454,2587301,749217,291143,5953063,2178765.0,7141882,1226881.0,3761445.0,4260239,466778,624387,304502,141091,5422796,2535227,288723,139024,219590,588912.0,505919,549728,213126,1598265,1752971,795103.0,892678,166005,250924,2204092,1127069,108610,684253
2025-10-23,599514,143559,294925,3159595,1674300,779501,712564,170981,2143100,675466,274575,5027433,1261834.0,7869503,701479.0,1651371.0,3131250,690274,918206,347681,65400,5149537,1484645,204783,160659,158576,1799070.0,463528,445265,131115,1729294,3172728,386629.0,774113,117024,304862,1671409,1009971,155252,876043
2025-10-24,554143,144987,389437,2038068,1663915,471056,692084,192139,2683760,835412,305723,5034058,1073968.0,5274857,592958.0,1650964.0,3565315,457431,669284,339861,86885,3334039,1270305,167366,155155,123455,1737532.0,602657,280794,121037,1189372,1802588,534593.0,532696,105589,387807,1902559,739697,122198,0
2025-10-27,576505,98610,347364,1215621,1794799,351874,520818,300872,2624369,687773,341679,4937082,1056724.0,6701744,730844.0,1549611.0,3221843,305478,535881,293626,77110,3125590,1423938,170961,108403,132958,2060766.0,1110417,312201,132752,1769460,1155170,743539.0,618010,96640,441223,1664861,766519,91131,893574
2025-10-28,563960,121100,358568,1597782,1133956,286563,689596,372940,2304807,580311,524103,4011969,2940685.0,6081828,619036.0,1258693.0,2348244,286011,553983,286722,98765,2645436,2531811,0,77187,159040,913183.0,585587,328215,145447,1610426,1130651,658315.0,516695,100571,1022449,1237633,597573,84761,812872
2025-10-29,2635022,145544,306470,3510380,1054552,265519,869500,188678,3189844,436763,365421,10396171,1270877.0,9487971,835950.0,1354382.0,2656634,539227,758702,286269,98679,2161564,6427763,0,86795,133261,696737.0,709768,313946,85869,2429166,1934365,677599.0,599951,80431,774674,1981676,1182664,86416,2299643
2025-10-30,1260687,305765,352385,2102565,3240338,216387,917543,197856,2411466,451108,321974,5214717,854855.0,10901287,935627.0,1271012.0,2772353,675632,667193,225224,86598,2771403,2579469,633002,72951,197218,812085.0,818920,336006,96520,2633706,1387271,601362.0,740055,83016,438792,2274752,1327554,123296,798086
2025-10-31,625479,171261,642581,1775118,1523939,352902,882365,162792,1867864,437072,280475,3991482,1271515.0,8773813,890998.0,1039281.0,2332615,475586,583154,253103,109607,2310846,1784290,283684,133488,261127,757123.0,512374,369493,96868,1439957,1209055,451400.0,683439,78529,431323,2035521,813680,108788,909429
2025-11-03,531983,157469,414623,1936943,1373051,245571,702836,219075,2741419,449520,244439,5476711,920321.0,7872336,0.0,0.0,2656030,783707,0,273476,102068,3072759,2430952,351571,0,268032,0.0,561796,505881,176493,1003965,1081196,530651.0,700448,85823,433281,3180995,862197,108898,1120314
2025-11-04,711292,162445,418751,3186319,1540360,289844,920340,207496,2551267,588995,234631,3850810,1233086.0,8456376,1332595.0,2085551.0,2704331,1969117,895621,597462,101027,2560934,2269077,229840,117920,285925,599741.0,477823,496256,137118,2502149,982932,810954.0,713423,90819,387308,2773857,569344,125756,1440711
2025-11-05,720162,0,346132,2758041,1390189,0,2174624,279119,3042748,0,210920,0,1645956.0,5976297,1306895.0,1915371.0,3260419,0,915384,339933,0,2432076,3137536,250832,159462,207930,0.0,703836,818716,142943,2127212,944453,3911396.0,894514,73413,340138,3978272,1049850,81111,1133985
2025-11-06,774626,190173,382256,1680080,1761716,571171,812886,498194,4391544,680602,793076,4564837,5621001.0,6958639,0.0,0.0,3182778,745224,774966,699554,88304,2820230,2003544,303135,98549,212545,448561.0,493433,605118,311512,2316560,1263039,1552688.0,831849,47250,240357,2418441,643171,87612,3057721
2025-11-07,0,0,0,0,0,0,0,0,0,0,0,0,2242954.0,0,0.0,0.0,0,0,0,0,0,0,0,0,0,0,0.0,0,540384,0,0,0,0.0,0,0,0,0,0,0,0
2025-11-10,683248,0,412518,1909674,1348508,0,714860,169718,5304425,0,319305,0,2046123.0,5086698,1643374.0,1744548.0,3848458,0,714584,313542,0,3567586,1868272,283875,149649,225345,0.0,595880,353121,159510,1678616,1208040,1630652.0,1019990,58539,338791,2479378,683067,83831,2234639
2025-11-11,642105,155950,380099,1806836,2075024,154269,687005,249570,2593158,844400,271732,3140720,1687969.0,5355879,1197630.0,1506647.0,3935141,634312,909767,351490,108748,3285532,1469834,314308,89795,286585,0.0,486589,336403,210195,2292534,1024146,0.0,691696,59551,306502,3111130,875329,224671,0
2025-11-12,447959,162227,474685,1704371,6950848,226089,899332,464575,3701314,577797,320420,4830049,2255995.0,6552314,881143.0,1802851.0,10277929,729801,686988,277407,71190,11595039,2543056,306797,161981,209726,449095.0,910378,469552,142119,5212022,1121213,872008.0,783235,112193,334600,2412206,1299091,123264,1655018
2025-11-13,0,0,0,0,0,0,0,0,2114195,0,0,0,1533055.0,10517856,0.0,0.0,0,693372,0,0,0,0,0,0,0,0,0.0,0,444091,0,0,0,0.0,2815783,0,0,0,654369,0,0
2025-11-14,406345,215499,882792,2171069,4022158,248454,760333,190979,2852104,563484,365206,6090493,1711331.0,5757319,1109417.0,5173579.0,3957601,740736,709283,460884,136523,7604852,2110910,444420,128115,182675,370714.0,526821,284838,230786,2446550,2184437,1458907.0,1573363,110595,290640,2592194,959612,163720,1581649
2025-11-17,346611,197266,554628,1761278,1451699,250568,543687,269332,2973279,463023,329063,7273677,1356151.0,4217216,917509.0,1990358.0,3043208,570075,484633,248581,85927,3251647,1742217,234216,94814,167363,366957.0,409019,348327,154164,1496200,1334374,1812338.0,1270415,54938,195566,1221793,574445,100893,2101454
2025-11-18,592335,189270,0,2367253,1910340,249272,771291,204760,4086439,0,446673,8340662,1500915.0,5708857,1840621.0,2660322.0,5749673,688524,743188,485019,101781,4362328,2687862,403105,144894,282975,464257.0,697811,476291,376421,2000834,1354135,1458497.0,1382725,97025,365906,1694605,940297,76746,2106839
2025-11-19,565642,308680,440634,4092983,1472652,0,640330,250818,2639300,323223,542070,4458938,1285000.0,6102740,1700047.0,1833459.0,4160585,679603,660749,420034,0,0,0,265324,94250,212574,544834.0,813768,421458,675116,1651592,1173122,1412827.0,992561,105274,228294,1847666,555410,72816,1288722
2025-11-20,695393,230629,443092,2065488,1658614,318083,506126,254323,2608237,423035,357316,5016726,863815.0,4895490,1098578.0,3331648.0,2609607,509059,528358,399563,82580,4339103,1817694,306854,88551,221217,932738.0,470630,552885,277529,2306018,1092550,1279078.0,1132381,101181,455693,2056285,589376,74638,955900
2025-11-21,531992,355599,615631,3590055,2826668,366380,694075,347555,2764137,467131,1143584,8867478,1437101.0,7989893,1131152.0,6164090.0,4518362,870322,964059,477730,115644,5386658,2142627,325871,148349,244839,573440.0,475013,577531,507649,1718930,1520744,1176137.0,1251537,121810,864190,0,961403,84776,1473507
2025-11-24,729693,270883,813326,2950027,15994654,540051,1468012,866007,9134170,888892,1076099,12464095,3154250.0,19925835,2049836.0,0.0,6961119,1049943,1085913,557816,318769,7444672,3141781,645872,432630,487739,0.0,899680,1483877,551855,3305794,2706084,2885685.0,1956242,219188,545933,4211098,751759,113234,1452608
2025-11-25,456869,186292,390451,3055037,3641243,310957,581152,261764,3439645,637959,457953,3880386,1599131.0,4633402,1390343.0,1582383.0,2579387,474444,858122,356900,86926,4752933,1645576,294591,93767,214153,396587.0,479361,403247,373828,1472173,1286031,1133941.0,1129454,121842,292100,2095329,634649,52950,1732036
2025-11-26,655493,113787,451223,1891712,2326719,300311,515763,0,3728288,565302,326091,3347547,1442851.0,4643109,0.0,0.0,3450840,613094,0,447762,56959,4244723,1189659,0,0,0,0.0,0,376852,191758,1552405,1239164,0.0,689041,0,0,0,628896,77838,0
2025-11-27,364233,76798,327977,1432303,1225487,145415,423030,230023,1725696,334170,984580,1695394,816689.0,2194860,665566.0,1518784.0,4907081,440544,408029,286465,49189,2730254,1080720,121951,40372,86501,400480.0,240282,203384,161403,1295252,473852,667241.0,517418,53420,174095,1952112,257899,147121,502918
2025-11-28,291454,144042,435642,1596845,1852505,340482,438101,259265,1484604,290184,711885,2887104,1323076.0,4767948,731655.0,1554607.0,3055335,548511,542749,252600,65072,3871150,1444715,200390,69970,127296,301465.0,317473,247876,162319,1250584,901070,698724.0,758614,116988,303198,1533264,594865,196818,589980
2025-12-01,474631,1299408,435739,1973085,1905009,301378,684904,407067,2191703,595228,522289,3809252,1777511.0,5013868,1130697.0,1570856.0,3366788,793389,1211888,373072,76201,4487857,2441415,300722,174415,121877,673548.0,429737,352242,272918,1617052,1068756,718263.0,888280,103935,344884,2568631,1269097,75125,1015739
2025-12-02,410257,376118,323201,3108656,10883080,287769,648071,272075,1796978,303245,379440,3717054,1170538.0,3807673,1051314.0,2002799.0,3190520,686656,1017621,376299,63976,2399329,1436814,186748,107457,129662,324446.0,570191,445820,222535,1282001,901545,1014022.0,1018106,76138,402650,2310049,1027468,83298,864270
2025-12-03,424317,383635,469042,2486219,4261319,202477,815701,209013,2248692,471480,329395,3514785,1351142.0,4973619,1219510.0,1675982.0,6127804,1080826,806606,430108,100553,4137322,2745791,345447,99048,280090,587841.0,904543,448806,215169,2022236,997604,889241.0,896423,123804,393612,1785681,1193002,74454,979223
2025-12-04,518464,196717,351550,3402908,2921265,219047,2098877,266665,1801696,316010,227666,3415429,1423576.0,4639103,2053489.0,1654328.0,3575831,845674,679178,431735,104308,3613603,3357541,286380,73244,182285,893247.0,2408037,517221,240612,1704319,1760993,1233335.0,946516,132301,346175,1687354,1768865,81502,970387
2025-12-05,605682,244935,317629,2060275,2131845,449570,2051715,301748,2116955,486293,241716,2923907,996194.0,4000259,1147383.0,1839547.0,3775263,902467,479004,341172,107610,3704631,2967929,255611,114967,275822,594182.0,1359911,345726,181006,1827734,1025075,1453826.0,831499,54422,354037,1854602,988726,67526,1024856
2025-12-08,455192,114767,363713,1325726,4246670,314425,1026968,0,0,267372,0,3016966,1150719.0,0,710741.0,1363272.0,2862210,933454,507936,0,102164,2978141,1684872,172564,96465,129688,421498.0,0,346809,0,960298,1104633,0.0,690101,58899,463851,0,0,72070,0
2025-12-09,464667,226798,790268,1611326,5732064,556018,871199,396473,1853863,366186,439161,4529161,1108297.0,6333770,1010481.0,1299343.0,2726196,972010,424568,525399,64648,2047779,1531183,343028,92622,127241,498348.0,767188,354228,281680,1103024,798949,1296420.0,759515,62401,523884,4613658,521851,63152,872790
2025-12-10,385353,288473,547798,1537382,4062204,361569,832142,310550,1275739,361033,319520,2899598,1190168.0,5248363,0.0,0.0,3817975,874031,786465,521433,151103,4052614,1842747,288392,92972,389404,452552.0,773166,478492,227522,1216611,1275692,0.0,835719,81281,375252,3382132,585275,96343,0
2025-12-11,382237,235753,546167,2878632,3175724,509626,973583,398086,2739505,415534,519923,3885673,1720857.0,4934557,1595612.0,1754108.0,5583767,770923,694116,517577,67361,3088190,1701350,243426,74280,346534,626471.0,1140714,556665,202894,1080811,1724153,502921.0,963113,58693,652293,2620846,1078911,88857,1049233
2025-12-12,725315,205382,461359,2166899,2394762,238367,587674,328327,1771034,345907,274659,3968771,1189029.0,5035290,0.0,1885977.0,5833292,772981,584655,434845,101975,2717279,1408111,0,121311,234111,556819.0,444093,462468,150736,0,1233372,1037503.0,0,0,325095,2124646,658854,142916,1227204
2025-12-15,0,0,0,2381916,2590925,0,0,0,0,0,0,0,1447157.0,0,0.0,0.0,0,630123,0,0,0,0,0,0,0,0,0.0,0,530360,158228,0,0,0.0,0,0,0,0,0,0,0
2025-12-16,592422,218678,449610,2223522,4168588,344399,1009621,0,0,310376,0,3683893,1686434.0,5978944,946189.0,1691462.0,4033831,751845,997837,0,64207,3465255,1992178,0,79209,215552,538473.0,0,878560,274479,0,1368390,0.0,1176270,0,392245,0,907680,70871,0
2025-12-17,0,0,0,0,0,0,0,0,0,0,0,0,1514377.0,0,0.0,0.0,0,722958,0,0,0,0,0,0,0,0,0.0,0,587873,163972,0,0,0.0,0,0,0,0,0,0,0
2025-12-18,0,0,0,0,0,0,0,0,0,0,0,0,1385521.0,0,0.0,0.0,0,0,0,0,0,0,0,0,0,0,0.0,0,625190,159855,0,0,0.0,0,0,0,0,0,0,0
2025-12-19,1322774,671793,1158148,4392462,5741760,502833,2773865,593859,11300264,1029367,692854,9124431,5045216.0,20139751,1841443.0,8110080.0,16290315,1499239,1263616,995422,207961,5891308,4074725,418787,253610,610286,873820.0,1272056,1220493,321244,2461981,3975152,2784999.0,2480394,198654,852528,4821096,1242421,132180,2103202
2025-12-22,322798,141347,240879,1101695,1586191,235321,388188,220775,2375298,226785,194215,2290934,903769.0,2821408,587421.0,1627649.0,2097490,839443,456634,211747,58110,2872269,923597,159113,106573,115616,383936.0,667995,277350,107780,974032,823365,813851.0,645600,76026,298826,2506682,419003,61895,1154770
2025-12-23,323186,97437,289396,991908,1728776,255247,313402,148198,1513293,150466,216374,3247417,1049131.0,2570406,414855.0,1132225.0,2850479,492822,390299,230467,47882,1729190,885825,146438,76055,105319,227485.0,277896,213047,79668,1009260,621651,620506.0,485809,61542,242358,1880917,416122,70715,699902
2025-12-29,429032,136251,384051,1684114,2280958,147873,437131,171791,1807111,351202,216042,4521478,1110897.0,4071228,498733.0,1259134.0,2010062,624475,461626,210159,82116,2354027,1643067,172844,68813,144603,372144.0,372939,353605,152633,957263,706217,667314.0,543337,29840,186883,2148483,583045,62729,902704
2025-12-30,207981,0,260643,1030640,1642128,0,286069,136525,1075860,328339,142849,2011178,712839.0,2888505,429136.0,691887.0,1991916,317451,242377,202151,62757,2024272,1017759,0,58267,90050,264693.0,227628,157016,98439,608968,608689,344674.0,424839,19381,139572,1228442,374985,47772,346620
2026-01-02,384635,302462,608524,1385008,4219541,342248,726352,262403,1620801,268184,325975,4221076,1329607.0,5266570,800949.0,2282167.0,3351331,595961,459381,334580,176293,4532251,2229208,234129,110182,299084,548040.0,543548,308585,152514,1732130,1859956,941289.0,773796,42407,285178,3370533,755596,88522,885083
2026-01-05,558052,255087,526248,2578885,4000960,239867,862493,272018,2362894,445845,293658,4908527,1192066.0,5904783,1274652.0,2111286.0,3751432,407723,428579,378846,208511,4237754,2373348,226153,116434,307236,470653.0,638999,611634,385736,1851472,1313820,876314.0,893745,130047,428540,3306556,947385,74988,1285899
2026-01-06,1999082,213438,358718,2507313,4091529,286064,686232,308306,2811031,257769,228156,4273546,1667419.0,5203488,1873629.0,1892103.0,4254291,768467,597024,597041,146815,6239854,2073180,426382,143844,213382,287082.0,535801,730424,331519,2090660,1513269,1767120.0,852658,123052,418505,2571328,497666,90733,1308686
2026-01-07,895805,248077,612063,1882797,3597601,577354,606633,219122,3429988,444397,530699,4874954,1563568.0,6378679,1525246.0,2141996.0,4170109,937770,661639,410792,357671,4368958,1742440,330189,153607,278444,332302.0,513669,534104,353921,1596848,1606761,1172694.0,1535363,67196,324001,3436411,551768,66886,1832393
2026-01-08,997068,216719,464334,2407622,6499050,228828,965829,198581,1897942,351039,528996,3749588,1277611.0,8007055,975166.0,2442530.0,3985607,818920,640338,502254,150755,5181610,2211632,316261,139343,240422,516885.0,475616,460788,301361,1493053,1215756,855415.0,1658722,71320,299233,2512203,810167,64671,1747850
2026-01-09,661588,276493,682339,2929133,3534555,280859,1176143,212409,2220903,288526,596418,4288202,1593421.0,8421728,929267.0,2020736.0,4666341,814348,537818,398378,206681,3610546,2050862,271876,117342,265199,800671.0,642734,510718,242033,1294212,1743178,884979.0,1013641,101633,260763,2427779,1075202,82781,1216231
2026-01-12,421897,163520,580440,1624812,3987769,555990,893874,254336,1976166,0,445641,5241585,1405963.0,0,831530.0,1356620.0,3228280,835149,923133,387057,184595,2539009,2175520,314814,113963,241401,1512553.0,460577,432459,228271,981289,1075939,692037.0,844100,60748,433854,1951916,1021630,47670,1320304
2026-01-13,596528,204255,389494,2030956,2813998,409460,1205682,431975,1772338,559470,437966,5275099,1350449.0,6201921,940708.0,1906586.0,3418044,856251,870526,338154,163576,3667848,1820861,342206,169393,362923,872344.0,586469,537920,171188,1384945,1595981,1012764.0,1069870,59185,1126108,2455465,789612,150486,1691522
2026-01-14,667427,230326,650126,2789026,6375949,319742,1102022,305581,2445819,588594,746651,4982850,1491604.0,6816046,1257851.0,1929694.0,3210876,2827348,1699679,481182,181138,3476908,3140493,359194,128189,379813,665232.0,431586,836197,186138,2519379,1783626,1065318.0,1338665,82720,499455,4068225,939308,111258,1409665
2026-01-15,595382,211200,465516,2671419,3739598,282036,1034728,322493,3690976,294354,563025,6878289,1578770.0,5570390,1040765.0,2122396.0,3833238,1482515,1535097,457855,124556,3503510,2247947,395939,97340,276800,644469.0,507765,474561,219265,2533638,1654581,757590.0,878625,67976,302106,3448311,700603,70193,1057911
2026-01-16,531609,193032,488813,4195904,3408985,306918,999570,287223,3211189,547480,529158,5670947,1519297.0,8910627,1224685.0,3075776.0,4613549,1264522,689874,534758,102005,3361755,2284965,277074,111568,291113,893964.0,688300,694585,196525,2438841,2129166,654205.0,1082679,73391,409555,2361292,927874,99530,1878613
2026-01-19,1018920,280952,440116,2920793,8425272,242839,1691447,191405,3400134,401850,311816,8208400,1657818.0,5883425,914009.0,1292652.0,3020267,864702,456822,268450,93644,3181623,2827641,281975,91687,240678,1203000.0,1062753,396290,287594,1205081,1653220,729576.0,1164779,76715,306409,1856791,1205345,141730,790505
2026-01-20,572604,294339,587142,2268299,4341284,369023,1052952,314985,2075445,332386,647434,5181534,2414015.0,6831267,890301.0,2308564.0,4400927,1353587,1167104,549201,160327,3510550,2336944,651867,157772,385691,957172.0,732939,1371519,203121,1663378,2510708,677875.0,1517796,77181,315247,4117350,785549,105920,1652090
2026-01-21,494619,241143,585585,3259897,2865446,212645,786284,189966,2101042,823024,559165,5789521,2935125.0,8924930,1345889.0,2014621.0,2873132,888356,836852,356130,190205,3041771,2169093,303351,139170,379513,672403.0,628588,3606653,247607,1807957,2402017,1097005.0,1100860,93399,303143,2748156,921856,173453,1027947
2026-01-22,822758,266121,618576,3156857,3376723,305208,1153938,253772,3000877,326367,927908,5868636,2340252.0,7372081,1408800.0,3250624.0,3987222,1008982,889446,348829,258114,5157635,3303292,298052,145234,372968,629394.0,1037418,1233993,348717,2411401,3492201,881884.0,1197347,84727,487624,3340248,1956641,158512,926392
2026-01-23,1679325,268486,742516,2215814,2466738,390076,570520,209665,1541654,413519,545748,3378373,1969504.0,5658890,723439.0,3441070.0,3564106,0,557287,395739,153914,3435656,1773861,218684,97055,337909,477324.0,459774,894329,260828,1459870,2762755,1088934.0,1054256,91836,511444,2109603,897495,103333,2104464
2026-01-26,532166,253289,440808,2018515,4327681,206622,492958,158407,2390540,310123,377347,4616337,1105589.0,4722056,752291.0,2471366.0,3623467,746256,527931,298326,123419,2800873,1364803,183371,72380,306536,404902.0,492957,572036,171471,1212107,1659316,880867.0,793492,65090,294102,2621580,642626,50315,1259627
2026-01-27,635477,305252,354205,2196771,3380805,360937,787970,191021,3047221,289230,395989,7121149,1679284.0,6811924,915873.0,1906225.0,4222298,815792,994985,347927,129999,2545467,2587541,211216,167930,425343,481456.0,552432,660602,124829,1264858,1900259,814071.0,980251,50404,652132,2533200,618496,64904,1137325
2026-01-28,501467,534126,391058,1655404,3115288,356677,1415012,221100,3000340,542338,468128,11419185,1392893.0,8796428,1054349.0,2287454.0,3675248,831053,850531,337043,102786,6750235,1761238,257831,118226,319315,814616.0,447214,504376,138481,1132369,1635649,1292021.0,1032033,159581,327624,3755302,479594,189488,926495
2026-01-29,550894,231207,480158,1914989,3957432,459037,889569,233937,1935917,410546,403078,8426593,1362154.0,5545284,1154852.0,2789010.0,3749157,771727,855950,355022,107031,4704404,1954651,198114,121269,356843,454222.0,349768,531469,145137,2690935,15846791,948635.0,1570025,78799,438484,3079149,816377,98983,1343070
2026-01-30,1274886,232898,587919,2150871,3883389,392421,1005640,545994,2513396,420164,534048,8182935,2042990.0,9207929,936690.0,2113568.0,4554100,889065,886266,568401,152662,4181321,2511343,239267,111120,297276,540447.0,454309,501482,189865,1403429,5332696,1015966.0,1044904,104027,332397,2397385,834346,64321,890088
2026-02-02,694808,173752,492614,2470515,2452642,307595,689412,374024,3189922,258072,286661,8957484,2077905.0,8010647,621563.0,2314201.0,3244038,712822,568297,416635,184363,4393955,2220583,214467,88841,231603,664612.0,314035,544966,158761,1539894,2798987,1095776.0,734246,107178,435880,1811949,559583,65830,1009032
2026-02-03,720016,196273,457931,2408849,1886255,228280,667304,222349,2846213,165079,675751,6013989,2475486.0,6326875,1785252.0,2635038.0,3521507,1270256,701858,374953,131860,5851743,2550300,633058,79570,211816,1095128.0,437746,514740,131265,2022529,5539886,1205531.0,1274097,291333,397173,2296905,648876,59349,8486382
2026-02-04,529047,249752,639605,5854803,2594237,576054,1075701,1013620,2009442,618867,676896,10656969,4342081.0,12742372,1820473.0,2957593.0,3745181,895408,837389,589198,224334,7152025,3834681,333453,168825,319172,757296.0,565652,519673,193102,1584666,6228386,1252262.0,2794753,129285,752342,3844210,1028326,324311,2215991
2026-02-05,567453,305776,472638,4043332,2597134,404260,1295036,672154,3676045,415952,582884,7256266,1379426.0,9359571,997097.0,2813829.0,6117323,1439090,709986,612570,154448,5423902,3044391,381356,72165,285533,992644.0,702914,1173211,521791,2496472,5467507,3324694.0,1600201,114635,498572,2919150,1148888,162557,1339341
2026-02-06,489680,167270,343675,2663312,4242720,333076,907034,253880,2502991,222598,624510,4701994,1036490.0,5165639,1009710.0,1758747.0,3542667,1029840,670331,516187,82427,4653700,2153755,289318,74351,170388,1378508.0,817413,490425,358729,3240588,3765742,2027852.0,1044693,94594,315606,2110738,1103960,92037,1581059
2026-02-09,405707,246919,357871,1574235,3548190,183000,633336,216719,2088231,231179,424260,5747804,2174939.0,4986657,789068.0,1826278.0,2716366,995542,466313,281105,116768,3650822,2162150,257556,75526,222991,668604.0,351841,634644,155510,1079629,3621850,1909082.0,762572,89285,407184,2951875,517776,68478,1053744
2026-02-10,493574,206753,793199,4716171,0,247394,787965,556623,3644083,404752,457424,5827199,2381010.0,5759923,1079973.0,2651686.0,3218642,1176505,526296,411973,146570,3375535,2717061,314367,82437,353371,1051507.0,504037,497684,105754,1254433,3975433,2167465.0,1020012,121293,1070367,2650642,1002420,192604,1812903
2026-02-11,612664,260622,877380,3312291,2577972,235363,754306,536383,8862907,352787,644482,5913039,1484967.0,16007827,976151.0,3317520.0,3342774,974287,565540,681828,127596,2859282,2892756,231428,86417,313000,489560.0,409736,663414,136919,2282477,4581824,1553044.0,1540919,109619,504954,6574155,519322,235305,2562963
2026-02-12,547296,223525,605904,3993859,3822719,276544,1220037,467293,7176116,500924,592763,6456056,2768706.0,11036448,1397315.0,2618829.0,5191199,1162965,548122,406016,212770,3423451,5847985,257378,127709,227885,544727.0,466317,597751,125987,3167606,3882942,1104894.0,2511532,108526,552298,4033624,823824,154187,2040569
2026-02-13,592744,339138,572096,2604911,2383994,504657,866384,337024,6972380,428224,732621,10025694,2400973.0,11280322,806745.0,2514702.0,5990599,569751,611590,485187,110982,4961364,2501721,358386,198952,329749,524009.0,371754,505307,186600,6697617,3903966,1290620.0,1890442,122727,375944,3662407,681371,106656,1648550
2026-02-16,358746,192431,292498,1491683,1369649,308481,493722,247605,3378399,180917,328886,5354941,955792.0,7427360,602541.0,1062631.0,2637758,415240,397493,261112,86141,1502991,1475201,142446,100649,126315,260783.0,314885,274310,76805,2590723,2679506,1331878.0,2157528,63346,284984,3237569,489727,71777,1422534
2026-02-17,420952,221844,378303,1659289,6195647,259642,542196,260482,3027300,263324,258678,7920215,1228715.0,9207280,1075117.0,1618224.0,3931853,744677,637475,385788,161310,4202483,2032377,266691,104578,202584,249271.0,326881,766096,109060,1859315,3611161,851860.0,1623195,127445,253640,4575757,690201,57076,1692363
2026-02-18,490260,177020,414723,3246711,12902807,192718,749983,551175,3599761,157817,385932,4102106,1386285.0,7951801,966300.0,2145847.0,3264720,796031,794854,348405,147757,4932313,1784592,173525,127975,252121,317628.0,379390,693181,225262,1917502,1941388,678703.0,1454344,134089,310569,3975723,625085,73773,2004686
2026-02-19,506507,852736,487592,3294038,3963565,201870,736113,324679,2579452,209533,315226,5821731,1815962.0,5871169,955808.0,1482826.0,6220459,540416,591547,349627,111663,4481229,2098591,167077,111302,252173,402139.0,333894,479900,182098,1765920,1995824,1010901.0,1102046,107094,420214,3187148,1073408,55482,1035814
2026-02-20,779519,436601,653381,2943813,5902348,306463,1200054,383863,3027215,274639,706503,6363419,1983070.0,5251627,1068999.0,1903642.0,4091011,773229,719791,302301,123532,3318652,2979441,203168,118228,293528,893498.0,766015,527515,187149,2425016,2424609,1502259.0,1163644,126914,380629,2925903,883691,68117,1575483
2026-02-23,711587,316507,386318,1655783,3668331,223557,1019558,326696,3387333,492529,444817,4661405,1417768.0,4913279,812519.0,1453415.0,5057507,761181,778711,334786,110721,3465178,1960011,186294,104646,199057,761838.0,481922,457001,145344,1109453,2863777,1199885.0,964528,130369,286395,2188021,916336,41241,1487370
2026-02-24,671930,253227,386456,1650134,3159845,366617,569816,274774,3106694,443089,369564,5096065,1764630.0,6430398,730437.0,1650052.0,4978722,2697584,1134258,337665,134188,4026759,1982969,262385,536525,238289,712492.0,321929,473691,136216,1703742,4602328,1015808.0,1215909,84023,425090,4775735,500743,70793,1210846
2026-02-25,564134,196109,455837,1640359,2682802,548452,661032,282587,3308013,370557,333797,3371591,1039109.0,6076112,684736.0,1965323.0,7439917,1126251,1631273,376937,88096,3735084,1548145,279413,0,0,411145.0,264098,438364,189437,2480762,2555619,789182.0,990407,108596,473963,2636255,597278,67153,1295802
2026-02-26,602345,248911,634391,3191933,2256333,243233,579291,202812,3138741,315990,361450,3399319,1197721.0,8208179,717546.0,1868026.0,5164608,1022519,826154,321326,123520,5079067,1471648,189791,274547,505662,462612.0,294490,419501,121020,1824410,2727344,950967.0,1079343,85655,312274,2495606,561327,128394,1678951
2026-02-27,1259366,214257,1282600,5423469,3274022,321539,1063829,499109,3968098,535595,638941,9227739,4848344.0,17767361,1885636.0,2312164.0,5035265,987370,1057637,574266,168778,5775937,4004431,356667,734093,484914,650852.0,472378,766093,267841,2499764,2673448,1264776.0,1113192,92693,917250,5833437,1067143,96018,1654352
2026-03-02,954135,389800,917911,5007455,3604283,411396,1569515,390093,3940637,422447,703185,8788127,2628371.0,8251566,1408228.0,2222738.0,5525107,977708,934821,522619,167387,4251856,3150830,251148,183711,354963,755275.0,674208,434187,348276,2465475,2776438,1542143.0,1426889,95090,688818,4862155,1648944,144118,2183947
2026-03-03,1285406,523212,1303489,6236071,7245401,2669596,1550495,500378,5547444,644599,1289402,11929543,3132870.0,9707663,1383718.0,3871118.0,6900626,1495957,1149375,781616,191999,6868809,3303930,351520,246888,465642,989394.0,712846,778722,250898,3947893,3971985,1499270.0,2435867,110583,616901,5224422,1346234,207653,2508610
